# expected_volume_mL=98.33,sensor_cal_factor=0.00052587,source_duration_s=25.00
time_s,mass_g,filt_mass_g,filt_inflow_g_s,kz_flow_g_s,cum_volume_g,cum_volume_mL,zone,is_roi
0.0,0.09539281800000055,0.0950601620326733,0.004544838983181924,0.5054008909656921,1.8437622876950752e-05,1.8470870443749503e-05,empty,0
0.005579948425292969,0.25262794800000066,0.07023568057649408,0.0020636890789686524,0.506407278897797,3.62062218052274e-05,3.627151052417091e-05,empty,0
0.03535580635070801,-0.1254725819999969,0.04643675507320118,-0.0008701987706265811,0.5074565503266479,-5.640450001544084e-05,-5.6506211195592906e-05,empty,0
0.07278585433959961,0.07909084800000343,0.02440083898142953,-0.004078270536607705,0.5085490501692004,-0.00027138021172191457,-0.0002718695769604434,empty,0
0.11051011085510254,-0.0024190019999963397,0.004733627200363828,-0.007318943434627416,0.5096850771515627,-0.0002796485912152552,-0.00028015286637472975,empty,0
0.1114497184753418,-0.23327593199999797,-0.012129069192464512,-0.010280699895713395,0.5108647963474765,-0.0007086362709287661,-0.0007099141163381748,empty,0
0.14897775650024414,0.1974115980000022,-0.025944042193019337,-0.012581549360634567,0.5120881542126854,-0.0012052537859481582,-0.0012074271548268465,empty,0
0.1866598129272461,-0.06394579199999839,-0.0366660462865952,-0.013776752818623856,0.5133548009453791,-0.0012368455361369453,-0.0012390758727078193,empty,0
0.18898677825927734,-0.026609021999998816,-0.044436664827524355,-0.0133759939403577,0.5146640249252081,-0.002121033600221974,-0.0021248583452434123,empty,0
0.2619209289550781,-0.15702478199999703,-0.04955904040751329,-0.010870207753903929,0.5160147035160665,-0.0021268645714749945,-0.0021306998311711027,empty,0
0.2626218795776367,-0.18174067199999655,-0.05246031202174564,-0.005767116089925144,0.517405273691949,-0.0021888030789908373,-0.002192750029043115,empty,0
0.29905200004577637,0.08277193800000049,-0.05364300974794044,0.0023667151733258148,0.5188337248313922,-0.0018871217742357877,-0.0018905247187295008,empty,0
0.33623385429382324,0.04333168800000209,-0.05362834136659838,0.01386062533220568,0.5202976147222939,-0.0010664383049631496,-0.0010683613554028748,empty,0
0.37462282180786133,-0.11916214199999686,-0.05289764487811538,0.02889558940436052,0.5217941084357686,-0.001010691870463463,-0.0010125143963769414,empty,0
0.3760828971862793,-0.04185925199999829,-0.05184015374886048,0.04746544691431151,0.5233200383749326,0.0010386847304550285,0.001040557734376907,empty,0
0.41117095947265625,-0.007677701999998732,-0.0507139890014536,0.06934787746890289,0.5248719825810849,0.0040757369455850755,0.004083086501287393,empty,0
0.4483358860015869,-0.046066211999999496,-0.0496245672811981,0.09408859335344001,0.5264463573668334,0.004201684067805383,0.004209260737132221,empty,0
0.4495069980621338,0.027029718000001424,-0.04852250050618571,0.12100119431639789,0.5280395196022171,0.00909700393451816,0.009113408069042437,empty,0
0.48574376106262207,-0.09234277199999852,-0.047221584133184974,0.14918407949775675,0.5296478735401903,0.015114241878255061,0.015141496572084814,empty,0
0.522575855255127,0.030184938000001438,-0.04543562666428687,0.17755476474430507,0.5312679769413791,0.022646128267791988,0.02268696480443998,empty,0
0.5619628429412842,-0.10391191199999739,-0.04283049032347765,0.20490080406194056,0.53289664143085,0.022846999282234846,0.022888198038704514,empty,0
0.5628867149353027,0.058581918000001565,-0.03908537397941535,0.22994518270540565,0.5345310224584918,0.031565562717175914,0.03162248318691236,empty,0
0.5991108417510986,-0.0681527519999996,-0.033955469377321496,0.2514225796854466,0.536168694893064,0.04126054080590237,0.0413349437045706,empty,0
0.6364290714263916,-0.2821818419999964,-0.02732664095959243,0.2681614505905205,0.5378077111051047,0.041597930350785475,0.04167294164574782,empty,0
0.6376619338989258,-0.09234277199999852,-0.019252104942423354,0.2791656883231867,0.5394466393315067,0.05184130286556772,0.051934785479430694,empty,0
0.6740598678588867,0.03439189800000264,-0.00996280326413396,0.28368892458150896,0.54108458111161,0.0623861557385341,0.062498653314500205,empty,0
0.7113878726959229,0.09802216800000352,0.00015131143911441386,0.2812945466220727,0.5427211675895954,0.0727888407405263,0.07292009691497325,empty,0
0.748997688293457,-0.031867721999997656,0.01058412420655072,0.2718953500427882,0.5443565354406885,0.07318122607532435,0.07331318981699494,empty,0
0.7504849433898926,0.2410588080000018,0.02076963363507856,0.2557684458163829,0.5459912840521917,0.08199689356256604,0.08214475411998201,empty,0
0.786517858505249,-0.06867862199999664,0.030140021000620087,0.23354347685315713,0.5476264163346029,0.09021352300926065,0.09037620016956588,empty,0
0.8238909244537354,-0.040807511999997104,0.038177100441229225,0.20616513351454044,0.5492632661252241,0.09046023705850244,0.09062335910489125,empty,0
0.825186014175415,0.10696195800000297,0.044453454989917277,0.1748340283378279,0.5509034155655325,0.09626622811261637,0.0964398197882352,empty,0
0.8619599342346191,-0.040807511999997104,0.048663020464982304,0.14093274576548157,0.5525486060902401,0.10071125052141491,0.1008928576652123,empty,0
0.8979697227478027,0.16796287800000087,0.05064158657497229,0.10594581655493658,0.5542006467789355,0.10420108511049381,0.10438898528400502,empty,0
0.9373297691345215,0.14114350800000253,0.050376452318424136,0.0713829678062762,0.5558613238122445,0.10421445904058642,0.10440238333058147,empty,0
0.937572717666626,-0.09286864199999911,0.0480035878100565,0.03871384962873992,0.5575323146593368,0.10509041887531735,0.10527992273624259,empty,0
0.9740457534790039,0.14114350800000253,0.04379165954774982,0.009319433876202182,0.5592151104064075,0.10497436008996851,0.10516365466837158,empty,0
1.0113658905029297,0.009150138000002528,0.03811469574825552,-0.015539067275427589,0.5609109493088953,0.10493522302721126,0.10512444703186861,empty,0
1.012922763824463,-0.020824451999999383,0.03141730389059235,-0.03473742242471667,0.5626207641995886,0.1034494578659634,0.10363600267077079,empty,0
1.049144983291626,0.15008329800000197,0.024177224729698153,-0.04729869701267743,0.5643451457989235,0.10155274424395476,0.10173586880780881,empty,0
1.0871920585632324,-0.18489589199999656,0.016870021718892726,-0.0524048207199519,0.5660843232540427,0.09968769620045718,0.09986745762418071,empty,0
1.1238257884979248,-0.05816122199999896,0.009940404142029438,-0.049416536090966794,0.5678381624012117,0.09957557377520015,0.09975513301462649,empty,0
1.1263937950134277,0.0727804080000034,0.003783627371964901,-0.03790600345880416,0.569606181345513,0.09862302924382982,0.09880087081129015,empty,0
1.1606528759002686,0.09749629800000292,-0.001262295070883163,-0.017702291142946986,0.5713875820427111,0.09849703030822178,0.09867464466862531,empty,0
1.1985599994659424,0.0075725280000007444,-0.004916693725358214,0.011054520288492685,0.5731812957191573,0.09850500848670309,0.0986826372337238,empty,0
1.1988308429718018,-0.026609021999998816,-0.0069542719282750225,0.04785904646650904,0.5749860392434274,0.10112775784454138,0.10131011605343757,empty,0
1.2363908290863037,0.11379826800000359,-0.007205815768022886,0.09179752048976278,0.5768003790253043,0.10549467856971957,0.10568491141025804,empty,0
1.2738227844238281,-0.09812734199999795,-0.0055630109693487265,0.14152829355343158,0.5786227987054012,0.10553559412844443,0.10572590074979406,empty,0
1.2740657329559326,-0.04291099199999948,-0.0019851903427689547,0.1952966164012604,0.5804517668345089,0.11369351512293893,0.11389853248140547,empty,0
1.3106248378753662,-0.2211809219999985,0.00349662178398377,0.2509900753802999,0.582285800927136,0.12399186530397778,0.12421545311959305,empty,0
1.3475878238677979,0.09697042800000233,0.010783214637175765,0.3062349379423511,0.5841235246898474,0.13683071979276798,0.13707745921936285,empty,0
1.3862147331237793,0.15954895800000202,0.019719999884426683,0.35852725691547704,0.5859637158350067,0.13724488663572953,0.13749237290696206,empty,0
1.3872990608215332,0.16323004800000263,0.030115444679085904,0.4053872752309502,0.5878053426432338,0.15272766018260603,0.1530030657008676,empty,0
1.4237329959869385,-0.052902521999996566,0.04175750866288144,0.4445222103399469,0.589647588272591,0.1697580474810123,0.17006416297436616,empty,0
1.4608159065246582,-0.003996611999998123,0.05442142609304923,0.47398105984341304,0.5914898626643351,0.17037891057962462,0.17068614564177984,empty,0
1.4621009826660156,0.0648923580000016,0.06786702024119746,0.49228557390873384,0.5933318027003899,0.18871924904107848,0.18905955624231466,empty,0
1.499121904373169,0.19793746800000278,0.08182804533812932,0.4985238179552224,0.5951732619692354,0.20720091392988227,0.20757454811649195,empty,0
1.536423921585083,0.20687725800000223,0.09599719709920226,0.4923965810038365,0.5970142920481715,0.22649826769402637,0.22690669975358282,empty,0
1.5763518810272217,-0.13651585199999872,0.11001014251455665,0.47421198270745046,0.5988551175784156,0.22656071592255486,0.2269692605916198,empty,0
1.5764877796173096,0.07646149800000046,0.12343297383898767,0.4448296127662152,0.6006961075789173,0.24230236153292167,0.24273929225898785,empty,0
1.6135098934173584,0.2631453480000019,0.135759376451121,0.40556189623217503,0.6025377454155015,0.2557850620609461,0.2562463054106853,empty,0
1.6488230228424072,-0.011884661999996382,0.14642354623827253,0.3580464696953528,0.6043805996303753,0.256210127082073,0.2566721369285444,empty,0
1.6501069068908691,-0.007151831999998137,0.15483157731579403,0.3041083746399424,0.6062252974734268,0.2661727950573419,0.2666527700434201,empty,0
1.6863517761230469,-0.04974730199999655,0.16040934112582955,0.2456338750257929,0.6080725025021158,0.2742081395084674,0.2747026041960202,empty,0
1.7237157821655273,0.9636041880000015,0.16265937584782159,0.1844776307902486,0.6099228970788443,0.2799981050133333,0.28050301043211107,empty,0
1.7614479064941406,0.4940022780000035,0.16121323050305764,0.12242083347009343,0.6117771700436475,0.28011516225979366,0.2806202787615645,empty,0
1.7627229690551758,-0.19225807199999778,0.15586401018078774,0.06118936737427829,0.6136360093238474,0.28157720800999847,0.28208496093968993,empty,0
1.8086137771606445,-0.5703586019999989,0.14657314583051165,0.0025290900058851005,0.6155000988028826,0.2809030654748811,0.28140960275984883,empty,0
1.8360466957092285,0.06331474800000336,0.13346192779553828,-0.05167752705048767,0.6173701184401851,0.280812116159392,0.2813184894403847,empty,0
1.8372516632080078,0.6370389180000018,0.11680673744355344,-0.09927976529340855,0.6192467464332169,0.2764570123882807,0.2769555323465044,empty,0
1.873999834060669,0.4282685280000038,0.09704789487636337,-0.13774448217581922,0.6211306621490531,0.27082035950159183,0.2713087151889319,empty,0
1.911348819732666,-0.1296795419999981,0.07480577243045813,-0.16409251742521663,0.6230225486207471,0.26396122357234025,0.2644372105513327,empty,0
1.951814889907837,-0.737059391999999,0.050891741330044156,-0.17491425538763644,0.6249230935861747,0.2639241885571147,0.26440010875286984,empty,0
1.9520318508148193,0.466657038000001,0.026308219741445045,-0.1664837940645159,0.6268329883181211,0.2587611772576089,0.25922778727470336,empty,0
1.9862849712371826,0.5734086480000009,0.002237971501387676,-0.13497845146771645,0.630078684155681,0.25478747599063184,0.25524692044743724,empty,0
2.023812770843506,-0.067626881999999,-0.019981056648784534,-0.07679529006055132,0.6333463830431458,0.2547446818236981,0.2552040491120999,empty,0
2.0251147747039795,-0.38367475199999745,-0.038904344486072245,0.011059437452249618,0.63663717006693,0.257303584216273,0.25776756583477556,empty,0
2.061255931854248,-0.24747442199999625,-0.05305714988306552,0.13054656491980512,0.6399521111652706,0.2650391940319842,0.26551712485672635,empty,0
2.098740816116333,0.5197699080000007,-0.061031818657116925,0.2821856586413393,0.643292225308356,0.27908960760291285,0.2795928747775124,empty,0
2.136363983154297,0.05647843800000274,-0.06159353241392342,0.4647165655521187,0.6466584562450491,0.2797756537385223,0.28028015802296363,empty,0
2.1375679969787598,-0.8296125119999971,-0.05378297625639654,0.6748818703969253,0.6500516460353677,0.3086136056201305,0.3091701118214091,empty,0
2.1740198135375977,-0.10338604199999679,-0.03700428262773897,0.9073685963286512,0.6534725125827469,0.3471227492510416,0.34774869690547144,empty,0
2.2113656997680664,0.604960848000001,-0.011084517057477131,1.1549278179678872,0.6569216331914742,0.34848941275112827,0.34911782483583276,empty,0
2.2124319076538086,-0.038178161999997684,0.023705900689201486,1.4086688658726871,0.6603994358114557,0.4042002207057697,0.40492909307330166,empty,0
2.2487590312957764,-0.3384499319999996,0.06667424847248192,1.6585053207606963,0.6639061991196105,0.47087152790104664,0.47172062502609363,empty,0
2.286296844482422,-0.40208020199999694,0.116765948641623,1.8937158416055755,0.6674420619646608,0.5457609687614683,0.5467451099593952,empty,0
2.3237669467926025,0.18952354800000037,0.17266243685653873,2.1035745976080977,0.6710070420209836,0.548635321878032,0.5496246462412663,empty,0
2.3250789642333984,0.8358177780000027,0.23290883380977978,2.278003005232409,0.674601062814365,0.6334394251211652,0.634581672131001,empty,0
2.361272096633911,1.239160068000004,0.2960484759308585,2.408195597568381,0.6782239876548268,0.7236237702152443,0.724928641770431,empty,0
2.3981168270111084,0.09223759800000053,0.36072917416272676,2.487177182789538,0.681875658490958,0.7268175342453024,0.7281281649421983,empty,0
2.399394989013672,-0.25325899199999924,0.42575329518821503,2.5102551045930555,0.6855559373287662,0.8187566787788941,0.8202330983559348,empty,0
2.436276912689209,0.4687605180000034,0.4900695632781452,2.4753386698755344,0.6892647476656858,0.9107175876247334,0.9123598353283244,empty,0
2.474133014678955,0.7217039880000016,0.5527288936438143,2.3831070766383746,0.6930021133920333,0.9163171819226108,0.9179695270713393,empty,0
2.4765570163726807,0.7916446980000025,0.6128318851721529,2.2370170036142936,0.6967681928072571,0.989349271717529,0.9911333116785503,empty,0
2.5106828212738037,0.2873353680000008,0.6694850141199925,2.043151039690362,0.7005633057703192,1.0679483875461162,1.069874161035981,empty,0
2.551481008529663,0.7905929580000013,0.7217717177236659,1.8099179869144404,0.7043879525210418,1.126157998017194,1.1281887377451354,empty,0
2.5861549377441406,1.3485410280000032,0.7687409377861504,1.5476253772090165,0.7082428233273523,1.1277079977412818,1.1297415324997815,empty,0
2.5872559547424316,0.6117971580000017,0.8094159515704629,1.2679528136701732,0.7121287987766232,1.1674729644565516,1.1695782052259582,empty,0
2.622581958770752,-0.16806805199999886,0.8428281553455355,0.9833613561063381,0.7160469411758837,1.2001500969983734,1.2023142626711816,empty,0
2.661256790161133,0.7664029380000024,0.8680838323592176,0.7064783337933368,0.7199984780933459,1.2007379649765615,1.2029031907198573,empty,0
2.66227388381958,1.4537150280000013,0.884470243434353,0.4494977620277671,0.7239847795072657,1.2130205871931026,1.2152079615238456,empty,0
2.698767900466919,1.436361318000003,0.8915928551463594,0.22363297801845405,0.7280073302883371,1.2179685428832796,1.22016483959455,empty,0
2.7364978790283203,0.8973445680000012,0.8895153972304772,0.038649476350012084,0.7320676998126715,1.216862631300827,1.219056933781634,empty,0
2.7740769386291504,0.3330860580000028,0.8788673500588895,-0.0975073399687276,0.7361675103952146,1.216621949801468,1.218815818274362,empty,0
2.77581787109375,0.8205675480000032,0.8608958050754008,-0.1789898869518192,0.7403084059842387,1.2094307499851387,1.211611650956861,empty,0
2.8135437965393066,1.3269803580000037,0.8374561457025417,-0.20224395854825788,0.7444920222193735,1.2024421344059315,1.2046104331856657,empty,0
2.8514859676361084,1.2717640080000017,0.8109430663645996,-0.16613852338073232,0.748719958588602,1.20242989694334,1.2045981736559208,empty,0
2.851588726043701,0.40355263800000074,0.7841621379964667,-0.0720407726636039,0.7529937530809767,1.2025014525068596,1.2046698582517128,empty,0
2.88628888130188,0.30521494800000326,0.7601455247069207,0.076164994182916,0.7573148594678735,1.2088935511008425,1.2110734833709103,empty,0
2.9229938983917236,1.1828919780000007,0.7419270529655543,0.27213063953586814,0.7616846271859179,1.2238426755701246,1.2260495647867409,empty,0
2.961358070373535,1.024605108000003,0.7323013194038186,0.5071967222729341,0.7661042837485075,1.2246692401660317,1.226877619881819,empty,0
2.9626517295837402,0.2678781780000037,0.7335918184234302,0.7706739710083325,0.7705749196682293,1.2575075382262049,1.2597751334664444,empty,0
2.9987189769744873,0.36831934800000354,0.7474500585106797,1.0502744204454442,0.7750974759989961,1.3024346471272743,1.304783256989856,empty,0
3.036425828933716,0.9189052380000007,0.7747073790059386,1.3326934788450042,0.779672734761571,1.3044275257409554,1.306779729253612,empty,0
3.037782907485962,1.0330190280000018,0.8152990045650851,1.604319430809702,0.7843013126535806,1.3670010132056376,1.3694660520994166,empty,0
3.073990821838379,0.7464198780000011,0.868270577215808,1.8520236689692606,0.7889836585271561,1.4400732285395932,1.4426700346018766,empty,0
3.1113107204437256,0.28312840800000316,0.9318659953902972,2.063968499535009,0.7937200551221336,1.5206137319909225,1.5233557723812088,empty,0
3.1488208770751953,0.7947999180000025,1.0036882547627786,2.2303619263613514,0.7985106254672113,1.5236467863483953,1.5263942960813417,empty,0
3.150146961212158,1.5189229080000004,1.0809182714732088,2.3440904374522784,0.8033553442180265,1.6092674210938425,1.6121693258804273,empty,0
3.1862337589263916,2.4554973780000005,1.160563529818251,2.4011704429098755,0.8082540540111047,1.699492896559101,1.7025575000592075,empty,0
3.223810911178589,1.2223322280000026,1.2396947516939831,2.400975012909374,0.8132064866994876,1.7024220410350126,1.7054919265027175,empty,0
3.2250449657440186,0.6181075980000017,1.3156317442710632,2.3462129283170685,0.8182122891202609,1.7856295336404477,1.7888494626732596,empty,0
3.261309862136841,0.7217039880000016,1.3860656499450494,2.2426595561996154,0.8232710528412069,1.86695560639104,1.8703221863264277,empty,0
3.2987759113311768,1.6866754380000017,1.449135882295551,2.098661426365414,0.8283823471516719,1.9425097327002936,1.9460125552998333,empty,0
3.3363358974456787,1.909118448000001,1.5034902834216535,1.9244564778279623,0.8335457544034636,1.9445458287537818,1.948052322935065,empty,0
3.337449789047241,1.3038420780000024,1.5483420697183625,1.7313679320735038,0.8387609066686837,2.0042688085483475,2.0078829979446478,empty,0
3.374063730239868,1.393765848000001,1.583516247370804,1.5309402406720314,0.844027522558774,2.0578223372558364,2.061533096830131,empty,0
3.4114480018615723,2.2577702580000008,1.6094686938815796,1.334089697554576,0.8493454429402831,2.0594918310914703,2.063205601173583,empty,0
3.4127919673919678,1.8775662480000008,1.627262657535405,1.1503398475134168,0.8547146641896546,2.097194764774715,2.100976522515243,empty,0
3.448068857192993,1.1250462780000028,1.6384934674649725,0.9872031102645151,0.8601353675588922,2.132688557545498,2.136534319320275,empty,0
3.48671293258667,1.239160068000004,1.6451619169462874,0.8497559790240152,0.8656079431887677,2.1622780711396263,2.1661771900817737,empty,0
3.523927927017212,1.9191099780000016,1.6495078919506276,0.7404371163614505,0.8711330073225473,2.163066700787462,2.166967241822743,empty,0
3.525054931640625,2.402384508000001,1.6538196768531508,0.6590773691198735,0.8767114113586931,2.1858668524136275,2.189808507727537,empty,0
3.5611817836761475,1.8191946780000023,1.6602285977803721,0.6031500512901307,0.8823442415517245,2.2078792421885054,2.2118605912527602,empty,0
3.5987660884857178,1.1224169280000034,1.670495342857528,0.568210700832796,0.8880328084382303,2.2085837124993315,2.212566331896746,empty,0
3.6000277996063232,1.1145288780000016,1.6858045254444882,0.5484796402777731,0.8937786254350982,2.2283226067245163,2.232340820200878,empty,0
3.6363797187805176,1.8765145080000032,1.7066004619421007,0.5375094724619628,0.8995833765267637,2.248458735101239,2.25251325896738,empty,0
3.674144983291626,1.9317308580000017,1.7325017710169852,0.528874075350854,0.9054488735168651,2.249203679275738,2.2532595464593648,empty,0
3.675569772720337,1.2759709680000029,1.7623193808146616,0.5168161290931292,0.9113770039483002,2.268309883946325,2.2724002043140903,empty,0
3.713268995285034,1.0714075380000025,1.794182931487489,0.49679653296101056,0.9173696714669762,2.285381369092729,2.2895024735451104,empty,0
3.748734951019287,2.2635548280000037,1.825764233615632,0.46590049820436175,0.9234287310807741,2.302055783213014,2.3062069557333342,empty,1
3.7862489223480225,2.9414012580000026,1.8545707438085741,0.42307038542549236,0.9295559223960327,2.3024514883666543,2.3066033744406473,empty,1
3.787247896194458,1.8859801680000032,1.8782650843646376,0.36915286456648905,0.9357528044363377,2.3147971499947673,2.3189712983317645,empty,1
3.823777914047241,1.3606360380000027,1.8949599063780467,0.3067658649488424,0.9420206959924545,2.32480527826494,2.328997473717632,empty,1
3.8603858947753906,1.2665053080000028,1.9034510510685179,0.24000716492641486,0.9483606255510142,2.325032622230547,2.3292252276402996,empty,1
3.8614840507507324,2.6122066380000035,1.9033748331232374,0.17403960203890811,0.9547732946520116,2.330411328769458,2.334613633309415,empty,1
3.8987538814544678,2.403436248000002,1.8952854924347524,0.11459635027692647,0.9612590580067959,2.3338343099658676,2.338042786982436,empty,1
3.93635892868042,2.045318778000002,1.8806427813112006,0.0674526803142255,0.9678179228769095,2.335819154543829,2.3400312107231307,empty,1
3.9740359783172607,1.5325955280000017,1.8616955956757566,0.037908254105680966,0.9744288961010548,2.335870727027788,2.3400828762049573,empty,1
3.9755477905273438,1.725589818000003,1.8412596193454296,0.03031779092183481,0.9810910050195957,2.337363100813308,2.341577941107301,empty,1
4.013804912567139,2.6127325080000006,1.8224079528934385,0.04770029857101709,0.9878030757238871,2.3400265893530765,2.3442462325717055,empty,1
4.052087068557739,1.8076255380000035,1.8081090853213204,0.09145009517496469,0.9945638255771249,2.340067876088602,2.3442875937573655,empty,1
4.0524139404296875,1.3327649280000031,1.8008547349145758,0.16116714765824397,1.0013719698466323,2.3471162949702786,2.3513487226710867,empty,1
4.086318016052246,0.7958516580000037,1.802328937114797,0.2546187867611977,1.0082263365981963,2.358787031604784,2.3630405045129073,empty,1
4.123816967010498,1.7450470080000038,1.8131777574921524,0.367837913294157,1.0151259830743182,2.3750046526724855,2.3792873699383748,empty,1
4.1613929271698,2.1021127380000024,1.8329326113163225,0.4953533930063418,1.0220703063289005,2.3756926470272486,2.3799766049160977,empty,1
4.162615060806274,1.2286426680000027,1.860112978722424,0.6305371548514304,1.029059140977862,2.4008643725965784,2.4051937212949093,empty,1
4.198662757873535,0.8526456180000004,1.8924975382453189,0.7660416902471818,1.0360928375524752,2.432265549278763,2.4366515220183964,empty,1
4.236487865447998,2.9987210880000035,1.9275197516942078,0.8942933991041345,1.0431723160607227,2.4330721750382422,2.4374596023224226,empty,1
4.237335920333862,3.5240652180000005,1.9627157194013223,1.0080027209336695,1.050299090877422,2.4723333326709223,2.4767915574743764,empty,1
4.274574041366577,2.6127325080000006,1.9961304685507686,1.1006513434423517,1.0574752648695358,2.515295658787659,2.519831355227068,empty,1
4.312466859817505,1.2922729380000035,2.026591109213879,1.1669195511520523,1.0647034925746615,2.561926846911518,2.566546630847043,empty,1
4.351819038391113,1.1371412880000022,2.0537945232027854,1.2030223333428538,1.0719869141404506,2.562520960093194,2.5671418153608436,empty,1
4.352312088012695,3.041316558000002,2.0782138723628565,1.2069305625535511,1.0793290634627384,2.602357951974126,2.607050643131763,empty,1
4.3857128620147705,2.7336826080000023,2.1008651168199304,1.1784627746461587,1.086733755413535,2.64620869050717,2.650980455326758,empty,1
4.423882007598877,2.3639959980000036,2.1229807976501927,1.1192432841084436,1.0942049581400926,2.647642847575687,2.6524171985330462,empty,1
4.425215005874634,0.9825355080000016,2.145637529391521,1.0325330453885158,1.1017466570924692,2.7191137534133754,2.7240169839845474,empty,1
4.498312950134277,1.3606360380000027,2.169397147803032,0.9229502875989105,1.1093627176875374,2.7200049839823275,2.724909821661318,empty,1
4.49934983253479,2.431833228000002,2.1940380922272498,0.7961078592296785,1.1170567533652251,2.7470319080140233,2.75198548188141,empty,1
4.536517858505249,1.7718663780000021,2.2184476162737736,0.6582025770133787,1.1248320052873175,2.7471621808719826,2.7521159896533587,empty,1
4.536739826202393,1.6872013080000023,2.24071129614287,0.5155975717084058,1.1326912391340171,2.7632843003392216,2.7682671812654993,empty,1
4.572967767715454,1.9296273780000028,2.2583915900644977,0.3744402716742368,1.1406366634366132,2.774871700561126,2.7798754764186797,empty,1
4.610662937164307,2.9051162280000007,2.2689471458188213,0.24035469496609263,1.1486698727126141,2.775015673589605,2.780019709065924,empty,1
4.611465930938721,3.6997057980000037,2.2702115517226855,0.11823595185241956,1.156791817407251,2.7773764401441214,2.7823847326629148,empty,1
4.6476757526397705,3.0250145880000012,2.260829187897055,0.012157761433806064,1.1650028013565645,2.7762038389796677,2.7812100170102863,empty,1
4.685223817825317,1.6730028180000005,2.240552082200283,-0.07461643453236953,1.1733025062356872,2.772156154750768,2.777155033811629,empty,1
4.723023891448975,1.7934270480000016,2.210342772346427,-0.1395463350536858,1.1816900413004072,2.772002117708424,2.7770007190026287,empty,1
4.723985910415649,1.9149030180000004,2.172285564818453,-0.18069068246848144,1.1901640157184128,2.765173003884418,2.7701592906075114,empty,1
4.760187864303589,2.742096528000001,2.129349476987635,-0.19658806028362988,1.1987226299493945,2.757938326564855,2.76291156738615,empty,1
4.797989845275879,2.5217569980000007,2.0850551132230732,-0.1861790399308394,1.2073637819810727,2.7577813940290916,2.7627543518624442,empty,1
4.798926830291748,1.5304920480000028,2.043089103556565,-0.1487943760906437,1.2160851837553828,2.7534826684790255,2.7584478746534016,empty,1
4.8358237743377686,1.4836896180000032,2.0069066466262497,-0.08421817609819646,1.2248844828121206,2.7520402057070625,2.7570028107664424,empty,1
4.873272895812988,1.8397036080000007,1.9793701459650084,0.007182309026265895,1.2337593840258523,2.7520998223696607,2.7570625349325395,empty,1
4.874179840087891,2.215700658000003,1.9624757120319338,0.1242847816166703,1.242707766316012,2.759110082567164,2.7640854363525986,empty,1
4.9101927280426025,1.350644508000002,1.9572080015544322,0.26503474234481184,1.2517277893829541,2.772060652995603,2.7770593598433213,empty,1
4.947657823562622,0.9809578980000033,1.9635420757991326,0.42630583739660827,1.2608179858865645,2.7916751883275515,2.7967092650045595,empty,1
4.98573899269104,1.7198052480000037,1.9805871009891334,0.6038377102347185,1.2699773350611638,2.792195948187491,2.797230963922552,empty,1
4.986485004425049,4.697807058000002,2.0068392769411023,0.7922793646040436,1.279205314561164,2.82420468150263,2.8292974168529654,empty,1
5.022497892379761,2.428678008000002,2.0404807694383136,0.9853472092709074,1.288501928343819,2.8653227991615524,2.8704896805866085,empty,1
5.060544967651367,0.6128488980000029,2.0796475947229647,1.1760866126664078,1.2978677095782778,2.866750015514963,2.8719194705619744,empty,1
5.061671733856201,1.5020950680000027,2.1226134941263908,1.3572097309536082,1.3073036988581619,2.920135294212771,2.925401016041646,empty,1
5.098761796951294,3.4094255580000024,2.167883802354016,1.5214738971080253,1.316811399304319,2.979984353846866,2.9853579982437046,empty,1
5.1363608837127686,3.2847943680000036,2.2142224535410824,1.6620640443197627,1.3263927113832013,3.0450122568859768,3.0505031625786185,empty,1
5.174222707748413,1.218651138000002,2.2606348249274113,1.7729475905075012,1.336049851344308,3.0473901303588655,3.052885323941961,empty,1
5.175535678863525,0.11590174800000241,2.30632735004652,1.8491785103934395,1.3457852580176648,3.1141587852590353,3.1197743791414903,empty,1
5.211276054382324,2.3808238380000013,2.3506767801065633,1.8871367314568197,1.3556014932477585,3.185032928476965,3.19077632586352,empty,1
5.248856782913208,3.991563648000003,2.393241141486386,1.8846977160678207,1.365501141435399,3.1868642726453205,3.1926109723956326,empty,1
5.249839782714844,3.6513257580000023,2.433807818644948,1.8413338971798565,1.375486713501867,3.252490519528668,3.2583555595358327,empty,1
5.286303997039795,2.2751239680000026,2.472428093277225,1.7581538799881191,1.385560560095912,3.315408667950117,3.3213871648468416,empty,1
5.323357820510864,1.5962257980000025,2.5093800185409103,1.6378869345623264,1.395724798075005,3.374751055918839,3.380836561729953,empty,1
5.361364841461182,2.850425748000003,2.5450413572039317,1.4848196856852514,1.405981253270993,3.376390123116576,3.3824785845688,empty,1
5.362540006637573,3.3789250980000034,2.5797032729716114,1.304689790369133,1.4163314213769616,3.4202668975766057,3.426434479639958,empty,1
5.398963928222656,1.5041985480000015,2.6133791739194736,1.1045386809550053,1.426776447556352,3.4597229105851026,3.4659616415398746,empty,1
5.438477993011475,1.5804496980000025,2.6456636924427976,0.8925230346325028,1.4373171241693636,3.459853938806773,3.466092906037641,empty,1
5.438644886016846,2.704233888000001,2.675689365175626,0.6776832346977119,1.4479539049222696,3.4801970055233755,3.486472656304724,empty,1
5.4741058349609375,2.8856590380000036,2.7022109895813946,0.4696671505768415,1.4586869328472478,3.494211896618417,3.5005128196938657,empty,1
5.511574983596802,3.381554448000003,2.723812561618045,0.2784091524767316,1.469516078870482,3.501546154557427,3.5078603031030124,empty,1
5.548977851867676,2.576447478000002,2.739191727480531,0.11376707774684704,1.4804409873593236,3.5015658887480288,3.507880072879211,empty,1
5.549376964569092,3.0281698080000012,2.7474551622954206,-0.014876761645106155,1.4914611249656142,3.499534512097632,3.5058450331573154,empty,1
5.585040807723999,2.9929365180000005,2.7483627661222294,-0.09904122759533555,1.5025758292879667,3.495161451778289,3.5014640871351324,empty,1
5.622963905334473,2.912478408000002,2.7424777169280783,-0.13158657418714367,1.513784354324754,3.4950459037714645,3.5013483307668447,empty,1
5.623931884765625,2.817295938000001,2.731200707551235,-0.10715405005701399,1.5250859103273284,3.492696204223359,3.498994394132798,empty,1
5.660153865814209,2.807304408000004,2.7166863690645675,-0.022584825624780012,1.536479696422406,3.4946098386393385,3.5009114793020824,empty,1
5.698379039764404,2.964539538000004,2.701658355473587,0.12270912687571336,1.5479649251801144,3.503141462875093,3.5094584881537703,empty,1
5.736367702484131,1.7471504880000026,2.6891559322062277,0.3264577363381506,1.5595408390868093,3.50367649563128,3.5099944857055503,empty,1
5.737543821334839,1.980110898000003,2.6822562662159104,0.5833699666439486,1.5712067195735464,3.5303819829537892,3.536748129587046,empty,1
5.773914813995361,2.9545480080000033,2.6838170751544768,0.8851347602834354,1.5829618897986848,3.5720548856774146,3.5784961787992535,empty,1
5.813494920730591,4.291835418000002,2.69626799375567,1.2206151308118776,1.5948057127502642,3.5724156374819414,3.5788575811279717,empty,1
5.813752889633179,2.2656583080000026,2.721452382724617,1.5762475988240596,1.6067375864035391,3.636615386716588,3.6431730982935164,empty,1
5.850303888320923,1.5299661780000022,2.7605059520017963,1.936638589764462,1.6187569376442483,3.7132057323825887,3.719901555181916,empty,1
5.886585712432861,2.7904765680000025,2.81376734987669,2.285329160792966,1.630863216469677,3.716097097054116,3.7227981336947664,empty,1
5.887768030166626,4.409630298000003,2.8807322166538847,2.6056820943979444,1.6430558916427134,3.814786701143578,3.821665699402503,empty,1
5.923736810684204,3.0239628480000036,2.960062676860489,2.881832504059574,1.6553346338197266,3.928004233075868,3.9350873903785493,empty,1
5.96159291267395,1.3417047180000026,3.0496542589094116,3.0996355278554257,1.6676991290286807,4.0461214439696285,4.0534175956417835,empty,1
5.998811721801758,1.2833331480000005,3.146762869858741,3.247542883369463,1.6801490813940674,4.050822495166333,4.0581271239895145,empty,1
6.000243902206421,4.992294258000001,3.248199127805045,3.3173440280818305,1.6926842176497559,4.166523335373335,4.174036601255596,empty,1
6.0351879596710205,6.392686068000003,3.3505768860508844,3.3047169803865857,1.70530429245932,4.291381896784025,4.299120313348052,empty,1
6.073521852493286,3.780689778000003,3.4505610299871052,3.2095476673284176,1.7180090933171515,4.295467114020888,4.303212897235913,empty,1
6.074830055236816,1.132934328000001,3.5450481392012714,3.0359937933765253,1.7307984437023494,4.401731060908458,4.409668464143917,empty,1
6.111294984817505,1.2807037980000011,3.6312650508237265,2.792288235932289,1.743672203216813,4.506666644128911,4.514793272018545,empty,1
6.151023864746094,4.730936868000001,3.7068408524355627,2.490296292454694,1.7566302636596784,4.5886606232186455,4.596935106410184,empty,1
6.186403036117554,5.204745738000003,3.7699214633005376,2.1448591343837187,1.7696725403554083,4.590816954999885,4.599095326587743,empty,1
6.187503814697266,2.9892554280000034,3.819338383392383,1.7729710650432535,1.7827989585284814,4.648316133032763,4.656698189774357,empty,1
6.2238287925720215,4.0646595780000006,3.8547746019443703,1.3928493371675197,1.7960094350563034,4.693694832637862,4.702158718330857,empty,1
6.261396884918213,6.723984168000001,3.8768468309632933,1.022961355956444,1.8093038564779145,4.694699344580956,4.703165041655937,empty,1
6.26257586479187,4.284473238000004,3.8870452356107243,0.6810744219882233,1.822682054631198,4.713961307896054,4.7224617390263015,empty,1
6.298766851425171,1.602010368000002,3.887520173526109,0.38338748452276467,1.8361437816811095,4.72385232425025,4.732370591314616,empty,1
6.336291074752808,1.0419588180000012,3.8807702689740418,0.14379285271349607,1.8496886865402633,4.726075715272353,4.734597991657337,empty,1
6.374267816543579,4.4511740280000005,3.869340181155161,-0.026700605339954026,1.8633162947387947,4.725984600455733,4.734506712538302,empty,1
6.37550687789917,6.102931698000003,3.8556314194510315,-0.1203701046125627,1.8770259936569103,4.721445926183664,4.729959853920722,empty,1
6.411331653594971,3.7096973280000007,3.841857486851462,-0.13301176220543318,1.8908170246938207,4.717684796914389,4.726191942410728,empty,1
6.449509859085083,2.4754804380000017,3.830095631826417,-0.06401841357112519,1.9046884834326976,4.717723687845428,4.726230903471677,empty,1
6.453465700149536,3.788577828000001,3.8223617742897216,0.08368094824112825,1.9186393282131335,4.724108204192684,4.732626932671493,empty,1
6.486418962478638,6.250175298000002,3.820654713885337,0.3038082346806826,1.932668396796792,4.740785409849497,4.749334211430072,empty,1
6.523859977722168,4.645745928000004,3.8269360610932175,0.5870439790393712,1.9467744300769194,4.769138329721287,4.7777382585867425,empty,1
6.561450958251953,2.072664018000001,3.8430255704888334,0.9214519139754104,1.9609561011134404,4.770404928449266,4.779007141303612,empty,1
6.562594890594482,1.9638089280000024,3.870423056359722,1.2930124925095716,1.975212047246987,4.824362302523314,4.833061813788133,empty,1
6.598816871643066,4.828222818,3.910112971360679,1.6862488572037773,1.9895409027223578,4.895207295130761,4.904034557333962,empty,1
6.636388778686523,5.334635628000001,3.9624226370566964,2.0849194534973416,2.003941329180315,4.897974402905827,4.90680665488462,empty,1
6.637603044509888,3.222215838000004,4.026972420820416,2.4727444810771613,2.018412041573891,5.000927136140758,5.009945037207732,empty,1
6.676402807235718,2.893547088000002,4.102713351293187,2.834129891450478,2.0329518275163827,5.105719593579294,5.114926461209471,empty,1
6.711397886276245,4.880809818000003,4.188032710445404,3.1548525776090917,2.0475595587260202,5.228896556032043,5.238325542007657,empty,1
6.748851776123047,5.494500108,4.28091153504565,3.422673172404188,2.0622341940255087,5.233423422204942,5.242860571233162,empty,1
6.750135898590088,3.602945718000001,4.379113925757994,3.6278477694653755,2.0769747741969597,5.365178064331929,5.374852799370797,empty,1
6.785786867141724,3.4394001480000007,4.480380014441394,3.763516195087675,2.0917804097945614,5.509746583714427,5.5196820113348295,empty,1
6.823884010314941,4.439079018000001,4.582597568901863,3.8259515361373104,2.106650263695527,5.514720638466336,5.524665035530291,empty,1
6.825186014175415,7.167818448000002,4.683932579062361,3.814662908891702,2.121583530657051,5.650980780322828,5.661170887921086,empty,1
6.861295700073242,6.473144178000002,4.782891959968397,3.7323505014182885,2.1365794163982286,5.78728053256953,5.797716422129363,empty,1
6.898550987243652,3.3237087480000014,4.878289708681073,3.584718435575796,2.1516371187229058,5.919254023683115,5.9299278938921205,empty,1
6.936447858810425,2.0863366380000024,4.969124059924993,3.3801567985740246,2.1667558129516835,5.923068784717792,5.933749533878774,empty,1
6.937619924545288,3.8327509080000013,5.05443596539692,3.1293092172072954,2.181934643472692,6.032231876219034,6.043109473270921,voiding,1
6.9741668701171875,7.056859878000001,5.133246414591944,2.844546588963064,2.197172722603134,6.133112685224555,6.144172195175872,voiding,1
7.01164174079895,6.749225928000001,5.204620409854037,2.539371069470137,2.212469137237134,6.135958673297967,6.147023315265445,voiding,1
7.012835741043091,4.920775938000002,5.267816568549111,2.2277771574724654,2.2278229630002926,6.210550837595001,6.221749987572632,voiding,1
7.048771858215332,5.429292228000001,5.32243135956247,1.923598682021529,2.2432332848922716,6.277814747441211,6.289135190784624,voiding,1
7.086523771286011,6.484713318000001,5.368468177874742,1.6398715834603843,2.258699222724585,6.279665127437762,6.290988907471211,draining,1
7.087745904922485,4.106203308000001,5.406320152143544,1.3882424317772109,2.2742199590954804,6.324659179928056,6.336064095299595,draining,1
7.122805833816528,3.305303298000002,5.4367063150106265,1.178451449791901,2.2897947672278094,6.365855369472839,6.377334571701902,draining,1
7.160318851470947,4.743557748000001,5.4606220710267745,1.0179162177892265,2.3054230357652585,6.4020548206394166,6.413599299378298,draining,1
7.197843790054321,7.708938678000003,5.479346162881877,0.9114381014003126,2.321104287606448,6.403047492904369,6.414593761675385,draining,1
7.19896388053894,8.175385368,5.494488655880342,0.8610477443116614,2.3368381900746695,6.434338163939484,6.445940857482953,draining,1
7.235199928283691,5.504491638000001,5.5080064358863545,0.8659988285115475,2.3526245541787127,6.468467015245474,6.480131251498171,draining,1
7.273355960845947,3.2122243080000032,5.522112979211658,0.9229110247497918,2.36846332140558,6.469433760132533,6.481099739663929,draining,1
7.274348020553589,3.4325638380000036,5.539079007349645,1.0260541022746703,2.384354537367444,6.5092963366158925,6.521034198172603,draining,1
7.3106889724731445,6.635638008000001,5.560997242417065,1.1677561518760005,2.4002983126511244,6.555644495003964,6.567465933684597,draining,1
7.347668886184692,7.394468418000002,5.5895949775059375,1.3389105077380887,2.4162947723180026,6.610372089107333,6.622292215094503,draining,1
7.38582706451416,5.635433268000003,5.626121495684246,1.5295489680176062,2.4323439965902884,6.612041871718158,6.623965008733879,draining,1
7.386851787567139,4.975466418000003,5.671280688703965,1.729443997878722,2.448445956242182,6.678395224162139,6.690438012584791,draining,1
7.423128843307495,6.050870568000001,5.725175792610165,1.928700307926434,2.4646004469980407,6.756152436458154,6.768335440250605,draining,1
7.4615559577941895,5.617027818000004,5.787269799721209,2.118296888438092,2.48080702773933,6.75853539274009,6.77072269358855,draining,1
7.462636947631836,4.127238108000004,5.856396674117883,2.2905443401246885,2.4970649674711685,6.844182979057858,6.856524723560266,voiding,1
7.498851776123047,5.142693078000001,5.930861543934004,2.439428982187375,2.51337320575654,6.938079951203067,6.950591015030121,voiding,1
7.5364086627960205,7.5548587680000026,6.008643055172462,2.560824258333664,2.529730330681957,7.038112137420336,7.050803583871305,voiding,1
7.574783802032471,8.593452018,6.087665409463595,2.6525606678247518,2.5461345773961597,7.041295074909598,7.053992260979362,voiding,1
7.575969934463501,5.938334388000001,6.166064824953801,2.71435689718448,2.5625838489200756,7.137553918094898,7.1504246825234405,voiding,1
7.61121678352356,4.3191806580000005,6.242374424276063,2.7476259893583963,2.579075759347334,7.2387948027022455,7.251848129335049,voiding,1
7.64801287651062,4.940233128000003,6.31560375948458,2.755180226668336,2.595607697849393,7.241243209482691,7.254300951194842,voiding,1
7.648903846740723,7.256690478000003,6.385248262582788,2.7408659883958713,2.6121769101951284,7.343406331758929,7.356648298696583,voiding,1
7.686394691467285,8.460406908000003,6.451272786277755,2.7091644401719384,2.628780592929967,7.443827643996225,7.457250695247671,voiding,1
7.723767995834351,6.859132758000001,6.514073072426199,2.6647950711947375,2.645415994075913,7.543304307310034,7.556906739441028,voiding,1
7.761468887329102,5.556552768000003,6.574386529277123,2.6123567079698975,2.662080513342646,7.546441591868208,7.560049681294538,voiding,1
7.762682914733887,5.307816258000003,6.633140932693896,2.5560349540443092,2.678771794487907,7.733424161754666,7.747369426722767,voiding,1
7.836655855178833,6.815485548000002,6.691275469251565,2.499396633824439,2.6954878026983637,7.736344304903768,7.750294835607862,voiding,1
7.837836980819702,7.430227578000004,6.749590599108987,2.4452816426593884,2.7122268806936054,7.736770205378891,7.750721504086246,voiding,1
7.838012933731079,6.496808328000004,6.808661166963786,2.3957917080469855,2.728987778642724,7.82249346885124,7.836599347677059,voiding,1
7.8741209506988525,7.497538938000002,6.868807977934676,2.352365109806408,2.745769654827932,7.997376653790662,8.011797889992648,voiding,1
7.949044942855835,7.629532308000002,6.93010161547686,2.3159175031382495,2.762572046150076,8.000506513980262,8.014933394089624,voiding,1
7.95040488243103,6.240709638000002,6.99237809104428,2.2870225784490277,2.779394809871423,8.001200723039275,8.015628854978237,voiding,1
7.950709819793701,5.292566028000003,7.055267758965664,2.2661030400860853,2.7962380402393623,8.081717635010321,8.096290958736047,voiding,1
7.986339092254639,6.702423498000002,7.118258285731998,2.2536026069669886,2.813101965639021,8.166292020767045,8.18101785290227,voiding,1
8.02389669418335,8.895827268000001,7.180807689363022,2.2501133606955475,2.829986833509603,8.169296171482252,8.184027420839763,voiding,1
8.025229930877686,9.637829838000002,7.242487072672296,2.2564393436664782,2.8468927912893514,8.251267055957715,8.266146118971864,voiding,1
8.06141996383667,6.860710368000003,7.303093974179895,2.2735860679359274,2.863819772036309,8.337742202542216,8.352777201504926,voiding,1
8.099212884902954,5.1048304380000005,7.362683070401745,2.3026755252250815,2.8807673930730444,8.340617021711067,8.35565720467949,voiding,1
8.100450038909912,6.089784948000002,7.421518167264612,2.3447962570777126,2.897734875050717,8.425705267313207,8.44089888530676,voiding,1
8.13630986213684,8.253739998000004,7.480004599621156,2.4008069247161905,2.91472098730741,8.51782607460227,8.533185809058576,voiding,1
8.174126863479614,9.499526028000002,7.538657406086947,2.4711186123765274,2.9317240234423094,8.611609660398974,8.627138509716463,voiding,1
8.2114417552948,8.120169018000002,7.59810554132531,2.5554850428718106,2.9487418088109614,8.614906531070051,8.630441325455871,voiding,1
8.212707757949829,6.300132948000002,7.659088780288532,2.6528305289486407,2.965771739355267,8.710698773010925,8.726406304358772,voiding,1
8.2480947971344,6.453161118000001,7.722414861557183,2.761142730653227,2.982810849002646,8.81947582502615,8.835379508140804,voiding,1
8.286677837371826,8.920017288000004,7.788886772824652,2.877451394944328,2.999855900972396,8.822918977449886,8.838828869414833,voiding,1
8.28784990310669,8.304223518,7.859231053720143,2.997905799315243,3.016903496851236,8.932411023969454,8.948518357012077,voiding,1
8.323655843734741,8.170126668000002,7.9340414621684685,3.1179534463311906,3.0339501963377544,9.052322624565075,9.06864618770294,voiding,1
8.361419916152954,7.501745898000003,8.01372990058177,3.2326116763958526,3.050992640148186,9.17571909238128,9.192265169686717,voiding,1
8.39898681640625,7.600083588000004,8.098477734994248,3.336813375136212,3.0680276687117467,9.180138495527892,9.196692542103678,voiding,1
8.400293827056885,8.028667638000002,8.188197804127006,3.425798917984806,3.08505242990324,9.304978056270773,9.321757219265452,voiding,1
8.436367750167847,8.154350568000002,8.282524374616775,3.495519861726488,3.1020644700700113,9.438630071328225,9.455650241763399,voiding,1
8.474344968795776,9.394877898,8.380834530835845,3.5430163916451236,3.1190618038980658,9.441850753306595,9.458876731423157,voiding,1
8.475250959396362,9.739322748000003,8.482282544960333,3.5667306107762773,3.136042960114674,9.571475776993177,9.588735500894789,voiding,1
8.51159381866455,8.121220758000003,8.585820745196635,3.5667215334277476,3.1530070015367855,9.704574858737361,9.72207459300477,voiding,1
8.549026012420654,6.869124288000002,8.690200487403596,3.544754893063127,3.1699535194532635,9.836415664137812,9.854153139789434,voiding,1
8.586432933807373,7.607971638000002,8.793985037960654,3.504251040221757,3.1868826036952953,9.84078295009258,9.858528301034442,voiding,1
8.58768892288208,9.380679408000002,8.895627324333512,3.450086449992566,3.2037947909377418,9.963517764463687,9.981484436449296,voiding,1
8.623584985733032,10.800002538000001,8.993639998657727,3.3882576258314208,3.2206909947350275,10.09112779521177,10.109324579454789,voiding,1
8.66159987449646,9.711977508000004,9.086826622928621,3.32542929521782,3.237572421496858,10.094962126474877,10.113165824959806,voiding,1
8.662762880325317,7.218827838000003,9.17450074730586,3.268400534292082,3.254440477040193,10.216010706777949,10.23443268561205,voiding,1
8.70005488395691,9.816099768,9.256626647121582,3.2235317039921556,3.271296668522619,10.335828238015477,10.354466277314643,voiding,1
8.737382888793945,11.089231038000001,9.333851856196507,3.1961808823418165,3.2881425064926075,10.456952082584587,10.475808537952902,voiding,1
8.775314807891846,10.123207848000003,9.407428600198926,3.1902001629459478,3.304979411518735,10.45780627297505,10.476664268658636,voiding,1
8.77558183670044,7.461779778000004,9.479035321241613,3.2075394289773094,3.3218086294209046,10.573525015874965,10.592591680900586,voiding,1
8.811432838439941,7.707361068000001,9.550534214381857,3.247998061480751,3.338631158558847,10.696534618990464,10.715823100571493,voiding,1
8.848952054977417,9.989110998000001,9.623730585621486,3.3091539511489674,3.355447691968176,10.700899080129505,10.720195431906937,voiding,1
8.850255727767944,11.837544048000005,9.700195697224412,3.3864849710616887,3.372258576397878,10.824786937678688,10.844306689720185,voiding,1
8.88637375831604,10.768450338000001,9.781165521230815,3.4736818580355813,3.3890637895167552,10.956705939093448,10.976463573525795,voiding,1
8.92386770248413,8.474079528,9.867480090765973,3.5631345848196934,3.405862935740294,11.092216509811667,11.112218503117278,voiding,1
8.961458921432495,8.308430478000002,9.959531265026095,3.646558237557719,3.4226552603061866,11.097930016753518,11.117942312916767,voiding,1
8.963011026382446,9.840289788000003,10.057228657358428,3.715710585861768,3.4394396804232663,11.231834413646265,11.252088172356506,voiding,1
8.998819828033447,11.890656918000005,10.16001644543288,3.763143255593363,3.4562148315661143,11.373953383695982,11.394463417848108,voiding,1
9.036486864089966,11.443141548,10.266948105935041,3.782922744209227,3.472979126319914,11.378108421823026,11.39862594853038,voiding,1
9.03758692741394,9.420119658,10.376785035850316,3.7712571588729547,3.489730822631236,11.515284386838475,11.536049275534438,voiding,1
9.074175834655762,8.710721028000002,10.488078603828933,3.726969782360067,3.5064680979211333,11.652385495926149,11.673397611627077,voiding,1
9.111336946487427,12.255610698000005,10.599226508280287,3.651771182588615,3.523189125292305,11.795976838272901,11.817247884464939,voiding,1
9.151211977005005,11.850164928000005,10.708521891194803,3.550296902773862,3.5398921480286023,11.796643353511417,11.817915601594287,voiding,1
9.151402950286865,9.861850458000003,10.814213260327502,3.42989668267014,3.5565755487488406,11.914587700590866,11.936072631327255,voiding,1
9.186452865600586,8.811688068000002,10.914586768014978,3.3001821790770114,3.5732379099316183,12.036763925796535,12.05846917030308,voiding,1
9.224205017089844,10.622258478000003,11.008090641792439,3.1723615243161207,3.589878063055593,12.040479982675064,12.062191928145728,voiding,1
9.225397825241089,12.679987788000005,11.093522637412079,3.058408905362778,3.6064951242702623,12.14898516795991,12.17089277495483,voiding,1
9.26139497756958,12.801463758000004,11.170267418423947,2.9701338134991855,3.6230885152858696,12.259418308655963,12.281525053752718,voiding,1
9.298903942108154,10.902547188000003,11.23852262520952,2.9182260521794863,3.6396579690000137,12.263298161683874,12.285411903109472,voiding,1
9.300235033035278,9.697779018000002,11.299440349454924,2.91135771080726,3.6562035202112075,12.369380694043315,12.391685728354354,voiding,1
9.336398839950562,10.778441868000002,11.355147414807417,2.955421337535095,3.6727254825536866,12.482897334020288,12.505407066740421,voiding,1
9.374184846878052,12.773066778,11.408650449423401,3.0529743204028645,3.6892244134746175,12.607480859409858,12.630215246854195,voiding,1
9.414013862609863,13.823229168000005,11.463637475930195,3.2029435374951065,3.705701069622944,12.608210599796841,12.630946303142498,voiding,1
9.41423487663269,11.305889478000001,11.524168583674005,3.4006228575123703,3.722156355397529,12.730062245916624,12.75301767773655,voiding,1
9.448858737945557,9.248160168000002,11.594253613930514,3.637970846333273,3.7385912675931388,12.87184062343782,12.895051716527568,voiding,1
9.486454963684082,10.684311138000002,11.677363724624756,3.904189290018496,3.755006839082762,12.87692541352978,12.900145675746122,voiding,1
9.487711906433105,13.460378868,11.775974432232374,4.186537349535549,3.7714040842949914,13.033567698609547,13.057070425375223,voiding,1
9.523896932601929,12.323973798000004,11.891239141166935,4.471313793030723,3.7877839489106053,13.206463987371585,13.230278488651157,voiding,1
9.561416864395142,9.625734828000002,12.022849629843877,4.744923044228892,3.804147265749017,13.389003359015405,13.41314702365799,voiding,1
9.598899841308594,10.381410018000004,12.16909985251688,4.994931507094593,3.8204947182868327,13.397249773500102,13.421408308455321,voiding,1
9.600515842437744,13.778004348000003,12.327146243135529,5.211019882347648,3.8368268126944334,13.587027770717798,13.611528522057501,voiding,1
9.63633394241333,16.244860518000003,12.49342162755706,5.385745292078191,3.8531438587388465,13.793505296316749,13.818378377396062,voiding,1
9.674216985702515,12.931353648000005,12.66410603346183,5.515043434042934,3.8694459594226087,13.802895681409506,13.827785695661698,voiding,1
9.675906896591187,10.170010278000003,12.835538276303254,5.5984243300916425,3.885733008840731,14.006547689984252,14.031804938874226,voiding,1
9.71215271949768,10.729010088000003,13.004505042579808,5.6388434290166005,3.9020046974602867,14.22641106201779,14.252064778619305,voiding,1
9.751131772994995,15.188913558000003,13.168423074580437,5.642260256514761,3.9182605238659627,14.427201447141917,14.453217238170623,voiding,1
9.78679871559143,17.238228948,13.325453744427904,5.616926570684267,3.934499811962448,14.433401322657831,14.459428293586287,voiding,1
9.787906885147095,12.702600197999999,13.474550859004777,5.572472171098107,3.9507217326621333,14.633172603106138,14.659559810765515,voiding,1
9.823929786682129,9.665700948000001,13.615419953581185,5.518876495195109,3.9669253291864215,14.840611333264725,14.86737260395184,voiding,1
9.86169981956482,11.533065318000006,13.748410476236463,5.465425837973069,3.9831095452389693,14.8461742089774,14.872945510897015,voiding,1
9.862721920013428,17.094140568,13.874415308579215,5.419758138315978,3.999273255436707,15.04163669039782,15.068760459224423,voiding,1
9.898895740509033,17.658399078000002,13.994831076290808,5.387089396307295,4.0154152974811055,15.243268246947979,15.270755607040652,voiding,1
9.936384916305542,9.635200488000002,14.111551388143114,5.369698517335639,4.031534505596023,15.446487767295388,15.474341582143246,voiding,1
9.974241018295288,12.701548458000005,14.226918016810574,5.366722279631482,4.047629744736974,15.452807957140442,15.480673168844362,voiding,1
9.975417852401733,19.307001528,14.34357921044561,5.374281589036612,4.063699944986863,15.658251735886388,15.686487413230203,voiding,1
10.013603687286377,17.369170578000002,14.46424059059992,5.385927235338998,4.07974413540244,16.047632379527073,16.07657020589769,voiding,1
10.08584976196289,10.773183168000003,14.591307267744597,5.393361338722984,4.095761476381321,16.052462020111133,16.081408555511054,voiding,1
10.086745738983154,9.836608698000003,14.726452446232768,5.387362887080321,4.111751289407553,16.05398390209372,16.082933181820998,voiding,1
10.087028980255127,14.734036008000004,14.870221337683244,5.358825138332328,4.127713082837828,16.244261156524296,16.27355355291955,voiding,1
10.122732877731323,21.435197418,15.021803370907485,5.299801391582622,4.143646572247227,16.442828301423113,16.472478763196868,voiding,1
10.160539865493774,16.991070048000005,15.179023784325862,5.20445491925893,4.15955169379909,16.447420034879762,16.477078776677782,voiding,1
10.161433696746826,10.158441138,15.338504579347047,5.069818755940913,4.175428609168725,16.627549035997646,16.657532594668048,voiding,1
10.197582006454468,10.169484408000002,15.495945229606164,4.8962904521920345,4.191277700756255,16.812201045704274,16.842517577343493,voiding,1
10.236114978790283,17.704675638000005,15.646549825192167,4.687813680620878,4.207099556277846,16.815564389268292,16.84588698584281,voiding,1
10.23685097694397,22.747243068000003,15.785636615478317,4.451729801032532,4.222894942320085,16.977202701614,17.007816771803245,voiding,1
10.274223804473877,15.030100818000001,15.909357656507753,4.198314791732651,4.238664767056875,17.128458733820874,17.159345555821353,voiding,1
10.311394929885864,9.028346508000002,16.01535137973775,3.940046935571764,4.25441003302539,17.27176273410584,17.302907968449052,voiding,1
10.348954677581787,21.702339378000005,16.1031653883125,3.690675264435088,4.270131781588596,17.279766579442466,17.310926246686503,voiding,1
10.351191997528076,22.438031508,16.174373900365413,3.4641756543172484,4.2858310314198516,17.525398089339955,17.557000690583006,voiding,1
10.424102783203125,12.689979317999999,16.23237374237836,3.2736891930656347,4.301508713969272,17.527956387139387,17.55956360162231,voiding,1
10.424901723861694,9.007311708000003,16.281890734830153,3.130535631372925,4.317165609352441,17.52829346990756,17.55990129223358,voiding,1
10.425010919570923,15.145792218000004,16.328317809507595,3.043384031823796,4.332802286386531,17.638989543773178,17.67079697833418,voiding,1
10.461538076400757,24.078745908000002,16.377066580762364,3.0176447189935183,4.348419050544875,17.752892751652844,17.784905581699903,voiding,1
10.499050855636597,19.613583738000003,16.43304562604668,3.0551235589080767,4.36401590338252,17.756984465240503,17.78900467365308,voiding,1
10.50036883354187,10.719544428000003,16.500249904212495,3.153954106636797,4.3795925164953395,17.873537467826086,17.905767849956007,voiding,1
10.53643798828125,10.589654538000001,16.581419793794694,3.3087979832163525,4.395148222329059,18.00252909161116,18.03499207735039,voiding,1
10.574265003204346,19.649868768000005,16.677814729086442,3.5112814783705257,4.410682023190645,18.13755273058485,18.170259197139703,voiding,1
10.611451864242554,24.171824898000004,16.789185518092047,3.750618838247313,4.426192618692798,18.141963489853207,18.174677910091372,voiding,1
10.612587928771973,16.581943188000004,16.913941822630903,4.014361326411728,4.441678450660588,18.298543887163476,18.33154066035211,voiding,1
10.650301933288574,10.275184278000001,17.04942022422854,4.289206502952191,4.457137763336359,18.45881807697352,18.492103863928595,voiding,1
10.68651795387268,13.988352348,17.192194147845896,4.561804029131659,4.472568675626443,18.46455851002254,18.49785464838964,voiding,1
10.687741756439209,22.291313778000003,17.338463317578874,4.819501756654763,4.487969261227859,18.64255331491662,18.676170421675636,voiding,1
10.72380781173706,22.163527368000004,17.484558409757494,5.0509874567682695,4.503337631829096,18.83299570591216,18.86695622712098,voiding,1
10.760794878005981,12.017917458,17.62748679523398,5.246795536394626,4.5186720182517925,19.036177543396107,19.07050445140864,voiding,1
10.798963785171509,17.773564608,17.76537105673874,5.399662671214267,4.5339708444216384,19.042622471808386,19.076961001611288,voiding,1
10.800145864486694,22.344952518,17.897668320232565,5.504729833559048,4.549232789432882,19.451920224932074,19.486996819206645,voiding,1
10.874130964279175,19.739266668,18.025131319827405,5.559599450897478,4.564456833680546,19.46029036573485,19.495382053431026,voiding,1
10.875635862350464,14.980669038000002,18.14951613344349,5.564264633271294,4.579642286032157,19.462102085273724,19.497197039945625,voiding,1
10.875962734222412,14.844468708,18.27308989121731,5.520932316077993,4.594788790229849,19.668209917859436,19.703676535623558,voiding,1
10.913591861724854,19.115058978,18.39806210383674,5.433764019750595,4.609896310072759,19.85218252853636,19.887980894145823,voiding,1
10.947843790054321,21.518810748,18.526088737340274,5.308557341388665,4.624965094338698,20.054538785610617,20.090702049299356,voiding,1
10.986531734466553,19.240216038,18.657937076986784,5.152389092885135,4.639995623770376,20.060665866938137,20.09684017926081,voiding,1
10.987741947174072,16.512528348000004,18.793317231602604,4.973238062492646,4.654988543684796,20.236660023420697,20.27315169647435,voiding,1
11.02383279800415,16.406828478,18.930866624824194,4.779602473806733,4.669944586780652,20.40984371295555,20.44664767877735,voiding,1
11.0608389377594,19.473176448000004,19.068305089131943,4.580124894692349,4.684864491444862,20.414016267419115,20.450827757382402,voiding,1
11.061769962310791,21.542474898000002,19.202780163137653,4.383235861648326,4.699748921238232,20.57319312354489,20.610291648512213,voiding,1
11.098873853683472,20.069513028000003,19.33136219867585,4.196826780674717,4.71459839123427,20.72883019295693,20.76620936982261,voiding,1
11.136719703674316,17.190374778,19.45158092353606,4.027962433978381,4.729413206481025,20.87701599059035,20.914662382879534,voiding,1
11.174184799194336,20.124203508,19.561881224735682,3.8826431884861643,4.744193417067131,20.879039152226333,20.916689192773326,voiding,1
11.174713850021362,23.759542818,19.661909471966375,3.7656262504090128,4.758938793141697,21.012239740314943,21.05012997426863,voiding,1
11.21049189567566,20.357689788000002,19.75257894919764,3.6803136075503633,4.773648821832332,21.28834890583045,21.326737032488932,voiding,1
11.286044836044312,15.843095838000004,19.835901117559075,3.628711406387238,4.788322726419901,21.291382687783244,21.32977628509642,voiding,1
11.286882877349854,16.937431308,19.914634383930903,3.611461441259514,4.802959506474484,21.291577726678145,21.329971675694395,voiding,1
11.28693675994873,22.608939258,19.991867050886885,3.6279404794505963,4.817557996058061,21.42233698779972,21.46096672790996,voiding,1
11.322739839553833,23.889432708,20.07064637765195,3.6764178363039193,4.83211693568085,21.562959484680253,21.601842801723354,voiding,1
11.360589027404785,18.554481558,20.15368920007269,3.7542566307042624,4.8466350525772075,21.567537662859554,21.606429235483425,voiding,1
11.361791849136353,16.223299848000003,20.243152118623655,3.858140217724354,4.861111143142108,21.70871665245541,21.74786280550532,voiding,1
11.397795677185059,19.968020118000005,20.34045912492646,3.9843030583001946,4.8755441511111925,21.862707357153244,21.902131193301187,voiding,1
11.435756921768188,24.910672248000004,20.44622356172525,4.128745203888022,4.889933235311267,21.86771073496726,21.907143593435446,voiding,1
11.436945915222168,22.042051398000005,20.560281127876003,4.287411835950107,4.904277821549242,22.025849557656112,22.06556757929885,voiding,1
11.47311782836914,16.514631828,20.681797486235794,4.4563237826944695,4.918577634399493,22.196308240762992,22.236333641317362,voiding,1
11.51063084602356,18.950987538,20.80941146228322,4.6316512065317,4.932832706207399,22.20121879878358,22.241253054281284,voiding,1
11.51167106628418,22.677828228000003,20.941423645326896,4.809730021054523,4.9470433624327494,22.383834280446358,22.424197836552153,voiding,1
11.548951864242554,23.782681098000005,21.076056340329195,4.987028184962451,4.961210184368946,22.573291223663404,22.61399641721439,voiding,1
11.586293935775757,19.147137048000005,21.21176069160894,5.160075895676786,4.975333952138085,22.77015049524495,22.811210674458977,voiding,1
11.62384295463562,21.092330178000005,21.347495174070964,5.325378987511694,4.989415572522275,22.77746517567285,22.81853854505395,voiding,1
11.625196933746338,22.456962828,21.482903531945944,5.4793378208948935,5.003455997504088,22.979422179640483,23.020859727149354,voiding,1
11.661593675613403,23.271535458000002,21.618355684683877,5.618194189264473,5.017456140234538,23.19247802364981,23.23429976322361,voiding,1
11.699115991592407,21.499879428,21.754839904378144,5.7380261532402,5.031416795442781,23.196892708562675,23.238722408898692,voiding,1
11.699878931045532,20.839912578000003,21.893715193288347,5.8348054647401515,5.045338571011372,23.41118713277516,23.453403258640716,voiding,1
11.736387729644775,20.406069828,22.036370352364802,5.904524912289951,5.059221836578969,23.635558142435475,23.67817886439138,voiding,1
11.77426290512085,22.186139778000005,22.183872858340358,5.943394303400491,5.0730666936650275,23.857156454035337,23.900176772225343,voiding,1
11.811532974243164,24.762376908,22.336688956616964,5.948094863019366,5.086872970049465,23.86393528543962,23.906967827529172,voiding,1
11.812675714492798,22.663629738000004,22.494514449658627,5.916073580254228,5.1006402391323045,24.077256873910077,24.120674087267158,voiding,1
11.848948955535889,20.161014408,22.656216389055135,5.84585242007432,5.114367862913395,24.29424892815605,24.33805743153281,voiding,1
11.886415719985962,20.945086578,22.819884971072508,5.73732309192539,5.128055055248114,24.300435844276954,24.34425550418449,voiding,1
11.887507915496826,25.106295888000005,22.983011694814586,5.591996721903285,5.141700960319768,24.500625536211164,24.544806187348392,voiding,1
11.923888921737671,25.187805738,23.142794179937106,5.413179474100786,5.155304739968436,24.699745704908505,24.7442854186621,voiding,1
11.961390733718872,20.291430168000005,23.29651613720749,5.206049740591858,5.168865662737819,24.8917536849941,24.93663963633951,voiding,1
11.999099731445312,24.830214138000002,23.44191403309406,4.977619498167348,5.182383187308884,24.897534529626366,24.942430905255826,voiding,1
12.000289916992188,26.524041408000002,23.577450695873598,4.736571112605266,5.195857033393817,25.06421096114028,25.109407895351914,voiding,1
12.036407947540283,22.788786798000004,23.702448984869392,4.492970420229099,5.209287234126467,25.234759587397495,25.280264062710373,voiding,1
12.075386762619019,20.891973708000002,23.81707671548946,4.2578664593792,5.222674165419979,25.236133035866256,25.281639987844375,voiding,1
12.075717687606812,23.674351878000003,23.922220383412277,4.0427969502962195,5.236018549543971,25.378089726825014,25.42385266161592,voiding,1
12.111646890640259,25.826737788000003,24.019318932687113,3.8592258597620255,5.24932143215164,25.662313289578506,25.708588749327294,voiding,1
12.186667919158936,25.108925238000005,24.110214018354135,3.717944658041068,5.262584133997918,25.66574714885402,25.712028800695272,voiding,1
12.187602758407593,22.840847928000002,24.19702491913108,3.6284719166694197,5.275808180472219,25.666712051922055,25.712995443720754,voiding,1
12.187869787216187,23.479779978000003,24.282030812275853,3.598486650943991,5.288995213678154,25.797036518672993,25.84355491752454,voiding,1
12.223911762237549,24.131332908000005,24.367558041701944,3.633329400961829,5.3021468930108755,25.936552917352998,25.983322898570425,voiding,1
12.261777877807617,25.562225178000006,24.45588611911034,3.7356017175121097,5.315264790930365,25.94177099118339,25.98855038187076,voiding,1
12.26314377784729,25.868807388,24.549172466490322,3.904889795529186,5.32835029086825,26.085535506062545,26.13257413951367,voiding,1
12.298894882202148,24.518899098000006,24.649371454042324,4.137631825743014,5.341404493942111,26.246686148844837,26.29401537652258,voiding,1
12.336525917053223,23.117455548000002,24.758125894340015,4.427141554529375,5.354428140429509,26.423128781454672,26.47077617857611,voiding,1
12.374920845031738,23.792146758,24.876643977339757,4.7637928682968065,5.3674215508509615,26.428607852258306,26.47626512949139,voiding,1
12.376027822494507,27.751421988000004,25.005606614370464,5.135362241745485,5.380384590124758,26.62906512970814,26.67708388069339,voiding,1
12.413626909255981,23.478728238000002,25.14514663819276,5.527517881993579,5.393316656695771,26.831633173764192,26.880017204732713,voiding,1
12.44900393486023,23.217370848,25.29491127045866,5.924436633466096,5.406216696915793,26.843628526697614,26.89203418823644,voiding,1
12.45096492767334,27.015729858,25.454192444541444,6.309522464422796,5.419083243370005,27.07383025587126,27.122651027721158,voiding,1
12.486446857452393,28.700091468000004,25.622089728734885,6.666193941484198,5.431914474398627,27.32920783947533,27.378489119891135,voiding,1
12.523878812789917,25.437068118,25.79764886955217,6.97870284797422,5.44470829083647,27.59917903283365,27.64894713768148,voiding,1
12.561871767044067,23.694860808,25.979917501466126,7.232942371945794,5.457462405050885,27.606292255402227,27.65607318713908,voiding,1
12.562842845916748,25.479137718000004,26.167903324080953,7.417201439632616,5.47017443674533,27.8761175220577,27.926385015084854,voiding,1
12.598963975906372,27.664127568000005,26.360477772892345,7.522822127347809,5.482842009735397,28.153955935260672,28.204724439251326,voiding,1
12.63584303855896,27.566841618000005,26.556282764896856,7.544719898885004,5.495462843998447,28.162383967095014,28.213167668899032,voiding,1
12.636964797973633,26.681802408000003,26.75366736887491,7.481731805646636,5.508034837728644,28.43946695954088,28.49075031009906,voiding,1
12.67436170578003,25.383429378000002,26.95065712178122,7.336765695821854,5.52055613485873,28.708556862500224,28.760325448307178,voiding,1
12.711596965789795,25.981343568,27.144970503317335,7.11673364264222,5.533025174484992,28.716500297845517,28.768283207619234,voiding,1
12.712735891342163,27.772982658000004,27.334116500850346,6.8322647423307385,5.545440719786609,28.957810099939476,29.010028150610577,voiding,1
12.748942852020264,28.830507228000002,27.5155932366128,6.497205479670736,5.5578018652903385,29.194771578431062,29.24741692890309,voiding,1
12.786480903625488,27.777189618,27.687160916502243,6.127929196131481,5.570108022617216,29.417395124543546,29.470441919999544,voiding,1
12.823989868164062,26.736492888,27.84712242708546,5.742488921304839,5.582358886081369,29.42497204279007,29.478032501292397,voiding,1
12.825354814529419,29.630355498,27.994541350321963,5.359659029461022,5.594554380618595,29.607136404584825,29.660525350215213,voiding,1
12.860529899597168,29.189150568000002,28.129350735525087,4.99792000376067,5.606694595440717,29.79225170860308,29.845974462635823,voiding,1
12.898807048797607,27.339665778000004,28.25233468730443,4.674446297548375,5.6187797074913,29.798574237204576,29.852308392310736,voiding,1
12.900199890136719,26.910029988000005,28.364996107085503,4.404159318123801,5.630809899186662,29.955593405615176,30.00961070488397,voiding,1
12.936702966690063,27.908657118,28.469358530397198,4.198905586892406,5.642785275049865,30.111038369779052,30.165335974533214,voiding,1
12.97431492805481,29.627726148,28.567766418458287,4.066814068428518,5.654705781690861,30.262133992862687,30.316704060170995,voiding,1
13.011720895767212,29.747098638000004,28.662726425347547,4.0118767033402785,5.666571135177798,30.267005349902096,30.321584201464734,voiding,1
13.012931823730469,28.184738868000004,28.756790611551956,4.033782802789535,5.6783807592233,30.423263198371032,30.47812382124928,voiding,1
13.05122184753418,27.434322378000005,28.852461807378457,4.1280219153256565,5.690133736828015,30.571639789804614,30.626767972154493,voiding,1
13.0864896774292,28.384569468000002,28.95211266020934,4.286252049091739,5.701828777141794,30.577077041181134,30.632215028231954,voiding,1
13.087727785110474,31.063877118,29.057922862617914,4.496911901433634,5.713464198383125,30.747619590075267,30.803065107268353,voiding,1
13.124629974365234,30.615310008,29.171825833243695,4.746038304949196,5.725037926759895,30.924137821264157,30.979901644223762,voiding,1
13.160785913467407,28.671168618000003,29.295433266788272,5.01823476178371,5.736547510512697,31.121259456987335,31.177378738717028,voiding,1
13.199002742767334,27.270776808,29.429913957457238,5.2977249519937475,5.747990147499564,31.12824200975638,31.184373882745323,voiding,1
13.200287818908691,29.669269878,29.575847498418167,5.569417537585412,5.7593627241901135,31.334508513866968,31.3910123360719,voiding,1
13.236508846282959,30.939245928000005,29.73310993495072,5.819906237207598,5.770661863557003,31.558416206146582,31.615323788966723,voiding,1
13.274272918701172,29.877514398000002,29.900840004062644,6.0383324506106995,5.781883979150349,31.566064305772056,31.62298567999605,voiding,1
13.275521039962769,28.956716028000002,30.077497961068985,6.217046671269911,5.793025332611738,31.79175318395209,31.849081530707362,voiding,1
13.311432838439941,29.733426018000003,30.26100487654955,6.352019081507167,5.804082092014454,32.03156401719947,32.08932480184279,voiding,1
13.348917961120605,31.323131028000006,30.44894617662265,6.442968161316317,5.8150503886828915,32.27537178563877,32.333572215626894,voiding,1
13.386611938476562,32.165048898,30.63881591813994,6.493197536293088,5.825926370517806,32.28599394310377,32.344213527453185,voiding,1
13.388245820999146,30.474376848000006,30.828262207800826,6.509154001448829,5.836706250301557,32.518268405413615,32.576906837721516,voiding,1
13.423955917358398,29.052950238,31.015292705220002,6.499741856636078,5.8473863479419155,32.762239368947924,32.82131774088151,voiding,1
13.461561679840088,31.581859068,31.198423516579073,6.475448509632945,5.857963126096916,32.770770756904966,32.82986451302842,voiding,1
13.462882041931152,32.595210558000005,31.376779160210354,6.447352008159857,5.868433219069594,33.0024790108829,33.06199059395202,voiding,1
13.49887990951538,32.125608648000004,31.55014772172317,6.426091310991111,5.878793455237222,33.48109369135205,33.54146833435389,voiding,1
13.573390007019043,30.824606268000004,31.71897603746075,6.420883703251162,5.889040873557373,33.49037740796135,33.55076879178657,voiding,1
13.574833869934082,32.141910618000004,31.88428878369458,6.438670361884395,5.899172734854438,33.72676841486678,33.78758606979241,voiding,1
13.61142086982727,31.931036748000004,32.04753896670298,6.483460864810901,5.909186528627498,33.97204603823614,34.03330598901637,voiding,1
13.649041891098022,31.924200438,32.210420716096216,6.555931213576919,5.919079976038773,33.983775711481066,34.04505681374581,voiding,1
13.65081787109375,31.440925908000004,32.37468034563572,6.65330906294409,5.928851029559445,34.222681554036214,34.2843934622683,voiding,1
13.68641471862793,33.432395598,32.54195098326733,6.769556112167288,5.938497869496447,34.47864793190459,34.540821410443385,voiding,1
13.723876714706421,33.735822588000005,32.71361746927651,6.8958330642168315,5.948018897339713,34.740872592455595,34.80351892652334,voiding,1
13.761560678482056,33.140011878,32.89070045810711,7.0212093208283415,5.957412725599743,34.749592972046045,34.812255031102026,voiding,1
13.762792825698853,31.134869568,33.073746701401525,7.133559641146795,5.9666781635969945,35.009232028849574,35.072362280955296,voiding,1
13.798969030380249,33.005389158,33.26273221407405,7.220575022241545,5.97581419855948,35.28166165251686,35.34528316220884,voiding,1
13.836567878723145,34.401574008000004,33.45700539038294,7.270806265970735,5.984819971416032,35.289873660118396,35.35350997807894,voiding,1
13.83769702911377,34.569326538000006,33.65529102239544,7.274656711715406,5.993694746858226,35.555640990931984,35.61975655272689,voiding,1
13.874354839324951,34.396315308000005,33.85574961763251,7.225245452790827,6.0024378775847165,35.82250327525468,35.887100055354324,voiding,1
13.9115629196167,31.865302998000004,34.05607456432962,7.1190734279595915,6.011048763119289,35.831743647176104,35.89635708993799,voiding,1
13.912875890731812,33.093209448,34.25362872946424,6.956440976078176,6.019526804170509,36.0782053360514,36.14326320982909,voiding,1
13.948860883712769,35.395994178,34.44564385815085,6.741585254229642,6.027871354122366,36.32587463943038,36.39137912184971,voiding,1
13.986318111419678,36.215825508,34.62949247691886,6.482527609483565,6.0360816698459585,36.56470609819649,36.6306412524509,voiding,1
14.024008989334106,34.248545838000005,34.80299589754109,6.190642769213078,6.044156864529936,36.57293102545269,36.63888101127298,voiding,1
14.025371789932251,34.618232448,34.96469720235126,5.879981895026088,6.052095865573061,36.79224404709232,36.85858950820709,voiding,1
14.063691854476929,35.688377898000006,35.11403464613006,5.56639870195488,6.059897380705068,36.97942155783921,37.04610454602205,voiding,1
14.098248958587646,37.190788488,35.25138281553045,5.26654089548313,6.067559875359953,36.98598921397637,37.052684045257834,voiding,1
14.099528789520264,34.450479918,35.37795915212382,4.996777437863614,6.07508156389875,37.355601870490574,37.42296320425824,voiding,1
14.17519998550415,33.145796448000006,35.4956220584109,4.772135335575611,6.082460416575047,37.36011251438929,37.42748198195682,voiding,1
14.176162004470825,35.515892538,35.60661954239997,4.605317822781033,6.089694183192052,37.531926536819185,37.59960582730834,voiding,1
14.213876962661743,36.484019208,35.71336227868551,4.505869391594189,6.096780433278823,37.533161566535746,37.6008430840871,voiding,1
14.214151859283447,37.503681138000005,35.81826730648905,4.479542716468915,6.103716611400767,37.68991830653589,37.757882495026934,voiding,1
14.248957872390747,34.815959568000004,35.92366749986886,4.527908927986428,6.110500105017117,37.86258645683644,37.930862008451655,voiding,1
14.28659200668335,34.920607698000005,36.031755236627816,4.648236799616706,6.117128321212054,37.86827992344734,37.93656574178255,voiding,1
14.287792921066284,35.845613028,36.144541273103926,4.833649156297742,6.123598767759138,38.047456321456906,38.116065238886904,voiding,1
14.32396388053894,37.936998018000004,36.2638276551155,5.0735471482414285,6.129909133417604,38.23707032677961,38.306021164876384,voiding,1
14.360330820083618,38.280391128000005,36.391185585811,5.3542759073532435,6.136057362167358,38.44460748022689,38.51393255883279,voiding,1
14.398015975952148,34.202269278,36.52791188594747,5.659989453326443,6.142041716298999,38.45202845582542,38.521366916274715,voiding,1
14.399291753768921,35.632109808,36.674948388586884,5.973659448484682,6.147860823883016,38.67359684668272,38.74333484941166,voiding,1
14.435460805892944,37.643562558,36.832786325330446,6.278162363020967,6.153513707109683,38.91758135267884,38.98775931945386,voiding,1
14.473477840423584,38.112112728,37.00139983311731,6.557373549149242,6.158999789246923,38.92457973480275,38.99477032138123,voiding,1
14.474525928497314,36.007055118000004,37.18023622178753,6.797195211469031,6.164318879410236,39.17136104665616,39.24199664060926,voiding,1
14.510333776473999,36.475605288000004,37.36826251632114,6.986448643034273,6.169471135862058,39.435896460443196,39.5070090767814,voiding,1
14.547845840454102,37.634096898,37.564056819858024,7.117569409790331,6.174457010036145,39.708513876649164,39.78011808920974,voiding,1
14.585961818695068,40.253455368000004,37.765928922486985,7.187057090020074,6.179277174798907,39.71342606828963,39.78503913873936,voiding,1
14.586644887924194,38.688992118,37.97204060187669,7.195648003429574,6.183932441511217,39.97325693328297,40.045338542659756,voiding,1
14.622873783111572,35.606868048,38.180490159041504,7.148199008712562,6.188423671162088,40.241807834211144,40.314373706883536,voiding,1
14.660693883895874,37.990636758,38.389353512186474,7.053291487560397,6.192751685160232,40.249235104527166,40.321814370393874,voiding,1
14.661756753921509,38.304581148000004,38.596717488904716,6.922585405916626,6.196917181274473,40.49647003471525,40.56949512594195,voiding,1
14.697869062423706,40.597900218,38.8007517710597,6.769972087218653,6.200920659726412,40.747642039476155,40.821120055576195,voiding,1
14.735411882400513,39.630825288000004,38.99983181678666,6.610589357876431,6.2047623636064895,40.9965935096299,41.070520446433484,voiding,1
14.773505926132202,37.685632158000004,39.1926876668882,6.459772607747555,6.208442236681171,41.00277088114273,41.07670895726581,voiding,1
14.774471759796143,37.305428148000004,39.37855257767766,6.332019071208976,6.211959900375957,41.487349061062645,41.562160950774036,voiding,1
14.85155987739563,42.037206408,39.55730816788901,6.240039892211188,6.215314650358332,41.70381225207793,41.779014478138585,voiding,1
14.886377811431885,39.274285428000006,39.72962585924959,6.1939655711738,6.218505471809615,41.937050473059244,42.012673284972195,voiding,1
14.924012899398804,39.984735798,39.89707556641886,6.2007561409861705,6.221531071261734,41.94515306813665,42.020790491020485,voiding,1
14.925312995910645,41.936239368,40.0621452436075,6.26384937654068,6.224389921867139,42.16919127917991,42.24523269803638,voiding,1
14.960742712020874,39.900596598,40.228120346629204,6.383060372678384,6.227080318232033,42.408754323616606,42.48522773353697,voiding,1
14.997775793075562,39.464650368,40.398808446840036,6.55472593156794,6.2296004365167645,42.66128419004225,42.73821297339436,voiding,1
15.03567385673523,39.623988978,40.5781414899988,6.772069267965816,6.231948395411211,42.66916291505155,42.74610590568178,voiding,1
15.036815881729126,41.363041068,40.769723664959635,7.025746106318434,6.234122313821273,42.92935769313533,43.00676987891738,voiding,1
15.073129892349243,42.229148958,40.97639691979187,7.3045233208560605,6.236120361626229,43.210747900637145,43.288667502141,voiding,1
15.110898971557617,40.463803368,41.199872978631056,7.596036258548602,6.237940800635038,43.216615666317786,43.29454584884571,voiding,1
15.111656904220581,40.793523858,41.440460347463144,7.887570577172502,6.239582013814111,43.50972864757572,43.58818738486848,voiding,1
15.14817190170288,40.896068508,41.696916683997216,8.166818110654612,6.241042521898194,43.82975511449186,43.90879093818059,voiding,1
15.186753988265991,42.360616458,41.966465244500554,8.42256289094866,6.2423209875426595,44.15872030613377,44.23834933493666,voiding,1
15.22530198097229,41.280479478000004,42.245002323988544,8.645261841111179,6.243416208144849,44.474898437909644,44.55509761361415,voiding,1
15.26149296760559,42.782890068,42.52748739817381,8.827493736375358,6.244327099279519,44.809214073823405,44.89001610280846,voiding,1
15.299073934555054,43.436546478000004,42.808466275169835,8.964259007152153,6.245052671300119,45.14665248614141,45.22806299954059,voiding,1
15.336530923843384,44.256377808,43.08264561903584,9.053121392566075,6.245592002015671,45.490662762127364,45.572693610626494,voiding,1
15.374444007873535,43.089472278,43.34542423543315,9.094190269675252,6.245944208447641,45.50101795305478,45.583067474508894,voiding,1
15.375582933425903,43.753646088,43.5932999726846,9.089949871669608,6.246108420510937,46.19067785650562,46.27397100431339,voiding,1
15.45164179801941,43.437598218,43.82410794865365,9.044948858063218,6.246083759078533,46.192957967782654,46.2762552271916,voiding,1
15.451894998550415,44.56874458800001,44.03708729887471,8.965371009512594,6.245869320327247,46.193935363272246,46.27723438516554,voiding,1
15.452004671096802,44.214834078,44.232800914080975,8.858515127741713,6.245464167581462,46.49341960325001,46.57725866885395,voiding,1
15.48605489730835,43.913510568,44.41294357852612,8.73221910803816,6.244867331133297,46.50226398141448,46.586118995606576,voiding,1
15.487075805664062,44.71651405800001,44.58007795407617,8.59426884747316,6.244077815781237,46.807738605152565,46.89214446518991,voiding,1
15.522916793823242,44.05339198800001,44.73733967846942,8.451836152834874,6.243094615146806,47.122394494288066,47.20736775624932,voiding,1
15.560458898544312,45.01731169800001,44.888148580864055,8.310990091102811,6.24191673124519,47.74569670657965,47.831793935663846,voiding,1
15.63606882095337,45.919178748,45.035949709919485,8.176322484605247,6.240543197336284,47.75325059412831,47.83936144472882,voiding,1
15.63699984550476,45.108813078000004,45.183990941299406,8.050720158624525,6.238973101793604,47.755384958672224,47.841499658056726,voiding,1
15.637266874313354,44.735971248000006,45.33513479599484,7.935304384245393,6.237205610615836,48.04146950758897,48.128100087746915,voiding,1
15.673560857772827,45.078312618000005,45.491707128645686,7.829542659133263,6.2352399862743395,48.05538218269268,48.14203785082417,voiding,1
15.675348997116089,46.216821168,45.655395945452646,7.731521031054673,6.23307560083343,48.33247783941023,48.419633179132674,voiding,1
15.711405992507935,45.66413179800001,45.827214276524195,7.638348460634137,6.230711941681258,48.626489371108825,48.714174885903454,voiding,1
15.75012993812561,45.908661348,46.00752918484925,7.546650227329486,6.228148608739828,48.900445582252495,48.9886251074459,voiding,1
15.78665804862976,45.184538358000005,46.19614619133749,7.453096946154392,6.225385302646556,48.90901058537934,48.997205555379026,voiding,1
15.787814855575562,47.65349800800001,46.39243084046921,7.354910834119392,6.222421804073732,49.172766172089105,49.261436758253964,voiding,1
15.823932886123657,47.615109498,46.5954415385394,7.25029231274312,6.21925794502954,49.443667515675706,49.53282660356212,voiding,1
15.861586809158325,46.76898466800001,46.80404088317257,7.1387180082893575,6.215893573617589,49.45200106738592,49.54117518271481,voiding,1
15.86276388168335,45.668338758,47.01696090163913,7.021075093748002,6.212328514276674,49.70414013312414,49.79376891717506,voiding,1
15.898988962173462,46.70062156800001,47.23282648889624,6.89961534099337,6.208562525940199,49.95370919584318,50.04378801426887,voiding,1
15.935482740402222,48.194618238,47.45016885055575,6.7777332281039575,6.20459526081532,50.215388094781424,50.30593878459369,voiding,1
15.974430799484253,48.027917448000004,47.667459828181336,6.659593565875701,6.200426226566127,50.22345825227301,50.31402349456323,voiding,1
15.975652694702148,48.34922401800001,47.88317250212224,6.549652813679645,6.196054754585677,50.45607537926132,50.54706008741868,voiding,1
16.01143503189087,46.78160554800001,48.09585360976077,6.452132159809115,6.191479976763265,50.70565391636227,50.79708867597903,voiding,1
16.050362825393677,48.602167488,48.304196605802744,6.370507637792132,6.186700812712382,51.174338600968994,51.26661851429473,voiding,1
16.12430191040039,48.18515257800001,48.50711708402563,6.3070818823963,6.181715968848072,51.408903456080644,51.501606347506154,voiding,1
16.16162395477295,48.804101568,48.703832405591086,6.2626933834042395,6.1765239500248805,51.6422648570279,51.73538855642947,voiding,1
16.19896388053894,49.97836927800001,48.89393121241395,6.236603075283259,6.171123083708905,51.87672294478388,51.970269429757444,voiding,1
16.23658800125122,50.206070988,49.07740207754434,6.226576572099457,6.1655115559035325,51.88648130678449,51.98004538848376,voiding,1
16.238154888153076,48.133617318,49.25459265383459,6.229155860226336,6.15968745732257,52.115104736440856,52.209081082389154,voiding,1
16.274824857711792,48.308732028,49.42609821642386,6.240089814510119,6.153648837648955,52.34478653340773,52.43917705210151,voiding,1
16.311588764190674,48.727850417999996,49.5926163505057,6.254871628110627,6.147393765170355,52.81456927873581,52.909806931211996,voiding,1
16.386608839035034,51.553349927999996,49.7548208055605,6.269315965749034,6.140920388677174,52.82235599590889,52.91760768975045,voiding,1
16.387849807739258,50.44323835800001,49.9132852476756,6.280101512035997,6.134226998269077,52.8238074624351,52.91906177362763,voiding,1
16.388080835342407,49.424628168000005,50.06844998787575,6.285206757772723,6.127312081660533,53.04334370235021,53.138993891354644,voiding,1
16.423012733459473,49.634450298,50.220611078447654,6.284178345744167,6.120174372712721,53.05030431990787,53.14596706061698,voiding,1
16.424120903015137,49.710701448,50.369928849500305,6.278190873102344,6.112812889247794,53.27799465624839,53.37406797860989,voiding,1
16.46041178703308,51.591738438,50.516471521078174,6.269882424199177,6.105226957712378,53.51500961029469,53.61151032888669,voiding,1
16.498234748840332,51.014859048,50.660303430244724,6.262978183288572,6.0974162229301845,53.52067279811769,53.61718372882958,voiding,1
16.499139070510864,49.427257518,50.801606000477285,6.2617417422361195,6.089380641989818,53.7485281892965,53.845449999295234,voiding,1
16.535502672195435,50.623611767999996,50.940806857384004,6.270316724100841,6.0811204622139,53.984613838364616,54.08196136882851,voiding,1
16.573088884353638,52.945327818,51.078691711163216,6.292037155796105,6.0726361841021355,54.22355117795313,54.32132957118125,voiding,1
16.610952854156494,51.69533482800001,51.216469986683556,6.328791607409033,6.063928511078815,54.231850722187566,54.329644081534326,voiding,1
16.612258911132812,51.383493918000006,51.355759740863725,6.380522587808696,6.054998288744752,54.4820298174715,54.58027431123172,voiding,1
16.65127182006836,50.092483068,51.49847144896069,6.444929402826064,6.045846437073705,54.710608350217846,54.80926502726693,voiding,1
16.686539888381958,51.298302978,51.64660759581895,6.5174211695876,6.036473879545656,54.71847334904044,54.81714420861595,voiding,1
16.687739849090576,52.254860508,51.802026047877696,6.591339419162273,6.0268814735238685,54.95848104230268,55.05758469475324,voiding,1
16.723968029022217,53.011587438,51.96621252529395,6.658439825343935,6.017069946222399,55.210748526300094,55.310307079042374,voiding,1
16.761709928512573,52.414724987999996,52.14008094935288,6.709593442927099,6.00703984035693,55.4620142105285,55.562025857071234,voiding,1
16.799086093902588,50.575757598,52.32380398071592,6.735642664441633,5.996791473027547,55.47069100517422,55.57071829811082,voiding,1
16.80037498474121,52.360034508000005,52.51668620827544,6.728328659898223,5.986324910574457,55.7125645039018,55.8130279542194,voiding,1
16.83644986152649,53.431231698,52.71710965792735,6.681197319483226,5.975639961127133,55.967160231098646,56.068082780102834,voiding,1
16.87481689453125,53.679968208,52.92257750735982,6.590390669363868,5.964736185405577,55.975352816092354,56.07629013834137,voiding,1
16.876072883605957,52.28483509800001,53.129858924185115,6.455240313718761,5.953612925115161,56.20162618725649,56.302971536021325,voiding,1
16.911611795425415,52.087633848,53.335222437065376,6.2785975884450265,5.942269347097454,56.434264091236706,56.536028943334706,voiding,1
16.949299812316895,53.663666238,53.53474699772347,6.066859836395666,5.930704500350953,56.65636639321554,56.7585317503662,voiding,1
16.98663878440857,55.151352468000006,53.72469795780348,5.829680937867328,5.918917382200373,56.663497222024915,56.76567543781298,voiding,1
16.9878888130188,53.512215678,53.90193341406562,5.579384024354651,5.9069070093384655,57.06640311334855,57.16930786751007,voiding,1
17.06175208091736,53.508008718000006,54.06428087370809,5.330122223783944,5.89467248923466,57.072450273061534,57.17536593173867,voiding,1
17.062911987304688,55.563634548,54.210819500998845,5.096856675627796,5.882213087518997,57.25265449590374,57.355895107096515,voiding,1
17.098984956741333,55.686162258,54.34201940966124,4.894237800733522,5.869528287396924,57.43357178728707,57.537138636833376,voiding,1
17.13655972480774,52.987923288,54.4597137822526,4.735484520564164,5.8566178378901395,57.61128990661731,57.715177225623435,voiding,1
17.174505949020386,53.420714298,54.5669110563591,4.631356213539998,5.843481788662825,57.618584120456674,57.722484592723575,voiding,1
17.176088094711304,54.653879448000005,54.66748968343365,4.589303908010233,5.830120510292519,57.781365694177154,57.885559701640105,voiding,1
17.211467027664185,55.862854578000004,54.76583343217634,4.612871518664048,5.816534699979513,57.95645413341659,58.06096386837968,voiding,1
17.24906277656555,56.488114008000004,54.866445849805615,4.701396416191202,5.802725373756529,57.96253435967137,58.06705505877717,voiding,1
17.250335931777954,54.078051798,54.97355369730713,4.850033284677251,5.788693847169715,58.14140950129239,58.24625275625365,voiding,1
17.286471843719482,53.105718168,55.09071053976487,5.050098302451549,5.774441707080393,58.335781978252015,58.44097573457425,voiding,1
17.324068784713745,55.246534938,55.22044469614157,5.289704448484586,5.759970777637428,58.342841664368535,58.44804815104041,voiding,1
17.32537078857422,56.710031148000006,55.36401941586503,5.554635312458095,5.7452830835744715,58.5488465743204,58.654424538489685,voiding,1
17.361562728881836,54.624956598000004,55.52135613423196,5.8293860028351245,5.730380813805062,58.77240171765808,58.87838280671016,voiding,1
17.3990478515625,54.647569008,55.69113047667627,6.098287023188814,5.715266287857601,59.00656504028627,59.11296838337635,voiding,1
17.43667984008789,55.605178278000004,55.871019526768116,6.346621247879673,5.699941927067723,59.01428512632973,59.12070239063287,voiding,1
17.437875986099243,57.470439168000006,56.0580608258137,6.5616457532886825,5.684410231697233,59.51977712649101,59.62710591714186,voiding,1
17.513917922973633,57.982110678000005,56.24906128988352,6.733439062772134,5.668673764352371,59.523269693232905,59.63060478184022,voiding,1
17.514431953430176,56.107384128,56.44097476832476,6.855509597541953,5.6527351393048715,59.523826595397495,59.63116268823632,voiding,1
17.51451277732849,55.139257457999996,56.631179681375514,6.925121532523568,5.636597016645197,59.779041616708454,59.886837924973406,voiding,1
17.551317930221558,55.898087868,56.817637195803485,6.943318142348044,5.620262099674993,60.02418825363136,60.13242662155015,voiding,1
17.586697816848755,58.712018238000006,56.99895697552695,6.914648080441142,5.603733133616467,60.281345293098546,60.390047378379634,voiding,1
17.624071836471558,58.06887922800001,57.17440363459167,6.846624700091843,5.587012903603909,60.289672558772686,60.39838966016098,voiding,1
17.62529683113098,56.553847757999996,57.34385297436136,6.748970366509465,5.570104230032522,60.53176811124028,60.640921770427056,voiding,1
17.661479949951172,56.680582428,57.50769593914616,6.632714814951924,5.553009959659603,60.778954390274315,60.88855378709108,voiding,1
17.699097871780396,57.02187205800001,57.66670660653581,6.509227483519448,5.535732951353252,60.78733903441081,60.89695355080226,voiding,1
17.700397968292236,58.90711600800001,57.82190995487608,6.389267451489947,5.51827605601967,61.01594391733473,61.12597066453089,voiding,1
17.736479997634888,58.64365513800001,57.974476788600406,6.282130864440756,5.500642090955152,61.25541599403559,61.365874568258455,voiding,1
17.774865865707397,56.985587028000005,58.125647137279906,6.19496493802997,5.482833809598631,61.48360524340671,61.59447529894481,voiding,1
17.811887741088867,57.307945338,58.27666946976009,6.1323008754860835,5.464853868337352,61.49005559963384,61.60093728674999,voiding,1
17.81294274330139,59.962011228,58.42874726426958,6.095836943674812,5.446704792576353,61.72381418692159,61.83511739823842,voiding,1
17.851325750350952,59.680670778,58.58298627637374,6.084479569094061,5.428388944664463,61.938447394761354,62.05013764251789,voiding,1
17.886571884155273,58.319193348000006,58.74032757527677,6.094626884474261,5.409908496430763,62.16755766707035,62.2796610569729,voiding,1
17.924083948135376,57.25430659800001,58.901454072791886,6.120657906600875,5.391265408999777,62.17582610768714,62.28794440762086,voiding,1
17.9254310131073,58.983893028000004,59.066683619716315,6.15557343951523,5.372461422215452,62.39509543869518,62.50760913513843,voiding,1
17.96094799041748,60.088745898000006,59.23588455896293,6.191723409148982,5.353498055431022,62.631704473678205,62.74464483438009,voiding,1
17.999069929122925,60.114513527999996,59.408441309910074,6.221550575221441,5.334376620653233,62.64000151515276,62.75295683746019,voiding,1
18.000401735305786,59.742723438000006,59.58326912554236,6.238282666778553,5.315098248123464,62.86509072465326,62.978451938141916,voiding,1
18.0364887714386,58.745148048,59.75886460251708,6.236513471762102,5.295663923446588,63.09533119180855,63.209107585462384,voiding,1
18.073477745056152,58.24399393800001,59.93339471221562,6.212627157867482,5.276074534420194,63.10383025963452,63.21762197919708,voiding,1
18.074851036071777,60.67298746800001,60.10484647245116,6.165037487536312,5.256330924852157,63.3437616282865,63.45798600309207,voiding,1
18.113993883132935,61.948222218000005,60.2712492509933,6.094232681397034,5.236433951958887,63.555366490266834,63.669972440660025,voiding,1
18.14897894859314,60.22073926800001,60.43094169026699,6.0026354648712035,5.216384543475283,63.778790938823704,63.89379977842487,voiding,1
18.18653893470764,60.19181641800001,60.582820647033714,5.894304426201007,5.196183750429813,63.78589215593407,63.90091380077547,voiding,1
18.187756061553955,61.114718268,60.72651114312166,5.774515683837948,5.175832791674003,63.99302658441393,64.10842174355233,voiding,1
18.224019765853882,61.118399358,60.86242586230785,5.6492719560959515,5.155333086710092,64.20292066068261,64.3186943104414,voiding,1
18.261587858200073,61.41341242800001,60.991711248062714,5.524788964245429,5.134686274113254,64.20949646459904,64.32528197214891,voiding,1
18.26279091835022,60.72504859800001,61.116094110327666,5.407006782846723,5.113894213848651,64.4032980629819,64.51943304245833,voiding,1
18.298987865447998,60.601469148,61.23765680828678,5.301166912540028,5.0929589729682725,64.6018497290013,64.718342745944,voiding,1
18.336761713027954,60.60094327800001,61.35858314368973,5.211485556824116,5.071882795447826,64.60768951593461,64.72419306344882,voiding,1
18.337889909744263,62.767001807999996,61.480919831049476,5.1409411944585495,5.0506680581875205,64.79421096034973,64.91105085188312,voiding,1
18.374347925186157,62.087051898000006,61.60638259180338,5.091181544772343,5.029317216345074,64.97807954847399,65.09525100027449,voiding,1
18.41056489944458,60.567813468000004,61.736213771533805,5.062542883572856,5.00783274209202,65.16856691403977,65.28608186139027,voiding,1
18.448222875595093,61.456007898,61.87109035473109,5.05416465293606,4.986217061496366,65.17306845290712,65.29059151763887,voiding,1
18.4491126537323,62.455686768,62.011088539727616,5.064175367145509,4.964472494470241,65.35801627307089,65.47587284419043,voiding,1
18.485540866851807,62.632904958000005,62.1557133943338,5.089922477677362,4.942601202546405,65.55080211356047,65.66900632494537,voiding,1
18.523274898529053,61.977145068000006,62.30398909891802,5.128219179622754,4.920605148666186,65.55559374752102,65.67380659939994,voiding,1
18.524204969406128,62.901098658,62.45459126281158,5.175584710291179,4.898486072217462,65.74484236658873,65.86339648025319,voiding,1
18.560584783554077,61.21884052800001,62.60600281951341,5.228460692364142,4.876245481334984,65.93973240176292,66.05863795007306,voiding,1
18.597664833068848,63.191378898,62.756683460233916,5.283393403006673,4.853884663077215,66.14755034728839,66.26683064244479,voiding,1
18.636799812316895,63.82610398800001,62.905243502117784,5.3371792672003115,4.8314047106516,66.15350266648502,66.27279369513627,voiding,1
18.63790988922119,63.302863338,63.05060182703736,5.38697718286811,4.8088065655064405,66.35028643447792,66.46993231264068,voiding,1
18.67429280281067,62.623965168000005,63.192097464591974,5.430395510989227,4.7860910709643045,66.5652906683516,66.6853242520052,voiding,1
18.713757753372192,63.470089998,63.32953125936876,5.465563096053456,4.763259033238633,66.56612399016024,66.68615907649793,voiding,1
18.71390986442566,63.697791708000004,63.46313496598069,5.491192374966707,4.740311285219201,66.75928529459503,66.87966869825189,voiding,1
18.74903702735901,63.34493293800001,63.59348273605888,5.50663883624172,4.717248748363395,66.96641801724896,67.08717493212679,voiding,1
18.78663396835327,63.859759668,63.72136583156945,5.51195561193609,4.69407248838054,67.17318364936054,67.29431341350485,voiding,1
18.824159860610962,63.809802018000006,63.84765145398448,5.50793597074595,4.6707837611013865,67.58689373275132,67.70876951788351,voiding,1
18.899352073669434,63.915501888,63.973146944866556,5.496131247466463,4.647384045909584,67.59297348259939,67.71486023101522,voiding,1
18.90046000480652,63.298656378,64.09849093593841,5.478828557457059,4.623875065279656,67.59318601626067,67.71507314792694,voiding,1
18.900498867034912,64.374060528,64.2240902202929,5.4589724934665655,4.6002587902065954,67.59428129325087,67.71617039997082,voiding,1
18.900699853897095,65.201254038,64.35011184451784,5.44001839886899,4.576537432513167,67.78872335115256,67.91096308470503,voiding,1
18.936489820480347,64.24679998799999,64.47652485528589,5.4257116626210955,4.552713426075966,67.99548804705854,68.11810062818928,voiding,1
18.974618911743164,63.86764771800001,64.6031743485753,5.419797058307865,4.5287893998286455,68.19722528863758,68.32020165161049,voiding,1
19.011821031570435,65.825461728,64.72987061690947,5.425673173802961,4.50476814591049,68.20303528603891,68.32602212586548,voiding,1
19.012889862060547,63.91813123800001,64.85648389266724,5.446017810079737,4.4806525864882545,68.40017323003971,68.5235155580442,voiding,1
19.048967838287354,64.644357708,64.98303952874494,5.482419126708339,4.456445742577247,68.60755540671396,68.73127169576634,voiding,1
19.08661389350891,66.52539469800001,65.10980594948542,5.535052714829496,4.432150707646021,68.61452314091976,68.73825199450988,voiding,1
19.087865114212036,64.499217588,65.23736160015213,5.602445551312691,4.407770627961289,68.81856126562181,68.94265805011202,voiding,1
19.124029874801636,65.103442218,65.36662260441268,5.68136340390188,4.383308690599574,69.03423415586705,69.15871985159994,voiding,1
19.161707878112793,66.125207628,65.49881499079865,5.7668488840020995,4.3587681189273795,69.25160186058248,69.3764795237252,voiding,1
19.1991229057312,66.57167125800001,65.63538292177216,5.852423828146304,4.334152174256468,69.2591025763939,69.38399376517121,voiding,1
19.200396060943604,64.828412208,65.77783269506206,5.930453449259084,4.309464161442786,69.47581078367004,69.60109275062116,voiding,1
19.23674702644348,65.15287399799999,65.92752383206006,5.992652542347779,4.284707435532441,69.70728937031745,69.83298875006757,voiding,1
19.275251865386963,67.01813488799999,66.08543441270426,6.030697924702997,4.259885406254238,69.70929905198078,69.835002055681,voiding,1
19.275584936141968,66.477014658,66.25193636541846,6.036898122804616,4.235001537263887,69.9257737769274,70.0518671377754,voiding,1
19.31153893470764,66.67842286800001,66.42661066109983,6.004862659446738,4.210059337561241,70.14949419343053,70.27599097718947,voiding,1
19.349028825759888,65.31799717800001,66.60812556026973,5.930110221181584,4.185062343380655,70.3725493210953,70.49944832808586,voiding,1
19.387025833129883,66.37552174800001,66.79420595592318,5.810557957908713,4.160014090002162,70.3827397684755,70.50965715134794,voiding,1
19.38880467414856,66.520135998,66.98172732116178,5.646842982596961,4.134918074217452,70.57414692471744,70.70140946174858,voiding,1
19.423325777053833,68.10984100799999,67.16695291262332,5.44244097030367,4.109777709457575,70.77884430944015,70.90647596617927,voiding,1
19.46178102493286,67.727533518,67.34589658117177,5.203564244206087,4.084596553883015,70.96807568948067,71.09604857691913,voiding,1
19.499095916748047,65.84491891799999,67.51475796584992,4.938841151352842,4.05937798014711,71.14811677472257,71.27641432049947,voiding,1
19.536613702774048,69.20154712800002,67.67036180617751,4.658797958648092,4.034125127516671,71.15398929767025,71.28229743304973,voiding,1
19.53791379928589,69.478680618,67.8105358381243,4.375182048530432,4.008840862389474,71.30519806060342,71.43377886255603,voiding,1
19.573595762252808,65.90434222799999,67.93437070046784,4.100179190611731,3.9835277510776645,71.60584697177241,71.73496991762413,voiding,1
19.64927101135254,68.44850128800002,68.0423224619776,3.8455868226000733,3.958188047871911,71.60999533532087,71.73912576169192,voiding,1
19.650382041931152,69.092692038,68.13614697955694,3.622008810366143,3.932823700256418,71.73741630571782,71.86677650342398,voiding,1
19.68647789955139,68.618883168,68.21868123615616,3.43813486249123,3.907436371824917,71.86389396218043,71.99348223019479,voiding,1
19.72401785850525,67.702291758,68.29350001398464,3.3001600098112056,3.8820274820774956,71.86784656055968,71.99744195608064,voiding,1
19.725231885910034,67.84269904800001,68.36448875619115,3.2113871985599194,3.8565982609802463,71.98402139182602,72.11382627912845,voiding,1
19.76163077354431,68.03253811799999,68.43539288232971,3.172040362942426,3.831149815053809,72.10287396795285,72.23289317566905,voiding,1
19.79905676841736,68.47374304799999,68.50941467554966,3.179297872954419,3.8056832009106523,72.22412380199883,72.35436165297419,voiding,1
19.836906909942627,69.32512657800001,68.58891657541852,3.2275386227581415,3.780199501644319,72.22742756554891,72.35767137402215,voiding,1
19.837917804718018,67.498780068,68.67526230114265,3.3087767890942885,3.7546999013159352,72.34589746625961,72.47635490508878,voiding,1
19.87316608428955,67.37520061800001,68.76880267572469,3.4132477834969053,3.7291857529815027,72.48035503411471,72.6110549329941,voiding,1
19.911895990371704,70.34794372799999,68.86899505088573,3.530098145092878,3.70365863622637,72.48137418600997,72.61207592267078,voiding,1
19.912179946899414,71.62843717800001,68.97462268930072,3.6481266590827452,3.67812040096452,72.6127989565043,72.74373768433611,voiding,1
19.947677850723267,67.602902328,69.08405561093006,3.756522987076264,3.652573195245324,72.7563380110657,72.88753557510088,voiding,1
19.985440969467163,66.624258258,69.19549409262476,3.8455532892421544,3.627019475903576,72.90306492140017,73.0345270701264,voiding,1
20.023292779922485,70.56039520800002,69.30717015442409,3.9071490818986185,3.601462002001519,72.90596685266225,73.03743423428396,voiding,1
20.024032831192017,71.10572239800001,69.41751312223147,3.9353650290690823,3.575903812060276,73.04899363662315,73.1807189306984,voiding,1
20.06041693687439,69.903057708,69.52527704152669,3.9266824929724864,3.5503481869904108,73.19712373292833,73.3291161419839,voiding,1
20.098365783691406,68.38066405800001,69.62960436734559,3.8801474230689212,3.5247986013518156,73.20124225951079,73.3332420952823,voiding,1
20.099438667297363,69.333014628,69.73000815814834,3.7973425853485177,3.499258666067053,73.33956640168331,73.47181566988911,voiding,1
20.136425971984863,70.387383978,69.82629093297041,3.682204429023064,3.4737320659663533,73.47784131031113,73.61033992217105,voiding,1
20.174713850021362,69.542310888,69.91844095509394,3.5407034843381973,3.4482224955650196,73.6052489524589,73.73797731161982,voiding,1
20.211530923843384,70.234881678,70.00653844980928,3.3804137540206356,3.4227335962911507,73.60976323220655,73.74249973172365,voiding,1
20.2129008769989,70.72972534800002,70.09068484453205,3.210001005020262,3.397268898034038,73.83770819695005,73.97085573727715,voiding,1
20.285858869552612,69.229418238,70.17095872873452,3.038662280929751,3.371831767420125,73.84097600632835,73.97412943931913,voiding,1
20.286963939666748,68.677780608,70.24740458379395,2.875549562273041,3.3464253646958166,73.84175772937476,73.97491257200437,voiding,1
20.287242889404297,72.300499038,70.32006233388626,2.729209583825493,3.3210526105532936,73.93681842208589,74.07014468251442,voiding,1
20.32287096977234,71.49434032799999,70.38903442480218,2.6070696503705206,3.2957161637173664,74.03243926167526,74.16593794998523,voiding,1
20.3602077960968,68.898120138,70.4545668080317,2.514996095572367,3.270418409647455,74.12703330226158,74.26070256688197,voiding,1
20.398258924484253,69.32775592800002,70.51711424992875,2.456947948931073,3.2451614603144563,74.12899496860848,74.26266777059556,voiding,1
20.39906096458435,71.94501091800001,70.57737617785378,2.434743493088315,3.219947164689558,74.22065004296958,74.35448812158845,voiding,1
20.436603784561157,72.44826850800001,70.63630104567828,2.447951755575935,3.1947771293211815,74.31466182449984,74.44866942947289,voiding,1
20.474650859832764,69.34721311800001,70.69504917686331,2.4939146485633574,3.1696527481588577,74.31557539504956,74.44958464741491,voiding,1
20.475011825561523,69.53705218799999,70.75490013414047,2.567898576013057,3.1445752405866796,74.40809560906955,74.54227169812617,voiding,1
20.51038384437561,71.586367578,70.8171109125278,2.6633671035772926,3.119545696432641,74.51331218432149,74.64767800473001,voiding,1
20.549096822738647,71.819327988,70.88275354312269,2.7723590896007053,3.094565126508203,74.6195893542961,74.75414681856952,voiding,1
20.58666181564331,71.17513723799999,70.95255887309334,2.8859499772652137,3.069634516998982,74.62335602205361,74.75792027855502,voiding,1
20.587942838668823,69.220478448,71.02678102517491,2.994768296328896,3.0447548857791262,74.73414498940079,74.86890902564696,voiding,1
20.62436079978943,71.55271189800001,71.10510038621528,3.0895353790076467,3.0199273384779586,74.96856622927888,75.10375298465125,voiding,1
20.69936203956604,71.185128768,71.1865952644976,3.161594351015436,2.995153121918476,74.97214229274472,75.10733549663867,voiding,1
20.700485706329346,70.567231518,71.26980805618224,3.2033949547461167,2.970433672411172,74.97283178657793,75.10802623379877,voiding,1
20.700700759887695,71.773051428,71.35290681618008,3.20890380938188,2.945770656363585,75.08732766792801,75.22272857937088,voiding,1
20.736577033996582,72.811644678,71.43391527322939,3.1739151535118375,2.921166000791622,75.09091996683861,75.22632735607955,voiding,1
20.737722873687744,69.948282528,71.51096808612466,3.0962445177016296,2.896621911617881,75.20233905502516,75.33794736027366,voiding,1
20.77442193031311,71.24981077800001,71.58254747002495,2.975796479098577,2.8721408781232913,75.31071852618128,75.44652226626054,voiding,1
20.811856746673584,73.001483748,71.6476667818964,2.814506863783451,2.847725662569592,75.41200351282441,75.54798989463475,voiding,1
20.84915781021118,72.894732138,71.7059729605825,2.6161686739818535,2.823379274798974,75.41494517871301,75.55093686507014,voiding,1
20.85033392906189,71.246129688,71.75774057985372,2.3861589170237494,2.799104932493048,75.49484159149321,75.63097735072452,voiding,1
20.88570785522461,70.31691739800002,71.80374371806684,2.131089884405571,2.774906008673447,75.57397716675918,75.71025562688757,voiding,1
20.925379753112793,72.909456498,71.84502560188184,1.8584129868211574,2.750785968883849,75.63599611482033,75.77238641035898,voiding,1
20.961495876312256,72.65440954799999,71.88261670842454,1.5760059134932,2.7267483012432057,75.6903822232895,75.82687059035214,draining,1
20.999424934387207,70.123397238,71.91725809383139,1.2917746868949713,2.702796443143811,75.73336706805046,75.8699329473557,draining,1
21.036720752716064,71.91924328799999,71.9491779614479,1.0133011466438153,2.6789337087338727,75.73438681767337,75.87095453583788,draining,1
21.03787899017334,72.935749998,71.97796215579189,0.7475633747172872,2.6551632214288916,75.75747107518967,75.89408041994558,draining,1
21.07486367225647,70.962159888,72.0025491409338,0.5007511282665561,2.6314878555071712,75.77186019289252,75.9084954847651,draining,1
21.111809015274048,70.78914865800002,72.0213604729368,0.2781896814591164,2.607910190347633,75.77205827382511,75.9086939228863,draining,1
21.11290168762207,73.42954192799999,72.03255485989176,0.08437267850865696,2.5844324800737866,75.77218909037761,75.9088249753332,draining,1
21.147971868515015,72.668608038,72.03437070746796,-0.07691240603959847,2.5610566403197086,75.76676117693691,75.90338727403017,draining,1
21.186837911605835,71.92660546799999,72.02549887307954,-0.20240151475341403,2.53778425260797,75.75759695034934,75.8942065220891,draining,1
21.22412371635437,71.32974301800002,72.0054173689675,-0.2891650022829657,2.5146165855282523,75.75718189273756,75.89379071602642,draining,1
21.225454807281494,72.09909082800002,71.97463351725294,-0.3344702480486833,2.4915546306457337,75.74501440442621,75.88160128674235,draining,1
21.26176381111145,73.06721749799999,71.93480219927038,-0.3357485422177361,2.4685991499674627,75.73328438947695,75.8698501196924,draining,1
21.29921293258667,72.407250648,71.88870152837207,-0.2907021987977599,2.4457507309569495,75.73296728473964,75.86953244313729,draining,1
21.300511837005615,71.42650309800001,71.84005411802536,-0.19756273076105632,2.4230098445916557,75.72840781188985,75.86496474843705,draining,1
21.336548805236816,71.53640992800001,71.79320149968312,-0.055481466549904636,2.4003769018516508,75.72991559456847,75.8664752500185,draining,1
21.374473810195923,72.044926218,71.75267205789184,0.13499537460287783,2.3778523043203337,75.73914233334781,75.87571862687619,draining,1
21.410911798477173,71.146214388,71.72271021667723,0.3714397616140848,2.3554364852419636,75.73975465564737,75.87633205334339,draining,1
21.41211175918579,70.654525938,71.70684263283128,0.6491308206745812,2.333129938353874,75.76949357502284,75.90612459930158,draining,1
21.449055910110474,72.11381518799999,71.70754716487666,0.9608084325560862,2.3109332330037198,75.81188781362661,75.94859528513986,draining,1
21.48661494255066,71.98602877799999,71.72606723618614,1.2966639169405356,2.288878921392775,75.81375104494109,75.95046187631846,draining,1
21.487881898880005,71.520633828,71.7623826552021,1.6446076506960372,2.2669677586955514,75.87948114033237,76.016310499231,voiding,1
21.52404284477234,71.180395938,71.8153191385791,1.9908113777220642,2.2452004416946596,75.96049447984916,76.09746992571544,voiding,1
21.561624765396118,72.453527208,71.88276243943017,2.320481827741267,2.223577583663824,76.05286890551268,76.190010925178,voiding,1
21.599028825759888,73.00832005800001,71.96193564111462,2.6187907948108538,2.202099691136468,76.05659977009304,76.19374851742441,voiding,1
21.600387811660767,71.90451892800002,72.04969368929154,2.871868936030361,2.180767145410443,76.16455621374138,76.30189963308092,voiding,1
21.636739015579224,71.22141379800001,72.14279346152125,3.0677661797971547,2.1595801912819166,76.28285545053458,76.42041219248105,voiding,1
21.674503803253174,71.58373822800002,72.23811613623695,3.1972888664306764,2.1385389349050827,76.28681723840589,76.42438112442986,voiding,1
21.675731897354126,74.00642131800001,72.33283773725404,3.2546399690516914,2.117643351890833,76.40307461496224,76.54084814161715,voiding,1
21.71154499053955,73.494749808,72.42454516930377,3.237811043454871,2.0968933058552413,76.52344796740314,76.6614385568054,voiding,1
21.74924111366272,71.685231138,72.51128656750635,3.1486999538485896,2.0762885766873604,76.52629673276874,76.6642924591953,voiding,1
21.750168800354004,71.113610448,72.59155392081105,2.9929541031961255,2.055828896909096,76.63141112631054,76.76959639983023,voiding,1
21.786587715148926,71.746232058,72.66422707613852,2.7795624110222077,2.0355139937285465,76.73027608404642,76.86863963539012,voiding,1
21.823896646499634,74.587507668,72.72852789938848,2.5202386905712393,2.015343633812316,76.81988538816807,76.95841052711688,voiding,1
21.86163568496704,73.64672623800001,72.7840135998918,2.2286530544606484,1.995317667474908,76.82248254113745,76.96101236339155,voiding,1
21.862887859344482,70.71920794799999,72.83059799831207,1.9195758442568358,1.97543606893506,76.88437254914338,77.02301397429711,voiding,1
21.897977113723755,72.99359569800001,72.86857034105267,1.608000281298515,1.9556989695245934,76.94004604494151,77.07878786309509,draining,1
21.936157941818237,74.862011808,72.89859075123185,1.3083060733126934,1.9361066812332155,76.94136092211168,77.08010511131205,draining,1
21.937280893325806,73.122959718,72.92165222150082,1.0335175251420727,1.9166597086864463,76.97569566009008,77.11450176326396,draining,1
21.974841833114624,72.208471788,72.93900166811368,0.7946975393070992,1.8973587485175403,77.00122511168003,77.14007725073135,draining,1
22.01143789291382,70.822804338,72.95202691624948,0.6005046616965479,1.8782046760306312,77.02118196531038,77.16007009147503,draining,1
22.04918384552002,73.433748888,72.96214354908327,0.4569254600736014,1.8591985199819672,77.02168918394369,77.16057822474824,draining,1
22.05041480064392,74.68058665800001,72.97072207537896,0.36718034763269186,1.8403414271565475,77.03432628997882,77.1732381185923,draining,1
22.0865740776062,73.23076306800002,72.97906494235933,0.33178860842873087,1.8216346191294177,77.04710439312804,77.18603926380288,draining,1
22.124125957489014,72.037564038,72.9884060377789,0.3487686999719889,1.803079344130632,77.04759591947095,77.18653167648863,draining,1
22.125414848327637,71.725723128,72.99990168743008,0.4139434369748993,1.7846768272529636,77.06456818717515,77.20353454936401,draining,1
22.16170907020569,74.575412658,73.01460578712957,0.5213166031073434,1.7664282223390566,77.08664917635862,77.22565535599942,draining,1
22.19898271560669,73.63147600799999,73.0334347653988,0.6634877778919004,1.7483345687607101,77.11483995904331,77.25389697359579,draining,1
22.236681938171387,73.25758243800001,73.05711793112808,0.8320753009654093,1.7303967559699527,77.1158232190372,77.25488200664917,draining,1
22.23774480819702,72.13800520800001,73.0861222519255,1.0181226915821184,1.7126154981824846,77.15671446724032,77.29584699182561,draining,1
22.27440881729126,72.780092478,73.1205588964454,1.212470700320223,1.6949913208805976,77.20834446490234,77.34757009106626,draining,1
22.3138427734375,73.898617968,73.16010617040286,1.406084611277302,1.677524560033944,77.20872524104128,77.34795155383819,draining,1
22.314096927642822,72.62759017799999,73.20399249903194,1.5903335550425508,1.6602153740777594,77.26606857165619,77.40539828857563,draining,1
22.3483567237854,71.160938748,73.25107032814054,1.7572246368546343,1.6430637678096014,77.33595818760881,77.47541393268764,draining,1
22.38658094406128,73.450050858,73.29998951188949,1.8995989921530407,1.6260696265219228,77.40960809539204,77.5491966493609,draining,1
22.42424488067627,76.195618128,73.34944768041002,2.0112990393564756,1.6092327579365753,77.41229047093188,77.55188386188327,draining,1
22.425553798675537,74.37873727800002,73.39845349790716,2.087316063104415,1.5925529389073596,77.48677051956638,77.62649821635581,voiding,1
22.460925817489624,73.020415068,73.44651255832393,2.123924976088734,1.576029963463024,77.56592960686105,77.70580004694555,voiding,1
22.49824094772339,70.83647695799999,73.49367087243856,2.1188090998086913,1.5596636886195203,77.56781666027769,77.70769050318341,voiding,1
22.499141693115234,73.42533496800002,73.54041696629206,2.0711727390632246,1.5434540745213425,77.64176804337129,77.78177523880113,voiding,1
22.53563380241394,76.73568661800002,73.58749068561016,1.9818340349911392,1.5274012158761356,77.71421720686615,77.85435504594886,voiding,1
22.573415756225586,74.78418304800002,73.63563816052309,1.8532859726213475,1.5115053622949872,77.78054938729987,77.92080683961117,draining,1
22.610859870910645,72.365706918,73.68532469465767,1.6897103562615834,1.4957669259870174,77.78188617440821,77.92214603727531,draining,1
22.611698865890503,70.43313466800001,73.73643179569292,1.4969287546758727,1.4801864762052683,77.83206196585789,77.97241230801231,draining,1
22.647806882858276,73.54891441800001,73.78801913505008,1.282276289703025,1.4647647208153245,77.92246161929083,78.06297497424447,draining,1
22.725181818008423,77.17268458800001,73.83825868613808,1.054388762294087,1.449502476273329,77.92262968583123,78.06314334385016,draining,1
22.725360870361328,69.62013964799999,73.88460364038707,0.8229006189595901,1.4344006280815782,77.94840737431292,78.08896751584143,draining,1
22.761642932891846,73.06301053800001,73.92417435001344,0.598059860341695,1.4194600843804612,77.96698007769581,78.10757371037448,draining,1
22.799226760864258,78.03405964800001,73.95427946446499,0.39027498391735066,1.4046817256983124,77.96735895192306,78.10795326780512,draining,1
22.800489902496338,77.922049338,73.97294757347443,0.2096169326094338,1.3900663539996028,77.97234256827574,78.11294587084325,draining,1
22.836744785308838,72.904723668,73.97932498875235,0.06530417958627868,1.3756146440505084,77.97290656568872,78.11351088528222,draining,1
22.873722791671753,68.739307398,73.97384054680825,-0.03479970038636498,1.3613270997802969,77.97063411075237,78.11123433255096,draining,1
22.911771774291992,71.66998090800001,73.95815366641824,-0.0846492193933382,1.3472040177933042,77.97054115377507,78.11114120794939,draining,1
22.912898063659668,77.16374479800001,73.93499225840866,-0.08041844431743521,1.3332454595272234,77.96876592395013,78.10936277694864,draining,1
22.947968006134033,79.45075342800001,73.90795666348826,-0.020820947577299135,1.3194512328161923,77.96881931191832,78.10941626118847,draining,1
22.949454069137573,74.60591311799999,73.88125613679613,0.09267250174232253,1.3058208828655662,77.9753088466181,78.11591749811471,draining,1
22.986705780029297,68.42956996800001,73.85930030423087,0.25574288882290025,1.292353691947557,77.98871189807096,78.12934471856438,draining,1
23.02409076690674,70.03925803800001,73.84615913730524,0.46128566046067737,1.2790486865511703,78.01053532828759,78.15120750179081,draining,1
23.061686992645264,76.26082600800001,73.84503262359273,0.6996516298089297,1.2659046503272844,78.0115744316779,78.15224847894,draining,1
23.062939882278442,80.229566898,73.85788834897981,0.959079295546061,1.2529201410060675,78.05105998958241,78.19180523901264,draining,1
23.09907579421997,69.93671338800002,73.88532253204903,1.2263122323280955,1.2400935095513985,78.1022021643765,78.24303963572079,draining,1
23.136767864227295,68.171367798,73.92661041960163,1.4873712976101225,1.2274229201478553,78.10423278656519,78.24507391962051,voiding,1
23.138030767440796,74.053223748,73.9799180947485,1.7284288793069857,1.2149063701494291,78.17096085169686,78.31192231185821,voiding,1
23.174443006515503,80.00028757800001,74.04267003243574,1.9367159635994404,1.202541709782787,78.246672641276,78.38777062840714,voiding,1
23.211941719055176,78.57886096800001,74.1120049825098,2.1013847844753766,1.190326662093708,78.32703240742669,78.46827530297203,voiding,1
23.24918293952942,72.20163547800001,74.18516350381698,2.2142506929524877,1.178258844242708,78.32997648040552,78.47122468483823,voiding,1
23.25049591064453,68.33596510800001,74.25967525185878,2.270346028105126,1.1663357916878931,78.41193661799036,78.55333261670043,voiding,1
23.28661298751831,71.618971518,74.33336431730099,2.268234869306765,1.1545549869531162,78.49625408466208,78.63780212849338,voiding,1
23.32426905632019,78.576757488,74.4043112522062,2.210058768584292,1.142913894514413,78.49866813099396,78.64022052794427,voiding,1
23.32538890838623,79.854095718,74.470872393932,2.1013077147047325,1.131410002837098,78.57234105932083,78.71402630667285,voiding,1
23.361755847930908,74.75788954800001,74.53172054770872,1.9503353022372278,1.1200408737959495,78.6419961190562,78.78380697160509,voiding,1
23.399224996566772,69.573337218,74.5858099468217,1.7676600230529074,1.1088041986931956,78.70472702299608,78.8466509947867,draining,1
23.436869859695435,70.27852888800001,74.63225796166692,1.5651136265934613,1.0976978589736175,78.70612009535877,78.84804657920134,draining,1
23.437824010849,75.901656798,74.67026426478749,1.3549108527132347,1.0902990149831178,78.75210682508626,78.89411623430802,draining,1
23.474560022354126,79.05529918799999,74.69919532126877,1.1487212969595828,1.082953507137977,78.79348274398717,78.93556676416266,draining,1
23.513861894607544,76.58423605800002,74.71883161898141,0.956823122609983,1.0756608442454327,78.85711581110267,78.99931457734189,draining,1
23.586825847625732,70.79072626800001,74.72964438144555,0.7874098714448899,1.0684207114407311,78.85802169088343,79.0002220906466,draining,1
23.58808970451355,74.59434397800001,74.73295811301898,0.6461065171545677,1.0612329948130785,78.85819779833045,79.00039851565865,draining,1
23.588387727737427,77.57655274800001,74.73093770172686,0.5357305539566263,1.0540977969092364,78.87594207358163,79.01817478820038,draining,1
23.62416100502014,76.255041438,74.7264057257546,0.45631024291790867,1.047015441298751,78.87645946213209,79.01869310972961,draining,1
23.625361919403076,72.897361488,74.72251086588308,0.4053474369602844,1.0399864651303943,78.89071308441868,79.03297243480132,draining,1
23.66174006462097,72.189014598,74.72228537450367,0.37828912291464345,1.0330115994698537,78.90473764474719,79.04702228485993,draining,1
23.69926691055298,74.694785148,74.72817494194699,0.36915234093368166,1.0260917381067443,78.90520224999887,79.0474877279091,draining,1
23.70052194595337,76.99756987800001,74.74164872667846,0.3712335502192719,1.0192278963766714,78.91834603019771,79.06065520957495,draining,1
23.735615968704224,75.67395508800001,74.76296113409985,0.37782735352235397,1.0124211622897674,78.93284769362579,79.07518302306731,draining,1
23.77374267578125,72.56553751800001,74.79107841869956,0.38288158463899896,1.005672642831563,78.94703905702744,79.08939997698602,draining,1
23.81087303161621,72.33257710800001,74.823763904408,0.38152603185334094,0.9989834086624981,78.94737700013769,79.08973852949077,draining,1
23.811771869659424,75.28638889800001,74.8578319492753,0.3704294796034147,0.9923544405654336,78.96040260243944,79.10278762015572,draining,1
23.848035097122192,77.743779408,74.88957245422681,0.34796230254722493,0.9857865808729123,78.97293201942935,79.11533963076472,draining,1
23.885880947113037,76.19404051800001,74.91528918569016,0.3141666755542442,0.9792804927637802,78.97318316601921,79.11559123023363,draining,1
23.88673996925354,72.20636830800001,74.93183812950738,0.27056002242873833,0.9728366297852058,78.98208914217929,79.1245132660582,draining,1
23.923063039779663,73.91702341800001,74.93705626667642,0.2198157101888055,0.9664552172776204,78.98952905013579,79.13196658999779,draining,1
23.961692810058594,78.22968328799999,74.93002168507785,0.16537467032763262,0.9601362466119987,78.99475067712405,79.1371976328632,draining,1
23.999473810195923,77.73063265799999,74.91112048177257,0.11104082790074914,0.9538794823504321,78.99482730573477,79.13727439965415,draining,1
24.000366687774658,73.72087390800002,74.88190317555613,0.060603331501168214,0.9476844816701967,78.99625014111803,79.1386998007594,draining,1
24.036794900894165,70.841735658,74.84474719785449,0.017513889268910284,0.9415506247007904,78.99629334951973,79.13874308707648,draining,1
24.0770480632782,72.49138984800001,74.80242189396465,-0.015367056615137068,0.9354771538552968,78.99628468059109,79.13873440251562,draining,1
24.077385902404785,76.373888058,74.75770754569574,-0.035952805152402637,0.9294632198220697,78.99485393689159,79.13730107883349,draining,1
24.11360788345337,77.91836824800001,74.7131745374287,-0.04304583921093003,0.9235079316361413,78.99343888948185,79.13588347974539,draining,1
24.1492338180542,75.555634338,74.67111056304033,-0.03639333484006225,0.917610408173677,78.99340658521531,79.13585111722632,draining,1
24.150450944900513,72.453527208,74.63350162150928,-0.01668949154472569,0.9117698284956954,78.99336651283173,79.13581097258238,draining,1
24.186574697494507,72.692798058,74.60199237709327,0.014470874667465333,0.9059854786865966,78.99466352320067,79.13711032177987,draining,1
24.22408390045166,75.34686394799999,74.57782708303623,0.05468603972652206,0.9002567931582369,78.99758749047975,79.14003956169078,draining,1
24.261672973632812,76.614736518,74.56181061624976,0.10088934597065152,0.8945833887864484,78.99773762433381,79.1401899662731,draining,1
24.262871980667114,75.031341948,74.55430098184584,0.14954096806309627,0.8889650906785447,79.00401107372916,79.14647472824,draining,1
24.299091815948486,73.043027478,74.55520471107364,0.19686863576936794,0.8834019488048938,79.01210381811237,79.15458206583087,draining,1
24.336212873458862,73.40640364800001,74.56395102169309,0.23915042866324368,0.8778942451384295,79.01235835992117,79.15483706664112,draining,1
24.337206840515137,76.791428838,74.57945786714379,0.27302310301864713,0.8724424913142551,79.0229629905421,79.16546082001813,draining,1
24.374493837356567,74.991375828,74.60012415938354,0.29578809226341307,0.8670474171374554,79.03478817879149,79.17730733198907,draining,1
24.413815021514893,72.50453659800002,74.62387481139295,0.30567844555870294,0.8617099505298095,79.04631002064258,79.18884995055357,draining,1
24.451732873916626,72.52820074799999,74.64827755889071,0.3020480537706219,0.8564311897215857,79.04642046651529,79.18896059558735,draining,1
24.45210886001587,75.594548718,74.67075055066823,0.2854517124665967,0.8512123686745153,79.05578509139684,79.19834210718979,draining,1
24.486597776412964,77.54394880800001,74.68885570964352,0.2575995550032769,0.8460548168800995,79.06482347219134,79.20739678640687,draining,1
24.52435302734375,76.37073283800001,74.70061598938439,0.22118845840807097,0.8409599148263741,79.06503007935711,79.20760376613616,draining,1
24.525383949279785,73.30228138800001,74.7047566497506,0.17963173672641872,0.8359290465749252,79.0707923041353,79.21337638162221,draining,1
24.56181287765503,72.13642759800001,74.70080425901644,0.13672260226647528,0.8309635510406643,79.075149469209,79.21774140373572,draining,1
24.59921407699585,74.208881268,74.68905986533306,0.09627340590912116,0.826064673714177,79.07811397652935,79.22071125679157,draining,1
24.6367290019989,76.524286878,74.67051475636454,0.06177074958981471,0.8212335206968011,79.07816787827514,79.22076525573546,draining,1
24.63783073425293,76.291326468,74.64675346203667,0.03607833414447258,0.8164710170118042,79.07921566280913,79.22181492968257,draining,1
24.674410820007324,74.22307975800001,74.61982935694667,0.021208821551543508,0.8117778711866793,79.0799508719346,79.22255146457083,draining,1
24.711745023727417,73.167658668,74.59207643477178,0.01817646337291095,0.8071545480468311,79.07998305766014,79.22258370833515,draining,1
24.71317195892334,74.397668598,74.56585684179616,0.026935221646221884,0.8026012514986622,79.08130023271588,79.22390325858133,draining,1
24.74909281730652,75.90533788799999,74.54329186477617,0.046402394157716596,0.7981179187970359,79.08357484436176,79.2261819719112,draining,1
24.786700010299683,73.433223018,74.52603798804817,0.07456444568573067,0.7937042273861193,79.08701090391567,79.22962422752522,draining,1
24.824206829071045,72.49559680800002,74.5151523798745,0.10865874766779271,0.7893596148842008,79.08715865211518,79.22977224215106,draining,1
24.825369834899902,74.58803353799999,74.51106918276307,0.14542114744718876,0.7850833121744262,79.0929133603651,79.23553732755471,draining,1
24.86058783531189,76.51745056800002,74.51368001897566,0.1813837922204068,0.7808743888952089,79.10038817951276,79.24302562563892,draining,1
24.89847493171692,77.024915118,74.52246890594158,0.2132001087333289,0.7767318099307824,79.10054269843745,79.2431804231992,draining,1
24.899159908294678,74.20782952799999,74.53661728715221,0.23796546307756566,0.7726545008189801,79.10949563448612,79.25214950359259,draining,1
24.935593843460083,72.30575773800001,74.55501461378465,0.2534959180783626,0.7686414193556305,79.11915312078645,79.26182440471494,draining,1
24.97331666946411,72.438802848,74.57618572554311,0.2585275607191806,0.7646916301226513,79.1384162138792,79.28112223390022,draining,1
25.04866099357605,75.377890278,74.59821541265468,0.2528073890542961,0.7608043782469338,79.1386187350059,79.2813251202223,draining,1
25.049487829208374,77.07276928799999,74.6187484460504,0.23706295226141652,0.756979158462962,79.13868620757341,79.28139271445944,draining,1
25.049787759780884,75.040281738,74.63507702818946,0.21285828747806848,0.7532157755579149,79.14587534122359,79.28859481188498,draining,1
25.08616805076599,73.415869308,74.64426886168314,0.18236305108205617,0.7495143925669113,79.14599902977754,79.2887187234798,draining,1
25.08691668510437,73.49948263799999,74.64329282526921,0.14807478114548842,0.7458755636773879,79.15073112326512,79.29345935009529,draining,1
25.123231887817383,75.232224288,74.62914558814713,0.11253747675478992,0.7423002496813493,79.15437189106403,79.2971066830936,draining,1
25.161428928375244,75.82382803800002,74.5990116017811,0.07809340698612484,0.7387898149325741,79.15441001749105,79.29714487827194,draining,1
25.16203999519348,73.11086470800001,74.55047730845334,0.04669303496159052,0.735346006041505,79.15561713577912,79.29835417329105,draining,1
25.19836187362671,72.95047435800001,74.48179582170485,0.019774798760271817,0.7319709138695087,79.15595469133602,79.2986923375436,draining,1
25.235888719558716,74.76945868800001,74.39218481812028,-0.00178471467451519,0.7286669216508842,79.15558304496088,79.29832002099867,draining,1
25.274118900299072,76.114108278,74.28212430836741,-0.01765784970499707,0.725436643160106,79.15555633517322,79.2982932630467,draining,1
25.275288820266724,75.58771240800002,74.15358738365512,-0.02800303034786969,0.7222828556498769,79.15435727854367,79.29709204422328,draining,1
25.314364910125732,74.186268858,74.01011099129768,-0.033367318316266964,0.7192084327313591,79.15307418210506,79.29580663404634,draining,1
25.352137804031372,72.40094020800001,73.85663495864107,-0.03457009954821524,0.7162162824006817,79.15189699363188,79.29462732281294,draining,1
25.387197971343994,73.70457193800002,73.69910472635223,-0.032582373666240304,0.7133092950205988,79.15189699363188,79.29462732281294,draining,1
