# expected_volume_mL=70.23,sensor_cal_factor=0.00052587,source_duration_s=25.00
time_s,mass_g,filt_mass_g,filt_inflow_g_s,kz_flow_g_s,cum_volume_g,cum_volume_mL,zone,is_roi
0.0,0.10393820550000044,0.10654746262437745,-0.00361989190426553,0.3920019940144056,-0.0001998962832444464,-0.00020025674538614146,empty,0
0.03526711463928223,-0.010175584499997115,0.08210358889178618,-0.007716237251125719,0.3927905691852074,-0.0005587033748419814,-0.0005597108543798652,empty,0
0.07279586791992188,0.15442172550000066,0.058159948821901966,-0.011405479311872208,0.3936112776932344,-0.0005799555410743898,-0.0005810013434926766,empty,0
0.07445311546325684,0.05187707550000198,0.03523704063521829,-0.01424206660591097,0.39446447585209127,-0.0011129834713562718,-0.0011149904541737847,empty,0
0.10997414588928223,-0.09273717449999808,0.013771915371717186,-0.01576989666705454,0.3953502812936556,-0.0017036647645486314,-0.0017067368909523457,empty,0
0.14769601821899414,-0.12797046449999883,-0.005900772266455441,-0.015547811427042637,0.3962685285428784,-0.0017215221218974273,-0.0017246264495065391,empty,0
0.1489391326904297,-0.00018405449999647772,-0.023553769508852396,-0.013182217478781831,0.39721873315098327,-0.002108513874725288,-0.002112316043603775,empty,0
0.184859037399292,0.010859215500001795,-0.03905683539793618,-0.008365264674330925,0.3982000669706506,-0.0022863674988251167,-0.0022904903815118382,empty,0
0.22318601608276367,-0.04225365449999785,-0.052353598061055225,-0.0009155933640057714,0.3992113470476079,-0.0021324426961272023,-0.0021362880145533985,empty,0
0.2604238986968994,-0.02384820449999836,-0.06343247593398092,0.00918270158242437,0.4002510402003855,-0.0021142534088274775,-0.002118065927496972,empty,0
0.2616000175476074,0.0019194255000023475,-0.07230025514295621,0.021748334492331673,0.4013172846561544,-0.0010758548988492227,-0.0010777949297227237,empty,0
0.29732513427734375,-0.036469084499998417,-0.07896578281632399,0.0363843522576561,0.40240792914105133,0.0006224859043427512,0.0006236083994617824,empty,0
0.33554887771606445,-0.018063634499998926,-0.08343815763759992,0.05247878098907621,0.4035205886701862,0.0006988162193972087,0.0007000763568395198,empty,0
0.3368031978607178,-0.19948878449999796,-0.08573961932639104,0.06922908662323,0.4046527150650424,0.003488481337193198,0.0034947719266611886,empty,0
0.3728170394897461,-0.1695141944999996,-0.08592885029330263,0.08569274296283833,0.4058016790795255,0.007003551545229107,0.007016180670435892,empty,0
0.41050100326538086,-0.017537764499998332,-0.08412713803433042,0.10086248402783404,0.40696486006597515,0.011013028149405985,0.011032887346629919,empty,0
0.4478640556335449,-0.09799587449999692,-0.08053938513948226,0.11376005615805475,0.4081397384548875,0.011147226718033096,0.01116732790826798,empty,0
0.44899511337280273,-0.23629968449999694,-0.07546416942888103,0.12353741145870953,0.4093239860138024,0.015691770792814187,0.01572006691325805,empty,0
0.4849050045013428,-0.06749541449999796,-0.06929023304739727,0.12957079533110336,0.4105155489090002,0.020504680351968937,0.020541655331565756,empty,0
0.5217709541320801,0.17493065550000253,-0.06247989518967539,0.13153245074624423,0.41171271900006545,0.020669992583756763,0.02070726566194827,empty,0
0.5230379104614258,-0.116927194499997,-0.055542970612694045,0.12942718607596299,0.41291418950479025,0.02539567549254665,0.025441470138796482,empty,0
0.5603930950164795,-0.059607364499999704,-0.04900671954370267,0.12358630937740422,0.41411909211218817,0.029813414521534153,0.02986717543732133,empty,0
0.5974850654602051,-0.03594321449999782,-0.04338633366528762,0.11461829265040745,0.4153270137144258,0.033853162471750256,0.03391420804623348,empty,0
0.6345570087432861,-0.14059134449999888,-0.039157149660959595,0.10332269411516985,0.4165379920909712,0.033940629672694726,0.034001832972044406,empty,0
0.6354591846466064,-0.023322334499997766,-0.03672718365402364,0.09058007057309155,0.4177524910312308,0.03697672101156277,0.03704339912999676,empty,0
0.6716430187225342,-0.04698648449999965,-0.03640858194166576,0.07723472387335342,0.4189713564561733,0.039629309333858685,0.03970077072115677,empty,0
0.7092089653015137,-0.11166849449999816,-0.03838870330911729,0.06398830197102709,0.4201957560386681,0.03968909004248712,0.0397606592290995,empty,0
0.7102458477020264,0.09289493550000216,-0.0427044114040006,0.051320258766192256,0.42142710558465607,0.04134155823353002,0.04141610722653779,empty,0
0.746657133102417,0.04398902550000017,-0.049225589472728946,0.03944655558116239,0.4226669859954277,0.042618484915724036,0.04269533652146267,empty,0
0.7843420505523682,-0.04698648449999965,-0.05765481304377345,0.028322024986375354,0.4239170549714791,0.04348359263877111,0.043562004246414654,empty,0
0.8219490051269531,0.0723860055000003,-0.0675484219517845,0.017685833551136666,0.4251789577391583,0.043496974724417464,0.043575410463251314,empty,0
0.8230268955230713,-0.21736836449999686,-0.07835964058981461,0.007144308167444251,0.42645424099151324,0.04356024116349556,0.04363879098727265,empty,0
0.8599638938903809,-0.11482371449999818,-0.08949830721107153,-0.0037186676511814652,0.42774427395123277,0.04320154385488425,0.043279446859230866,empty,0
0.8978509902954102,-0.17214354449999902,-0.10039668978975755,-0.01521639692999853,0.4290501800086006,0.04317034661909514,0.043248193367156025,empty,0
0.8993139266967773,-0.28520559449999894,-0.1105689761580525,-0.02743376306322153,0.43037278178692406,0.04195281514434358,0.042028466383834485,empty,0
0.9353621006011963,-0.036469084499998417,-0.11965418645797209,-0.04011648111723637,0.4317125617715978,0.04022230943657739,0.04029484014884531,empty,0
0.9726951122283936,0.02190248550000007,-0.12743762314229562,-0.05258998066231708,0.43306963984097385,0.038047000795959296,0.03811560889196483,empty,0
1.0101001262664795,-0.13112568449999884,-0.13385209425517972,-0.06372109134547237,0.43444376819677205,0.03796350881437994,0.03803196635381681,empty,0
1.0113310813903809,-0.2704812344999965,-0.13896378637111645,-0.07193288979194053,0.4358343433522635,0.03529080920009138,0.03535444720506049,empty,0
1.0476419925689697,-0.12902220449999646,-0.14294723036035561,-0.07527903783738027,0.43724043404283097,0.03251907786611655,0.0325777177580811,empty,0
1.0853891372680664,-0.1390137344999971,-0.14605134329731187,-0.0715787632529979,0.43866082321853006,0.03242998093313648,0.03248846016142705,empty,0
1.0867578983306885,-0.08905608449999747,-0.1485575180513495,-0.05860748387677654,0.4400940616980517,0.030703824918598417,0.030759191463232236,empty,0
1.1239039897918701,-0.29887821449999663,-0.1507319503895351,-0.03433128554083114,0.4415385306331134,0.030129068662128493,0.030183398779932372,empty,0
1.1603989601135254,-0.14900526449999774,-0.15277603970387688,0.0028334516528075266,0.4429925096628416,0.031180214136908885,0.03123643972842004,empty,0
1.1975460052490234,0.015592045500003593,-0.15477982982293043,0.05376030814403347,0.4444542475264709,0.03133385529780111,0.03139035794209689,empty,0
1.1993310451507568,-0.12586698449999645,-0.1566846036411697,0.1183828027668525,0.4459220319369406,0.037005884973694995,0.03707261568192246,empty,0
1.235469102859497,-0.21684249449999982,-0.15826141521502093,0.19552613620316103,0.44739425568056473,0.04598435581878069,0.046067276917231705,empty,0
1.273007869720459,-0.1642554944999972,-0.15911090391209007,0.2828311246168671,0.4488694761821741,0.057813818312375274,0.05791807083988707,empty,0
1.3088750839233398,-0.020692984499998346,-0.158686307978661,0.37679426065459043,0.45034646614735113,0.07403977856622843,0.07417329048910883,empty,0
1.3470659255981445,-0.1695141944999996,-0.15633829056842,0.4729361743024251,0.4518242533530693,0.07450797755679595,0.07464233375755955,empty,0
1.3479671478271484,-0.2941453844999984,-0.15137797163654912,0.5660949891543522,0.4533021481954176,0.09653843936527795,0.09671252190470643,empty,0
1.384174108505249,-0.1663589744999996,-0.14315266527816087,0.6508236030657848,0.45477975820518185,0.12212569227856111,0.12234591492542689,empty,0
1.421454906463623,-0.05434866449999731,-0.13112751374332235,0.7218537168699464,0.45625698938840176,0.15036726001329992,0.1506384091497695,empty,0
1.459200143814087,-0.10535805449999813,-0.11496692117061205,0.7745770763724611,0.4577340349091556,0.15110035094309182,0.15137282202273275,empty,0
1.4601280689239502,-0.053296924499999676,-0.09461206573338796,0.8054877844650978,0.4592113522662149,0.18153184759365756,0.1818591941431152,empty,0
1.497743844985962,-0.16004853449999956,-0.07035238461158598,0.8125299642793502,0.4606896306797943,0.21201329551336062,0.2123956076070533,empty,0
1.5356600284576416,0.02979053550000188,-0.0428884667990526,0.7953031628322025,0.4621697508571479,0.2128876869165394,0.2132715757528946,empty,0
1.536787986755371,0.17019782550000073,-0.013382309951992525,0.7550935228234197,0.4636527396119979,0.23881480571669988,0.23924544752223992,empty,0
1.572554111480713,-0.0333138644999984,0.016510560759129534,0.6947207357389589,0.465139721951103,0.26420299737650116,0.26467942033310077,empty,0
1.6112279891967773,-0.050667574499996704,0.044634835955780494,0.6182167382943464,0.466631873205403,0.2864686274096261,0.2869852007710139,empty,0
1.6499981880187988,-0.021744724499999535,0.06836647724497733,0.5303783532777936,0.4681303735826915,0.2866014899043233,0.28711830284945233,empty,0
1.650273084640503,-0.1390137344999971,0.08469583909779002,0.4362577142999646,0.46963636717779234,0.30027335301380426,0.3008148196892449,empty,0
1.6854679584503174,-0.11850480449999878,0.09037693620234394,0.3406658333371563,0.4711509270303691,0.31188687047587044,0.31244927917839155,empty,0
1.7249410152435303,0.0061263855000035505,0.08215024793915794,0.24776173754522168,0.47267502731270444,0.31194852745722274,0.3125110473424391,empty,0
1.7252428531646729,-0.13112568449999884,0.05703430567038518,0.16078190149723798,0.47420952320537885,0.31627685054020566,0.31684717545602653,empty,0
1.7609081268310547,-0.09063369449999925,0.012665854853052718,0.08193728375117347,0.4757551385205261,0.3179920938358538,0.3185655117570164,empty,0
1.7972428798675537,0.13601627550000117,-0.052347713067120556,0.01247608924878288,0.47731246069606337,0.3173195420071402,0.3178917471520138,empty,0
1.836076021194458,0.0366268455000025,-0.13811415951937311,-0.047114122935111094,0.47888194243546905,0.31726910073735687,0.31784121492422046,empty,0
1.8367769718170166,0.5051770155000028,-0.24324024348773335,-0.09680833938958941,0.48046390901968605,0.3130451364345773,0.313609633775373,empty,0
1.8729548454284668,0.8538288255000026,-0.3647730881999805,-0.13670258212807004,0.48205857017181636,0.3073945583500984,0.3079488663094554,empty,0
1.9102048873901367,-0.40142286449999887,-0.49834195261224,-0.16668381890167097,0.4836660353025119,0.3071395752280856,0.30769342339018796,empty,0
1.9116501808166504,-1.6135532144999978,-0.6385060109737701,-0.18616234691508973,0.4852863309888439,0.3002743677962868,0.3008158363016297,empty,0
1.9477760791778564,-1.004069884499998,-0.7792625147949983,-0.19390888968956252,0.48691941962434837,0.2933006491224875,0.293829542298625,empty,0
1.9842939376831055,-1.1655119744999993,-0.9146263147306193,-0.1880258107144555,0.48856521830681,0.28646680875235897,0.28698337883426067,empty,0
2.022893190383911,-1.4100415244999986,-1.0391781397786606,-0.1660660378039411,0.4912798898802344,0.281015183742174,0.2815219232039411,empty,0
2.060314893722534,-1.952213494499997,-1.1484972187075366,-0.12529563330194665,0.4940189589720264,0.28087878690970125,0.28138528041444727,empty,0
2.061763048171997,-1.3616614844999972,-1.2394287221341482,-0.06307768906476091,0.49678271782291006,0.2801540780659844,0.28065926474252095,empty,0
2.097625970840454,-0.007546234499997695,-1.3101754729790924,0.022662196417016466,0.4995714333987081,0.28031054435162633,0.28081601317534194,empty,0
2.099637031555176,-1.1765552444999976,-1.3602397397053603,0.13294353392867747,0.5023853462689041,0.28739042073425114,0.28790865631561924,empty,0
2.135016918182373,-2.0310939944999973,-1.3902632493476763,0.2672768770198602,0.5052246712124318,0.3005051618625668,0.3010470465463502,empty,0
2.1729979515075684,-2.010585064499999,-1.4018111122054981,0.4233173475251462,0.5080896006060351,0.3194140617751501,0.31999004385408747,empty,0
2.210073947906494,-1.0266822944999987,-1.3971269515108784,0.596690298884654,0.510980311457899,0.3203668064722004,0.3209445065840517,empty,0
2.2114570140838623,-0.48345858449999923,-1.3788760337692,0.7810379872097611,0.5138969766137305,0.35213324716902017,0.35276822998298957,empty,0
2.247775077819824,-0.9783022544999973,-1.3498995567817142,0.9683086149531104,0.51683978019962,0.3928341563261076,0.3935425328853011,empty,0
2.2862160205841064,-2.0021711444999966,-1.313009176002148,1.149272600817959,0.5198089368167756,0.39323207973916763,0.3939411738521014,empty,0
2.286539077758789,-2.2403902544999994,-1.2708386791237545,1.3142133963648777,0.5228047134328453,0.4426076556723657,0.4434057860873229,empty,0
2.322216033935547,0.33900209550000326,-1.2257472428688159,1.453711966357876,0.5258274524027273,0.5003245082221042,0.5012267163114649,empty,0
2.3605260848999023,-1.5557075144999999,-1.1797578482431683,1.5594321614554472,0.528877593677905,0.5592759574527953,0.5602844694978916,empty,0
2.397552967071533,-1.8728071244999995,-1.1345200669326951,1.6248191593786063,0.5319556940912845,0.5621442251411277,0.5631579093780081,empty,0
2.3993070125579834,-1.422136534499998,-1.091293425329972,1.6456407123743175,0.535062441670907,0.6209316385155795,0.6220513309112198,empty,0
2.435307025909424,-0.13322916449999767,-1.0509489961226601,1.6203254860576404,0.5381986632432171,0.6802767997015017,0.6815035060123239,empty,0
2.4727439880371094,-0.13796199449999946,-1.0139921617770045,1.5500792590450576,0.5413653241018185,0.6822571167822894,0.6834873940916544,empty,0
2.474069118499756,-1.0461394844999994,-0.9806187030201536,1.4387843081432858,0.5445635191768089,0.7305757465515895,0.7318931542292021,empty,0
2.5094480514526367,-2.0794740344999987,-0.9508120936902211,1.2927073303214986,0.5477944558579393,0.7759754257242765,0.7773747001846087,empty,0
2.5470809936523438,-1.575164704499997,-0.9244656710532799,1.1200553461529648,0.5510594293105398,0.7766930913540283,0.7780936599419238,empty,0
2.547780990600586,-0.014908414499998912,-0.9014905495948369,0.9304268211021448,0.5543597916949385,0.8070668880066241,0.8085222280170548,empty,0
2.5842740535736084,-0.9136202444999988,-0.8818731485513576,0.7342071766003567,0.5576969171012202,0.8307353326255039,0.8322333526602924,empty,0
2.6213672161102295,-1.3674460544999967,-0.8656713522422314,0.5419549514205512,0.5610721642186908,0.8478828808272515,0.8494118221070442,empty,0
2.6592299938201904,-0.8852232644999987,-0.8529612704855722,0.3638184354715814,0.5644868387842003,0.8586014739069575,0.8601497434451588,empty,0
2.696653127670288,-0.4282422344999972,-0.8437550009518755,0.2090140334841423,0.5679421577318755,0.8587587016711615,0.860307254729675,empty,0
2.697721242904663,-0.31097322449999965,-0.837911791079083,0.0853882166550289,0.5714392167476563,0.8603245649580613,0.8618759416530368,empty,0
2.7347989082336426,-1.2580650944999974,-0.8350668947567733,-0.0009242530798498602,0.5749789626634174,0.8603042378997431,0.8618555779400352,empty,0
2.7356700897216797,-1.1576239244999975,-0.8345986524695064,-0.04574124336905667,0.5785621718446561,0.8586218169975597,0.8601701232193545,empty,0
2.7719619274139404,0.03136814550000011,-0.8356425188718817,-0.04697497102877063,0.5821894354534687,0.8576680345093489,0.8592146208268372,empty,0
2.8088910579681396,-0.6149260844999986,-0.8371490278238596,-0.004679778156883544,0.5858611522085546,0.8591000313060492,0.8606491998658077,empty,0
2.847433090209961,-1.697692414499997,-0.837975605097979,0.07898809629203474,0.5895775290074712,0.8592408586572943,0.8607902811633884,empty,0
2.848443031311035,-1.317488404499997,-0.8369945503110167,0.19989420901322333,0.5933385895099226,0.8691957923056788,0.8707631660044869,empty,0
2.884510040283203,-0.4440183344999973,-0.833191468349761,0.35213014410496807,0.5971441904952397,0.8859656966202928,0.8875633105793356,empty,0
2.922605037689209,-0.09641826449999868,-0.8257306279195044,0.5282953950221245,0.6009940455030737,0.8866440335899913,0.8882428707573546,empty,0
2.923691987991333,-1.5883114544999977,-0.8139785422373437,0.7198517711784804,0.6048877549552172,0.918576541295512,0.9202329606246364,empty,0
2.962696075439453,-1.5173190044999991,-0.7974903898532915,0.9175411173486304,0.6088248416573749,0.9537061097285195,0.9554258763058702,empty,0
2.997316837310791,-1.0824245144999978,-0.7759670607186216,1.111852029085323,0.6128047903143803,1.001976004559513,1.0037828136240363,empty,0
3.037451982498169,0.8112333555000006,-0.7491952351234537,1.293515865095051,0.6168270894811783,1.0027922100390323,1.004600490922693,empty,0
3.03804612159729,0.5309446455000035,-0.7169996653897165,1.454007335201909,0.620891274231303,1.0562081005711699,1.0581127034373572,empty,0
3.073187828063965,-1.0734847244999983,-0.6792505229739217,1.586020933362249,0.6249969677656915,1.1204150590523363,1.1224354428494654,empty,0
3.112459182739258,-1.7313480944999995,-0.6359524940394127,1.6838921629415722,0.6291439202129555,1.1209274792415016,1.1229487870582064,empty,0
3.112758159637451,-1.044036004499997,-0.5873963405931031,1.743932476766534,0.6333320429875826,1.186536303310544,1.1886759199664838,empty,0
3.1501572132110596,0.23961266550000104,-0.5343124602309464,1.7646495754456617,0.6375614372696754,1.2500623583967194,1.2523165281473847,empty,0
3.1863391399383545,-1.3648167044999973,-0.4779604392234004,1.7468303722627412,0.641832415438686,1.311970606855043,1.3143364123973582,empty,0
3.2223291397094727,-1.3316868944999989,-0.4201137572772672,1.6934724258497846,0.6461455146196737,1.3142972886565363,1.3166672897781369,empty,0
3.223737955093384,0.16967195550000014,-0.3629308999220285,1.6095605024733837,0.6505015018653103,1.3712427555034694,1.373715443301412,empty,0
3.2603440284729004,1.1136086055000014,-0.3087332324443959,1.5016973621189875,0.6549013708780846,1.4248167279389747,1.4273860227799788,empty,0
3.2975571155548096,-0.252075784499997,-0.25973590076460323,1.3776107865215443,0.6593463305501456,1.4272048761738139,1.4297784774331936,empty,0
3.299377918243408,-1.0109061944999986,-0.21778896751332402,1.2455710110374434,0.6638377859371533,1.4719887491677477,1.4746431067599155,empty,0
3.337341070175171,-0.9746211644999967,-0.1841702040064433,1.1137627489428141,0.6683773125634253,1.5093990743366545,1.5121208919421505,empty,0
3.3729119300842285,0.7854657255000035,-0.15944308496900383,0.9896626540163617,0.6729666251607539,1.5442969254675092,1.5470816724779695,empty,0
3.4102530479431152,1.1562040755000034,-0.14338195667627218,0.879475343551615,0.6776075420653743,1.544611133739665,1.547396447344886,empty,0
3.410629987716675,-0.6249176144999993,-0.13497419619918297,0.7876783727504044,0.6823019465420975,1.5716910081596822,1.5745251534358669,empty,0
3.4466309547424316,-1.3784893244999985,-0.13251055854091245,0.7167186841754738,0.6870517462873069,1.5979720690870713,1.60085360557711,empty,0
3.4846200942993164,-0.4114143944999995,-0.1337551210508304,0.6668904859156732,0.6918588323041611,1.5985604375344442,1.6014430349974396,empty,0
3.485522985458374,1.4485877955000035,-0.13616546198606808,0.6364082372372808,0.69672503826442,1.6212177010885025,1.6241411551678047,empty,0
3.5215418338775635,0.03767858550000014,-0.1371364325937861,0.6216699384096297,0.7016521013883196,1.6447928834168044,1.6477588493456266,empty,0
3.5595860481262207,-1.1365891244999986,-0.13425762426862325,0.6176870988635949,0.7066416257976261,1.6456379703818766,1.6486054602102551,empty,0
3.560953140258789,-0.16320375449999958,-0.12557700957636608,0.6186406437071691,0.7116950492323838,1.6676394321457522,1.6706465960185857,empty,0
3.5965211391448975,0.6618862755000023,-0.10984736743263018,0.6185086170272385,0.7168136139688753,1.6908522113456264,1.6939012335660453,empty,0
3.634258985519409,-0.33568911449999916,-0.08671963183606332,0.6117035667582212,0.7219983427309298,1.7139976648578896,1.7170884240211277,empty,0
3.6726632118225098,-0.9861903044999991,-0.056848446970711286,0.5936561418108637,0.7272500203416782,1.7147604118988558,1.7178525464825243,empty,0
3.6739840507507324,-1.2538581344999997,-0.021880712003579907,0.5612871668216193,0.7325691818078764,1.7341474677647746,1.7372745619763321,empty,0
3.710066080093384,0.6818693355000001,0.01569326177823107,0.5133228935943632,0.7379561074509468,1.7524389867311279,1.7555990650482147,empty,0
3.7480251789093018,1.4028371055000015,0.05282142353121141,0.45042595908824096,0.7434108255842317,1.753130250960931,1.7562915757973663,empty,0
3.749699831008911,-0.04067604449999962,0.08626097788422941,0.37513563661805677,0.748933123074395,1.7650678553954404,1.7682507066674418,empty,0
3.7855072021484375,-0.30203343449999664,0.11296928039874582,0.2916323530226007,0.7545225639140191,1.7742608919345186,1.7774603205114392,empty,0
3.8225018978118896,-0.18160920449999907,0.1304526620744084,0.20535978999752386,0.760178515679044,1.7865593090797673,1.7897809147262747,empty,0
3.897512912750244,0.5730142455000014,0.13703847199497204,0.12254984181737397,0.7659001834625858,1.786720292985983,1.7899421889260498,empty,0
3.8993821144104004,0.9668908755000025,0.13205421083472224,0.04969899537019906,0.7716866505830183,1.7867296063647855,1.789951519099164,empty,0
3.899817943572998,0.15442172550000066,0.1159004745362339,-0.006960328011998338,0.7775369250758042,1.7858584339043846,1.7890787757006459,empty,0
3.935434103012085,-0.37302588449999874,0.09000857078124032,-0.04195973940238771,0.7834499907095753,1.7858114264032148,1.789031683433395,empty,0
3.9364449977874756,-0.15584157449999836,0.05669175637088314,-0.05104202955353749,0.7894248610277231,1.784309061753467,1.7875266096508384,empty,0
3.9728310108184814,-0.22578228449999926,0.018921978538080163,-0.031537210357555766,0.7954464871685413,1.7840453898627855,1.7872624622949165,empty,0
4.009999990463257,-0.23367033449999752,-0.019926219068461544,0.017349471377294843,0.8015137423174468,1.7861502517983674,1.7893711198140327,empty,0
4.047685861587524,0.29482901550000307,-0.05633239640169035,0.09435615583992862,0.8076257116405577,1.786372206596474,1.7895934748512061,empty,0
4.049214124679565,-0.033839734499999,-0.08687487214903519,0.19611058285511757,0.8137817540003867,1.7953429366460374,1.798580381332436,empty,0
4.08416485786438,0.7449737355000003,-0.1084672014525406,0.3172251461624905,0.8199815582221632,1.8097128317347964,1.812976188874771,empty,0
4.121597051620483,-0.46505313449999974,-0.11859456158066439,0.4505575375022016,0.8262251910965842,1.8102111017412825,1.8134753573845748,empty,0
4.122556924819946,-0.4214059244999966,-0.11554728617675375,0.5876421054609406,0.8325131341820552,1.8341584975481615,1.8374659362333816,empty,0
4.159204006195068,-0.8331621344999967,-0.09862893583724648,0.7192775677185818,0.838846306528137,1.8628801176285288,1.8662393484557491,empty,0
4.1961328983306885,0.7071110955000002,-0.06830143384425731,0.8362318678143353,0.8452260707296766,1.896758251527356,1.9001785729586818,empty,0
4.234494924545288,0.10183472550000161,-0.026231277933401253,0.9300009015034649,0.8516542202679924,1.897803878533344,1.901226085487221,empty,0
4.235582113265991,-1.3164366644999994,0.024784952777885293,0.9935418764453295,0.8581329469022004,1.934225983895946,1.9377138688598938,empty,0
4.271725177764893,0.045040765500001356,0.08102366791192936,1.0218990313785794,0.8646647879035654,1.9725800805070752,1.9761371273362807,empty,0
4.309427976608276,-0.35409456449999865,0.1381624991317787,1.012650009420804,0.8712525541053878,1.9740069676912122,1.9775665875488,empty,0
4.310870170593262,1.6352716455000014,0.191710647674948,0.9661228865865548,0.8778992409724302,2.007290018891468,2.010909656272759,empty,0
4.34682297706604,0.632437555500001,0.23748858131541625,0.885362683835125,0.8846079260718198,2.0387178370815318,2.0423941465453135,empty,0
4.384660005569458,-0.5197436144999976,0.2720831885071725,0.7758575246822924,0.891381657353696,2.0674424867205827,2.071170593789404,empty,0
4.425091028213501,0.26958725550000295,0.2932097692520381,0.6450637264047544,0.8982233374427023,2.087870836654503,2.091635781060412,empty,0
4.460716009140015,1.730979985500003,0.2999372149514066,0.5017916207494969,0.9051356096389103,2.10365116627507,2.1074445664947605,empty,0
4.4975292682647705,0.10025711550000338,0.2927562227347139,0.3555260955162014,0.9121207514894961,2.1039327001829866,2.107726608077526,empty,0
4.498514890670776,-0.1211341544999982,0.2734862088137143,0.2157553733330596,0.9191805816054174,2.103974364659887,2.1077683476857216,empty,0
4.498786211013794,-0.3877502444999976,0.24503522835162433,0.09136849682967223,0.9263163848701502,2.105451199431082,2.109247845553077,empty,0
4.535014867782593,0.9873998055000008,0.21104905566948515,-0.009839955453194977,0.9335288603527497,2.1037285692327243,2.1075221090289764,empty,0
4.572715997695923,0.9626839155000013,0.17549636720874567,-0.08154352309598323,0.9408180951457806,2.0997460805794748,2.10353243896962,empty,0
4.612405061721802,-0.6059862944999992,0.14223401394293403,-0.1191409098073889,0.9481835660638426,2.0997175262326384,2.1035038331322764,empty,0
4.6126439571380615,-0.743238364499998,0.1145957023936425,-0.11991220626494274,0.9556241697324149,2.0961497233777213,2.099929596651694,empty,0
4.647794008255005,-0.6817115744999995,0.09505660779358623,-0.08309192838323785,0.9631382801454978,2.0943868462693676,2.098163540642524,empty,0
4.685720205307007,0.8312164155000019,0.08502886793877439,-0.009871629546728449,0.9707238313506107,2.094403028048288,2.09817975160117,empty,0
4.686093091964722,0.19333610550000202,0.08482084002894112,0.09666357334853752,0.9783784216052258,2.1003819360533424,2.1041694410472274,empty,0
4.72251296043396,-0.5697012644999973,0.0937546970625752,0.23166863960849493,0.9860994342084938,2.112116624516664,2.1159252900387338,empty,0
4.760341167449951,-0.02647755449999778,0.11040648428101371,0.3887513796835142,0.993884169306815,2.1127476769869986,2.116557480451812,empty,0
4.76167106628418,1.595831395500003,0.1329198401164658,0.5602718904972573,1.0017299803512527,2.1359058826722195,2.139757446075155,empty,0
4.797353982925415,-0.076961074499998,0.15934082519382584,0.7377277051108567,1.0096344085858322,2.1675427511307084,2.1714513635851618,empty,0
4.835703134536743,-0.7537557644999993,0.18792285532638986,0.9122106705346452,1.0175953089906669,2.204266496671439,2.2082413310673603,empty,0
4.872664928436279,0.15231824550000184,0.21736229930695877,1.0749085499527478,1.025610961498382,2.2058428342376537,2.2098205111577376,empty,0
4.874040126800537,1.5243130755000003,0.24694071992199615,1.2176153610471832,1.0336801620332343,2.252966758664112,2.257029411605001,empty,0
4.910988092422485,1.572167245500001,0.2765550071921757,1.33321111252002,1.0418022889548826,2.303685546576767,2.307839657961097,empty,0
4.9478840827941895,-0.35304282449999747,0.306617398036836,1.4160734249972091,1.0499773417656644,2.3055505097108777,2.309707984082226,empty,0
4.9491798877716064,-0.6343832744999993,0.3378268692361362,1.4623892551321818,1.0582059503837842,2.41296646623978,2.417317637988159,empty,1
5.022433042526245,0.03610097550000191,0.3708549514172585,1.4703433183301353,1.066489354802442,2.4150256750312282,2.419380560039299,empty,1
5.023848056793213,1.249283065500002,0.4060233204781512,1.4401697973583003,1.074829356447966,2.4667356673807936,2.4711837982175853,empty,1
5.060596942901611,0.33163991550000205,0.4430519089775333,1.3740647455356514,1.0832282439249568,2.468105762448581,2.4725563639036077,empty,1
5.061630964279175,-1.2990829544999976,0.4809339569029476,1.2759676377713367,1.0916886970170978,2.5116072848414768,2.5161363302359017,empty,1
5.097476005554199,-0.5875808444999997,0.5179722657906588,1.151231263138051,1.1002136737495423,2.552245905115316,2.556848231932795,empty,1
5.135149002075195,0.929554105500003,0.5519889545943442,1.0062090270809867,1.1088062859927597,2.553451098525516,2.5580555986030014,empty,1
5.136449098587036,2.9105063955000006,0.5806799607917609,0.8477970397357423,1.1174696695016737,2.581542948406301,2.5861981049952925,empty,1
5.173151969909668,1.510114585500002,0.6020290315931596,0.6829741979610037,1.126206854451737,2.603709209847074,2.608404337654853,empty,1
5.21005392074585,-0.6296504444999975,0.6146637237772977,0.5183856726418081,1.1350206424680878,2.620059340387093,2.6247839514997926,empty,1
5.247281074523926,0.5214789855000035,0.6180598793133529,0.3600124255575578,1.1439134958493828,2.6203274322526733,2.625052526800915,empty,1
5.248216867446899,1.909249915500002,0.6125626069832488,0.21296020331953058,1.1528874441587842,2.6258063933116893,2.630541367773682,empty,1
5.285444974899292,0.9169332255000029,0.5992441872497147,0.08138519503426558,1.161944012581075,2.6267418081692187,2.6314784694141644,empty,1
5.322908878326416,-0.38985372449999645,0.579644413068143,-0.03144833464548938,1.1710841754233836,2.626647739184447,2.631384230799887,empty,1
5.324126958847046,-0.8499899744999979,0.5554548575943811,-0.12300612575917862,1.18030833688367,2.6208686375795414,2.6255947080540385,empty,1
5.360904932022095,0.9700460955000025,0.5282243825741815,-0.1912635909214853,1.1896163397722497,2.613082595046677,2.6177946253723476,empty,1
5.3974809646606445,1.3281635655000024,0.49916075438910695,-0.234482011933095,1.1990075013260972,2.6041099779058685,2.6088058283969833,empty,1
5.434442043304443,-0.43087158449999663,0.4690729856037675,-0.25103504925872533,1.2084806737079863,2.60381968552272,2.608515012545302,empty,1
5.435626029968262,-1.393739554499998,0.43846156635364414,-0.23932922935949594,1.2180343253493136,2.595682096860034,2.6003627498096913,empty,1
5.472854137420654,-0.38669850449999643,0.4077378862752254,-0.19784521863482013,1.2276666380904753,2.5896548536438697,2.5943246379922558,empty,1
5.510157108306885,3.2623134255000004,0.3775267490121735,-0.12530562286499708,1.237375614192991,2.5895630043648907,2.5942326230864463,empty,1
5.511413097381592,3.173441395500003,0.3489601987603375,-0.020952463018887882,1.2471591868131688,2.5912749570105773,2.5959476628036238,empty,1
5.547779083251953,0.44259848550000314,0.3238335313035827,0.11510377528027166,1.2570153274738096,2.5987481076833685,2.603434289404296,empty,1
5.585463047027588,-1.6309069244999996,0.304519432960397,0.281518550188746,1.2669421444470652,2.612799091913199,2.6175106110130226,empty,1
5.622590065002441,-0.3703965344999993,0.29363326081707786,0.47539568619553413,1.276937966730973,2.6135123593591727,2.6182251646555526,empty,1
5.623811960220337,1.5600722355000016,0.29354934860312987,0.6920815827673492,1.2870014093958202,2.642160315860669,2.6469247804655067,empty,1
5.659240961074829,-0.9940783544999974,0.3059161099254427,0.9251221661700723,1.2971314174019932,2.6820626006789414,2.686899018912985,empty,1
5.697396993637085,-2.2230365444999975,0.33130102413723495,1.1664100052194724,1.307327286441694,2.683902290234603,2.688742025881189,empty,1
5.698827028274536,0.5488242255000024,0.3690523210134956,1.4065200588247209,1.3175886608224692,2.754336628748425,2.759303374823107,empty,1
5.745139122009277,2.429861215500001,0.4174088122768393,1.6352054531871,1.3279155097871176,2.8021045999582825,2.807157483428454,empty,1
5.772614002227783,0.8517253455000002,0.4738197940523345,1.8420050627432167,1.3383080848639735,2.8753928053433095,2.880577845465147,empty,1
5.810597896575928,-0.15005700449999892,0.5353757083182863,2.0169044378623684,1.3487668617976956,2.8760431842701006,2.8812293971850336,empty,1
5.810909986495972,0.5099098455000011,0.5992345361168084,2.150990037548593,1.359292471282788,2.9545015570198627,2.9598292496692675,empty,1
5.846670150756836,2.0901491955000004,0.6629577906267015,2.237041973569805,1.3698856230945686,3.0413368142387287,3.046821092204697,empty,1
5.885203123092651,1.758325225500002,0.7247072087487738,2.2700205214848364,1.3805470282913048,3.044031030910066,3.049520167211046,empty,1
5.8863959312438965,0.14968889550000242,0.7832813599167423,2.2474145220718436,1.3912773239704952,3.1238281315295637,3.1294611616204806,empty,1
5.922528982162476,-0.40089699449999827,0.8380049641742779,2.1694336870267823,1.4020770046396485,3.2029751191609557,3.2087508707282666,empty,1
5.960142135620117,0.41683085550000243,0.8885274716014061,2.039040229978027,1.412946506317539,3.2055476076649154,3.211327998061426,empty,1
5.961461067199707,1.3470948855000024,0.9346156260642642,1.8618270231354441,1.4238860173664332,3.26878411198622,3.2746785333462434,empty,1
5.997518062591553,0.002445295500002942,0.9760135818913283,1.6457588771365144,1.4348954476663942,3.325881163451088,3.3318785448317856,empty,1
6.035001039505005,1.206161725500003,1.0124028011177306,1.4008001833513832,1.4459744136848471,3.3736140851883336,3.379697540761705,empty,1
6.072597026824951,1.891370335500003,1.0434495253312632,1.138456005402622,1.4571222396563688,3.3748186744177078,3.3809043021615985,empty,1
6.073795795440674,2.500853665500003,1.0688970663513573,0.8712549823146586,1.4683379742591611,3.40170799964952,3.4078421154573433,empty,1
6.110048055648804,0.05292881550000317,1.0886507386129516,0.612201501636228,1.4796204213922777,3.4210862649872227,3.427255324571451,empty,1
6.149338006973267,0.07343774550000148,1.1028206183252116,0.3742219824589142,1.490968182953791,3.4211719077401135,3.42734112175928,empty,1
6.14965295791626,1.1772388755000023,1.1117224768985368,0.16962622499092053,1.502379710935524,3.424553286725856,3.4307285982026205,empty,1
6.1873860359191895,3.1645016055000035,1.1158615980657112,0.009600022360530733,1.513853365725995,3.4230309695755974,3.42920353594029,empty,1
6.222519159317017,0.37791647550000107,1.1159209596784316,-0.09625996050611162,1.525387477281968,3.418517665091436,3.4246820928585815,empty,1
6.260666847229004,-1.2370302944999985,1.1127632985341143,-0.14036274095743212,1.5369804058053458,3.418407807083326,3.4245720367494754,empty,1
6.261518955230713,0.6503171355000035,1.1074585757339839,-0.11748722146487124,1.5486305987398388,3.4158553252777866,3.4220149521917316,empty,1
6.297324180603027,2.003380645500002,1.1013489618450698,-0.025088717046788642,1.5603366412543593,3.418251993077124,3.424415941772314,empty,1
6.340362071990967,4.290389275500001,1.096132433913219,0.13646349504108607,1.5720972978668604,3.418285027291343,3.4244490355553427,empty,1
6.340494155883789,1.721514325500003,1.093897320896591,0.3637369989504237,1.5839115434377338,3.4341455728534105,3.440338181580255,empty,1
6.371779203414917,-0.9662072444999978,1.0970302786592243,0.6502007645314154,1.5957785823840247,3.4655413294893873,3.471790552483858,empty,1
6.4101479053497314,-0.26206731449999765,1.107978177806617,0.9863287531632781,1.6076978556012658,3.5132440149313124,3.5195792575949834,empty,1
6.450811862945557,3.191320975500002,1.1289276489248907,1.3598612520526796,1.6196690352052432,3.5137146637943384,3.520050755153615,empty,1
6.451113939285278,-0.08853021449999687,1.1615069798454558,1.7562309480827758,1.631692007804474,3.578030866872462,3.5844829361575457,empty,1
6.483967065811157,-0.8883784844999987,1.2065975749374676,2.1591469705126154,1.6437668475693044,3.6692156354801058,3.675832133320082,empty,1
6.5226829051971436,-0.11377197449999699,1.264300582190563,2.5513162431894916,1.6558937808535017,3.6700360851232636,3.676654062435648,empty,1
6.522983074188232,4.505995975500003,1.3340573972055223,2.915268697391717,1.668073144518462,3.780536719886395,3.7873539570090116,empty,1
6.5589210987091064,4.933528285500003,1.4148620620962433,3.234242091602763,1.6803053403719954,3.9073504323805768,3.914396345803022,empty,1
6.5966222286224365,0.579850555500002,1.5054508845331014,3.4930741870185735,1.6925907882288023,4.04356979202724,4.050861342443639,empty,1
6.634608030319214,-1.3369455944999977,1.6043673334727373,3.679045582048696,1.7049298800070285,4.047759334203192,4.055058439394101,empty,1
6.635730981826782,0.8606651355000032,1.70988937513983,3.782616204263317,1.7173229369965517,4.1833502206304685,4.190893829523611,empty,1
6.671504020690918,4.323519085500003,1.8198970419263982,3.7980026490716705,1.7297701720001624,4.328722337469658,4.336528088028109,empty,1
6.710158824920654,2.760107575500001,1.9317739912078336,3.7235522901386218,1.7422716575170605,4.333266285370718,4.34108022978433,empty,1
6.711406230926514,-0.05697801449999673,2.0423939898114094,3.561883052830659,1.754827300588773,4.466841811601188,4.474896625527137,empty,1
6.750226974487305,-1.1039851844999973,2.1482133988526217,3.3197742251294104,1.767436824448037,4.581304900642248,4.589566119657632,empty,1
6.78640604019165,3.0803624055000007,2.2454922684229306,3.007812560911436,1.7800997567767292,4.683501556472743,4.691947061182873,empty,1
6.822597026824951,6.641028175500001,2.3306477680398934,2.639817710458934,1.7928154242319314,4.686069170009461,4.694519304758026,empty,1
6.823651075363159,2.264212165500002,2.4006784951522535,2.2320898794588464,1.8055829529342393,4.759445218985991,4.768027668789812,empty,1
6.8600242137908936,-0.48240684449999804,2.4535429891089304,1.8025385385596457,1.8184012747751772,4.8189014973605175,4.82759116145113,empty,1
6.897508859634399,4.087929325500003,2.4883925439786285,1.3697618546600323,1.8312691396028384,4.8204842025284735,4.8291767206255996,empty,1
6.898872137069702,5.131781275500003,2.5056245562156194,0.9521502183649128,1.8441851334879318,4.8482860556076055,4.857028707280711,empty,1
6.935472011566162,1.0305211455000034,2.506772933719969,0.56708193538583,1.8571477032710635,4.863103933381568,4.871873305331165,empty,1
6.972640037536621,-0.7874114444999982,2.4942754466343926,0.23026349187685397,1.8701551873928475,4.866587884084159,4.875363538453375,empty,1
7.010201930999756,2.236866925500003,2.4711809845721353,-0.04475896154696209,1.8832058526003266,4.861063866864853,4.869829560072985,empty,1
7.048079013824463,6.495888055500004,2.4408684130117426,-0.24692227720470747,1.8962979355414222,4.860679999086605,4.869445000086761,empty,1
7.049327850341797,3.820787365500003,2.4068124511424274,-0.3678383786872224,1.9094296875807106,4.8459739193836,4.8547124017066725,empty,1
7.087538003921509,-1.3826962844999997,2.3723840690716336,-0.4019088390163379,1.9225994205029786,4.845861250752918,4.854599529906751,empty,1
7.087839126586914,-1.0161648944999975,2.3406785937628576,-0.34641497467285537,1.9358055502370894,4.836351509408402,4.845072640160692,empty,1
7.122544050216675,3.7056218355000006,2.3144115348630363,-0.20161915708134528,1.9490466354440423,4.833109055501264,4.841824339312026,empty,1
7.160136938095093,6.4774826055000005,2.2959232519467743,0.02911557514721137,1.9623214078497222,4.833351779500579,4.842067501002384,empty,1
7.161454916000366,3.496325575500002,2.2872584798847657,0.3392122979431709,1.9756287915960844,4.85238749120557,4.861137538775366,empty,1
7.19743800163269,-0.0948406544999969,2.2902189380294624,0.7188243529154015,1.9889679096125394,4.887695983540242,4.896509701002046,empty,1
7.23512601852417,0.7428702555000015,2.306313782533583,1.1549007855730833,2.0023380760044622,4.9397363084841235,4.948643867445526,empty,1
7.272480010986328,4.459193545500003,2.3366271239312053,1.6314318934090055,2.0157387746178377,4.942292114974687,4.951204282683517,empty,1
7.273838996887207,0.8827516755000033,2.3816872868704664,2.129911751009878,2.0291696251488687,5.027502275403074,5.036568097979437,empty,1
7.30964207649231,0.05976512550000024,2.4414158027364965,2.6300229455709707,2.0426303392990244,5.136400385665991,5.145662578306943,empty,1
7.347582101821899,2.769573235500001,2.5151881053822134,3.1105167254970003,2.056120670408762,5.140746870865935,5.150016901288254,empty,1
7.348887205123901,6.4617065055000005,2.6019837930729106,3.550236018407904,2.0696403606346294,5.277219069402623,5.286735192749572,empty,1
7.385379791259766,5.301111415500003,2.7005486886783365,3.929211890742375,2.0831890899928833,5.424204067851937,5.433985241286252,empty,1
7.421410083770752,0.9400715055000006,2.809465243798248,4.229755922493951,2.096766431446298,5.588556372705218,5.5986339137499685,empty,1
7.459335088729858,-0.7695318644999993,2.9270785962758925,4.437470622657387,2.1103718156715705,5.5932256711042205,5.603311632041896,empty,1
7.460375070571899,2.3630757255000034,3.0513328675245512,4.542106155025884,2.1240045082671766,5.757207112305728,5.7675887720954995,empty,1
7.496493101119995,5.730221335500001,3.179641035595428,4.538202971084685,2.137663601036676,5.9266562210207,5.93734343921128,empty,1
7.534301042556763,4.519142725500004,3.308879181468365,4.425475149204911,2.1513480177273125,5.931214984370268,5.9419104231319055,empty,1
7.5353569984436035,1.8093346155000027,3.4355093509184016,4.208907037359598,2.1650565333479417,6.078365192080855,6.089325978842772,empty,1
7.571656942367554,1.783566985500002,3.5557873859914175,3.8985549476435932,2.1787878050608698,6.216469141974505,6.227678964109903,empty,1
7.608943939208984,4.849914955500001,3.6660253013392943,3.5090649516451857,2.192540411747048,6.344012858145457,6.35545267295678,empty,1
7.647781848907471,5.611900585500003,3.7628965788527764,3.0589361154113535,2.2063128987573224,6.347334163475068,6.358779967416418,empty,1
7.648962020874023,2.0712178755000004,3.8437581336105997,2.5695746842683196,2.220103824114344,6.431858475822504,6.443456697878686,empty,1
7.685443878173828,2.4503701455000026,3.9069393064727223,2.0641977496745416,2.2339118025046583,6.4987391266996495,6.51045795101147,empty,1
7.7222840785980225,6.733581295500002,3.9519464051083117,1.566653880178303,2.247735543746072,6.500416459997307,6.512138308953424,empty,1
7.723541975021362,6.4617065055000005,3.9795388376916687,1.1002323062129606,2.261573882958315,6.533093880501099,6.544874654879883,empty,1
7.760119199752808,3.222873175500002,3.9916377218264727,0.686530945712988,2.2754258003294083,6.552350426140223,6.564165924804872,empty,1
7.797475099563599,1.3702331655000002,3.9910574526822664,0.3444465296876649,2.2892904290911495,6.5603735027745165,6.57220346901875,empty,1
7.834466218948364,2.680175335500003,3.9811198962357457,0.08933740373922254,2.3031670510483915,6.56038611530113,6.57221610428885,empty,1
7.83562707901001,4.904079565500002,3.965270474321809,-0.06760777924714449,2.3170550797198897,6.556899851426387,6.5687235538232684,empty,1
7.872835874557495,4.6290495555000035,3.9468053689562037,-0.11978145619822378,2.3309540318274196,6.5534368392043785,6.5652542969388685,empty,1
7.910247087478638,3.2538995055000015,3.928748586790931,-0.06535085850687557,2.344863488502442,6.553453950777256,6.565271439368119,empty,1
7.911495923995972,2.8305741555000026,3.9138497000383725,0.09275488239670769,2.358783048151785,6.562068049123215,6.5739010710511065,empty,1
7.950668096542358,5.485691785500002,3.9046445827090035,0.3470521431522477,2.3727122734179256,6.580424562318849,6.592290685552844,empty,1
7.986210107803345,6.202452595500002,3.903517102045474,0.6858952081296733,2.386650635066089,6.646349898139561,6.658334900961291,empty,1
8.060286045074463,3.680905945500001,3.912702097139013,1.0940440879314628,2.400597455911038,6.647975548436734,6.659963482705605,empty,1
8.061514139175415,1.3854833955000032,3.934193815109978,1.553391961005102,2.4145518580453977,6.648382071409962,6.660370738739694,empty,1
8.061740159988403,2.7364434255000027,3.969578678558111,2.0438251965940313,2.4285127166365457,6.730401703470695,6.742538272360944,empty,1
8.097494125366211,6.906066655500002,4.019860003176211,2.5441767883070074,2.4424786234120064,6.734051884152241,6.74619503521563,empty,1
8.098803043365479,4.265673385500001,4.085339693498778,3.0332248267511424,2.456447862649612,6.852392191838316,6.864748739569541,empty,1
8.135082006454468,1.7756789355000002,4.165580505247938,3.4906831138256758,2.4704184020290842,6.990825530115836,7.003431707188776,empty,1
8.172553062438965,3.367487425500002,4.2594451783197025,3.898131246505862,2.4843879000935556,6.9963513408828115,7.008967482351044,voiding,1
8.173911094665527,5.876413195500003,4.365208592606246,4.239835819214074,2.498353731328524,7.154612847666912,7.167514373539283,voiding,1
8.210113048553467,6.357584245500004,4.480728905239438,4.503421921734797,2.5123130290161693,7.329118406043525,7.342334608338535,voiding,1
8.24811601638794,4.4386846155000015,4.603631321620567,4.680363888715413,2.5262627450959574,7.505005953838431,7.518539324622752,voiding,1
8.285354137420654,3.5894045655000006,4.731444431886801,4.766275357146791,2.5401997252946873,7.510655117470261,7.524198675085415,voiding,1
8.286540031433105,4.523875555500002,4.861662410855473,4.760990271175781,2.5541207968229585,7.679937504172999,7.693786319548186,voiding,1
8.322445154190063,5.574037945500002,4.991757368823746,4.668437827349957,2.5680228650198718,7.85362710541744,7.8677891258439585,voiding,1
8.36034893989563,5.342129275500003,5.119189035488318,4.4963249007662975,2.581903014521418,7.858519216788832,7.872690058894842,voiding,1
8.361466884613037,3.9501513855000034,5.241448049262596,4.255648779538309,2.5957586098930374,8.005951703022552,8.020388402146416,voiding,1
8.39735722541809,4.7205509355,5.356150192202229,3.960070710813243,2.609587390265059,8.149623496654531,8.164319271342949,voiding,1
8.43523907661438,6.899230345500001,5.46118430029898,3.625186561199584,2.6233875523942314,8.27841761366872,8.293345635813184,voiding,1
8.472609043121338,6.557940715500003,5.554897512177877,3.2677346294152834,2.6371578167835112,8.282031232303883,8.296965770691127,voiding,1
8.473779916763306,3.9522548655000023,5.636279962910027,2.90478220867621,2.6508974720446883,8.381176421959486,8.396289743497782,voiding,1
8.510112047195435,4.847811475500002,5.705106295228076,2.5529318574347153,2.664606393581137,8.471850360801426,8.487127189742964,voiding,1
8.548046827316284,7.7437775655,5.762005387025724,2.2275855755424954,2.6782850338740514,8.47433829196071,8.489619607253767,voiding,1
8.549240112304688,8.107153735500003,5.808438676443133,1.942300383741776,2.6919343831235363,8.608985470362114,8.62450958761983,empty,1
8.623008012771606,5.0597370855,5.84656638152572,1.7082624640320019,2.7055559006512517,8.610812436088258,8.626339847814323,empty,1
8.62413501739502,2.8558159155000027,5.879000974369985,1.5338994369725703,2.7191514192187367,8.664205160082114,8.679828852015742,empty,1
8.660228967666626,4.8872517255000005,5.908500538343412,1.4246420134409363,2.7327230261447153,8.66595987506429,8.681586731180415,empty,1
8.661478996276855,7.508713675500001,5.937694279110192,1.38283769993156,2.746272926696876,8.71641179881316,8.732129632151032,empty,1
8.697636842727661,7.600740925500002,5.968907473850898,1.4078110085036861,2.759803296570517,8.771097699878434,8.786914145340045,draining,1
8.73530101776123,5.742842215500001,6.004083156218103,1.4960572438359752,2.7733161312393966,8.772869115583015,8.788688755342632,draining,1
8.736430168151855,4.596971485500003,6.044753357406693,1.6415508538787942,2.786813100483855,8.834446981487464,8.850377661277763,draining,1
8.771843194961548,5.456768935500001,6.092026974627225,1.8361448672672542,2.8002954164066347,8.909255992337167,8.925321571165265,draining,1
8.81014609336853,7.368306385500002,6.1465968243963385,2.0700352893793506,2.8137637227122907,8.998125287879372,9.014351119895183,draining,1
8.850520133972168,7.073293315500003,6.2087754340159504,2.3322635250820194,2.8272180119670822,8.998864283182517,9.015091447788537,voiding,1
8.850819110870361,5.772816805500003,6.278547862279788,2.611230822549329,2.8406575760304724,9.099645427244036,9.116054325029088,voiding,1
8.887423992156982,6.077295535500003,6.355617986114001,2.895201135111679,2.8540809929543545,9.206020402890958,9.222621120908594,voiding,1
8.922485113143921,6.309204205500002,6.439440864641595,3.172772315397778,2.867486151511478,9.210307580974991,9.226916029828683,voiding,1
8.92378306388855,5.974225015500004,6.529258182224443,3.433299759020528,2.8808703122903125,9.340031552825478,9.356873925892083,voiding,1
8.960322141647339,5.9211121455,6.624160232395291,3.667261054629607,2.894230202134614,9.480483739863656,9.497579382752612,voiding,1
8.997607946395874,7.429833175500001,6.723181189042143,3.866554454271096,2.9075621367546534,9.632356393560748,9.649725900181075,voiding,1
9.036099195480347,9.024796885500002,6.825405249501191,4.024727710347338,2.9208621647085646,9.635383303449014,9.652758268332013,voiding,1
9.036840915679932,7.3825048755000005,6.930038005869526,4.137136803950997,2.93412622472661,9.78429160412541,9.80193508728252,voiding,1
9.072558164596558,5.041857505500001,7.0364037790972995,4.201036218500401,2.9473503075752503,9.944080788283662,9.962012410622783,voiding,1
9.110527992248535,5.089711675500002,7.14387362999444,4.215603731664258,2.960530613353756,9.950349431356265,9.968292357599946,voiding,1
9.11202096939087,7.954125565500004,7.251777483295531,4.18190336319073,2.973663695290134,10.099585573966849,10.117797609664244,voiding,1
9.148047924041748,9.706850275500003,7.3593566523974285,4.102790364423135,2.986746581752187,10.24512557487881,10.26360005497777,voiding,1
9.184047937393188,8.587273045500002,7.465764259551266,3.9827622430809946,2.999776869301746,10.392237291438589,10.410977050128821,voiding,1
9.221718072891235,5.826981415500001,7.5700766047727175,3.82776005076143,3.0127527811707693,10.39605175460594,10.41479839171102,voiding,1
9.222738981246948,5.249050285500001,7.671290653685502,3.644924732364516,3.0256731874808445,10.524515127730254,10.543493415878837,voiding,1
9.258991003036499,8.296466935500003,7.768332625402309,3.442314366743715,3.0385375857848347,10.651436020736393,10.670643178457617,voiding,1
9.297043085098267,9.776790985500003,7.860123217682661,3.2285896221689625,3.051346042964516,10.653970142337043,10.673181869702507,voiding,1
9.297855138778687,8.948545735500002,7.945707608241143,3.0126765939737914,3.0640991020185298,10.759075886316698,10.778477145178018,voiding,1
9.333998203277588,5.558261845500002,8.024407885719633,2.803418163727254,3.076797659643364,10.861268611649267,10.88085414911768,voiding,1
9.371758937835693,8.049308035500001,8.095947435407211,2.609226824696749,3.0894428225626442,10.86372152609142,10.883311486767601,voiding,1
9.37273097038269,9.571701685500003,8.16052501662262,2.437753237298035,3.10203575212647,11.042878496140728,11.06279152087831,voiding,1
9.448431015014648,9.419725255500001,8.218833803368916,2.2955853206999906,3.114577507643951,11.045793037917397,11.06571131829032,voiding,1
9.44973111152649,7.7469327855,8.272014712450346,2.1879922446949545,3.1270688991354056,11.1225300350718,11.14258669111581,voiding,1
9.485367059707642,6.972326275500002,8.321537173791134,2.1187261714570274,3.1395103596583334,11.200725992899295,11.220923655479158,voiding,1
9.522526979446411,7.9225733655000035,8.369031530717235,2.0898920590022474,3.1519018460959205,11.280225209638758,11.30056622885069,voiding,1
9.560457944869995,8.6835072555,8.416125995724874,2.101892455400434,3.164242775380535,11.282606364976836,11.302951677997232,voiding,1
9.561577081680298,9.014279485500001,8.464333880068471,2.1534502625883594,3.1765320006929443,11.28488761595648,11.30523704263322,voiding,1
9.562615156173706,8.589902395500001,8.515000374323053,2.241708262413266,3.188767829409028,11.366016246489652,11.38651196803211,voiding,1
9.597856998443604,8.672463985500002,8.56928670733128,2.362400110347314,3.200948081666146,11.45714623455489,11.477806285869454,voiding,1
9.635262966156006,8.4447622755,8.628164154425527,2.510083808042147,3.213070185608226,11.553828719766889,11.574663113370956,voiding,1
9.672530889511108,8.5862213055,8.692404289343072,2.678425585989455,3.225131302852218,11.557263567823167,11.578104155302713,voiding,1
9.673771142959595,8.862303055500004,8.762567119966638,2.8605197972622984,3.237128475682956,11.664708510093302,11.685742847218295,voiding,1
9.710133075714111,9.281421445500001,8.838995283948568,3.0492288948937096,3.2490587860716005,11.782745260148594,11.803992446552389,voiding,1
9.747684001922607,8.357467855500001,8.921822292338232,3.2375268245211033,3.260919515913465,11.786555644589741,11.807809702053438,voiding,1
9.748828887939453,7.881555505500003,9.011002280141188,3.418829153422723,3.2727082979216675,11.913625545381459,11.935108741115467,voiding,1
9.785102844238281,8.952752695500003,9.10636737041811,3.587293903290734,3.2844232473584993,12.047683763100752,12.069408698758517,voiding,1
9.821703910827637,10.682339125500004,9.207706575548041,3.7380782900037786,3.2960630661426644,12.190807322151777,12.212790344772367,voiding,1
9.859340190887451,11.075164015500004,9.314833642009985,3.8675383556138607,3.3076271126956853,12.194962099286753,12.216952613991939,voiding,1
9.860399961471558,9.3466293255,9.42759108978821,3.9733607923454204,3.3191154330110963,12.339787346545336,12.362039016775531,voiding,1
9.896480083465576,7.794786955500001,9.545754846554782,4.0546191176223,3.330528750665589,12.494560362490018,12.51709112651775,voiding,1
9.934385061264038,8.476840345500001,9.668859331963981,4.111749783454454,3.341868415685499,12.647712834917744,12.670519770504653,voiding,1
9.971476078033447,11.7982352655,9.796014647362371,4.146447794673854,3.353136314228711,12.803503032391601,12.82659089600441,voiding,1
10.00898003578186,9.970837015499999,9.92579405023354,4.161485918292752,3.364334742894464,12.960667208009161,12.984038477268244,voiding,1
10.046751022338867,7.9257285855000035,10.05623875487607,4.160466455408434,3.3754662531302415,12.966536253886439,12.989918106478099,voiding,1
10.048163890838623,8.770801675500003,10.184998082433712,4.14751957201227,3.3865334726786886,13.114741215905614,13.138390318478876,voiding,1
10.083986043930054,11.639422525499999,10.309606498633027,4.126966980535477,3.3975389122933177,13.274007676568376,13.29794397572468,voiding,1
10.122690200805664,12.602290495500004,10.427868077958971,4.102973858874692,3.4084847670073564,13.279001688171746,13.302946992758713,voiding,1
10.123910903930664,10.4204558655,10.538268830180867,4.079214752089042,3.419372721984169,13.428208036415732,13.452422396729846,voiding,1
10.16058087348938,8.566764115500003,10.640309653181545,4.058580290531707,3.430203773304282,13.577739401062725,13.602223403188464,voiding,1
10.197495222091675,12.1179642255,10.734676382542013,4.042950431735794,3.440978073848183,13.726688950909306,13.751441545691552,voiding,1
10.234382152557373,13.357439815500005,10.823210543347031,4.0330563254592375,3.4516948136410424,13.731871656593507,13.75663359706823,voiding,1
10.235667943954468,11.337573145499999,10.908676338630523,4.028446801580065,3.462352142612544,13.88034779208477,13.90537747153353,voiding,1
10.272528886795044,8.099791555500001,10.994346068537734,4.027567182295722,3.472947141729975,14.031691774221484,14.056994364076822,voiding,1
10.310104131698608,8.861777185500003,11.08347555043663,4.027948225528389,3.483475845980652,14.037373065455538,14.062685900075675,voiding,1
10.311514854431152,11.979660415500003,11.17879022696121,4.026492385645714,3.493933319852994,14.18387312423927,14.209450134481337,voiding,1
10.347929000854492,14.033182765500005,11.282094261966952,4.019834285344516,3.504313782971314,14.334161385460021,14.360009402384314,voiding,1
10.385385990142822,12.258371515499999,11.394044527797815,4.004743454413896,3.5146107805771583,14.33908728364975,14.364944183179473,voiding,1
10.386620044708252,8.318027605500003,11.514068679983463,3.9785310744791573,3.524817390827473,14.483412340091594,14.509529493179317,voiding,1
10.423075199127197,9.017960575500002,11.640409142981808,3.9394195551218134,3.5349264585994087,14.77526811443883,14.80191155523826,voiding,1
10.497658967971802,15.051792955500002,11.770311938137944,3.8868348395929093,3.5449308438351337,14.779412423088072,14.806063337094843,voiding,1
10.49873423576355,13.101341125500003,11.90037586593669,3.8215865993181737,3.5548236715726564,15.06268586081745,15.089847586473102,voiding,1
10.573600053787231,9.134703715500002,12.027021177418668,3.7459106967047333,3.5645985707804786,15.06367157227281,15.090835075408545,voiding,1
10.573866128921509,12.376692265500001,12.146988930181978,3.6633608087858054,3.5742498899638053,15.066332272559423,15.09350057359189,voiding,1
10.5746009349823,15.715440895499999,12.257780081040485,3.578550842700838,3.5837728791739627,15.191619044604293,15.21901326848757,voiding,1
10.610016107559204,13.811265625500003,12.357960504286739,3.496765352515152,3.5931638303838476,15.330936846475073,15.358582294605363,voiding,1
10.650279998779297,10.026579235500005,12.447278471734187,3.42347000721362,3.602420170971286,15.448733148046486,15.476591011867848,voiding,1
10.684991121292114,9.611667805500002,12.526590000406387,3.3637666503111734,3.611540508008231,15.45346645475422,15.481332853891224,voiding,1
10.686407089233398,12.751637575500002,12.597657663188572,3.3218461658115643,3.620524623894199,15.570260852957936,15.59833786110793,voiding,1
10.721679925918579,15.796950745500002,12.662915007236432,3.3004960770954854,3.6293734263197366,15.694902066173254,15.723203833072786,voiding,1
10.759443044662476,14.631096955500002,12.725239521335169,3.3007178777484274,3.6380888573825656,15.698832638429753,15.727141493117365,voiding,1
10.760630130767822,10.2016939455,12.787712947223227,3.321501418382776,3.6466737677913064,15.822849715000244,15.851382202965581,voiding,1
10.797753810882568,9.854093875500002,12.853347741806001,3.359790748081578,3.6551317624998787,15.949221470895703,15.977981838204471,voiding,1
10.835084199905396,13.157083345500002,12.924813554873566,3.4106587009281495,3.6634670239718856,16.07569663229785,16.104685065415598,voiding,1
10.871859073638916,16.481107615500004,13.004222941620423,3.467687765662868,3.671684118823689,16.078546090518053,16.10753966190949,voiding,1
10.872674226760864,15.520343125500002,13.092988232220545,3.5235342354097434,3.679787793112206,16.208113512460326,16.237340725766707,voiding,1
10.909202098846436,10.853246875500002,13.191702581260605,3.570633288980722,3.687782761259306,16.3444184661965,16.373891470844022,voiding,1
10.947209119796753,10.351041025499999,13.300012193998791,3.6019864180124292,3.695673493695063,16.34787726377799,16.377356505487867,voiding,1
10.9481680393219,13.343767195500003,13.416526092931859,3.6119611360527983,3.7034640087977326,16.476957618792458,16.506669624115865,voiding,1
10.983978986740112,15.439359145500003,13.538862194438192,3.597027417476521,3.711157675525084,16.745857776629236,16.776054675044318,voiding,1
11.059160232543945,10.642373005500001,13.663894192845712,3.5563565138940447,3.7187570340722487,16.74913393203118,16.77933673815987,voiding,1
11.060089826583862,14.0757782355,13.788178167407755,3.492215790288396,3.7262636426771416,16.874684906063695,16.905114111464332,voiding,1
11.096469163894653,18.5672339055,13.90846495027447,3.4101075236260514,3.7336779590181566,17.00476098498302,17.035424749532176,voiding,1
11.135132074356079,15.8868745155,14.022167897280562,3.3186191742308506,3.740999264239959,17.00883693439687,17.039508048884866,voiding,1
11.136377096176147,10.8422036055,14.127665657813386,3.228975973347192,3.7482256363351465,17.1239849889321,17.15486374367071,voiding,1
11.172455072402954,10.6071397155,14.224392330240317,3.154311925693743,3.7553539773864224,17.24149755297271,17.272588211753867,voiding,1
11.209980964660645,14.911385665500003,14.312769098884655,3.1087004623209116,3.7623800961775733,17.358542394078633,17.3898441134829,voiding,1
11.247648000717163,19.3618234755,14.39407171799482,3.1060089154119717,3.7692988441826896,17.476791767303254,17.50830671939817,voiding,1
11.285399198532104,15.827451205500001,14.470272553817491,3.1586597610251177,3.776104299290493,17.480626591416375,17.51214845864193,voiding,1
11.286591053009033,10.8017116155,14.5438294902353,3.276394496608488,3.7827899881873996,17.603764026623693,17.635507940917346,voiding,1
11.323122024536133,10.844307085500002,14.617413568248995,3.4651417976546783,3.7893491354596973,17.607934604151534,17.639686039021775,voiding,1
11.324281930923462,16.171896055500003,14.693645669833527,3.7260894489343808,3.795774925471955,17.747252158187067,17.77925481685741,voiding,1
11.360090970993042,20.5350394455,14.774936362471436,4.055049267145452,3.8020607621363114,17.907340708500154,17.939632046183284,voiding,1
11.397771120071411,10.3736534355,14.863454120064489,4.442186239015918,3.8082005118990154,18.08091384327408,18.113518175990862,voiding,1
11.435041189193726,11.3827979655,14.961171591615164,4.872158427439403,3.8141887166142836,18.087311327116357,18.11992719606928,voiding,1
11.436295986175537,18.082907635500003,15.069929477802534,5.324684464296926,3.820020765317958,18.290883741145244,18.323866701207418,voiding,1
11.472975015640259,21.4016732055,15.191469635189247,5.775522765814502,3.8256930170243133,18.51931695388292,18.55271183518626,voiding,1
11.511132001876831,14.806737535500002,15.327368783741083,6.197813457408108,3.8312028702467384,18.523617644438577,18.557020280944275,voiding,1
11.511806011199951,10.335264925500002,15.478804480316276,6.563703062117694,3.8365487786450876,18.766208337649363,18.80004842481403,voiding,1
11.54798698425293,12.214198435499998,15.646172528919626,6.846145968507812,3.8417302156862543,19.041203761222874,19.07553973274181,voiding,1
11.58764910697937,19.8997884855,15.828684505289306,7.020758002831466,3.8467475941662284,19.043570122798148,19.077910361448755,voiding,1
11.587985038757324,21.4863382755,16.024080596137086,7.067588087466805,3.851602148657375,19.286137091424834,19.32091473795315,voiding,1
11.622538089752197,13.795489525499999,16.228501188605488,6.972675312872533,3.8562957903004165,19.54547353475995,19.580718828651523,voiding,1
11.660392045974731,9.7110572355,16.436507017002732,6.729271284758537,3.8608309438670183,19.783668172372845,19.819342989754404,voiding,1
11.696846961975098,13.359017425500003,16.64128974411451,6.338630866518044,3.8652103767945896,19.789907303346165,19.825593371414712,voiding,1
11.697874069213867,22.3676963955,16.835165261306187,5.8103069226769355,3.8694370291267672,19.989959422835753,20.026006234057057,voiding,1
11.734339237213135,21.919129285500002,17.010361843248525,5.1619238644461145,3.873513852184785,20.16919348444762,20.205563498745363,voiding,1
11.771756172180176,12.754792795499998,17.15994937455892,4.418447257333311,3.8774436625230333,20.173292153571364,20.20966955877716,voiding,1
11.772777080535889,15.2858051055,17.278670048982814,3.611008277641371,3.8812290164079974,20.289067843310388,20.325654020547372,voiding,1
11.8090341091156,24.3775715355,17.36348787659558,2.7753777156007207,3.8848721087630143,20.378298245543576,20.415045327132415,voiding,1
11.84679889678955,21.0114776655,17.413778292263093,1.9502096756791012,3.888374699251156,20.437541577225307,20.4743954891057,draining,1
11.88470983505249,11.476928695500003,17.431156806579075,1.1751854950146565,3.891738066909658,20.438424690409306,20.475280194759875,draining,1
11.885771036148071,9.835688425500003,17.41903693586622,0.48917988809119545,3.8949629934897994,20.44591446933214,20.482783479595412,draining,1
11.921631097793579,17.719005595500004,17.382116654632437,-0.0714572976018239,3.898049774407271,20.43558858818706,20.472438978348087,draining,1
11.959460973739624,26.251246345500004,17.326002254508214,-0.4744541486747159,3.900998255006463,20.43486879354533,20.47171788573966,draining,1
11.960694074630737,19.735191175500002,17.2570277612941,-0.6930004317533669,3.90380788874085,20.40975930668035,20.446563120296883,draining,1
11.996565103530884,10.418352385500004,17.18215873748567,-0.7069865569041448,3.906477812927139,20.38701774488875,20.423780549878533,draining,1
12.034120082855225,10.841677735500003,17.108860116917644,-0.504121115140717,3.9090069369926623,20.376004962232145,20.412747908467388,draining,1
12.071768045425415,20.7622152855,17.044922651895593,-0.08091891915462687,3.9113940376404646,20.37645199049996,20.413195742837065,draining,1
12.07364797592163,27.184665595500004,16.998282853548698,0.5564984884129783,3.9136378551272055,20.41210194949997,20.44890998747743,draining,1
12.110242128372192,17.886758125500005,16.976770662519158,1.391897996417401,3.9157371848934797,20.48407692576025,20.521014752314414,voiding,1
12.148216009140015,9.833059075500003,16.98764668319101,2.39886422250595,3.917690959101806,20.487617537214405,20.524561748361457,voiding,1
12.149408102035522,12.468193645500005,17.036902774602844,3.5412960913394316,3.919498313211975,20.63657038245988,20.67378319220585,voiding,1
12.185231924057007,24.4469863755,17.12850393207556,4.774558378691392,3.9211586335378703,20.834258838162548,20.871828128794377,voiding,1
12.221766948699951,15.4940496255,17.263832363180477,6.047301337275374,3.92267158275909,21.195467388752007,21.23368802720097,voiding,1
12.275875806808472,9.804662095500003,17.441509957392217,7.303878606866906,3.924037101572981,21.20249644122267,21.240729754781277,voiding,1
12.276766061782837,15.032335765500004,17.657651313217546,8.487220961381988,3.925255386027774,21.401329741341737,21.43992160022214,voiding,1
12.29882287979126,27.619034215500005,17.90650022977778,9.54197074189437,3.926326841524038,21.779795092880875,21.819069417832974,voiding,1
12.336745977401733,25.873671685500003,18.181278192733334,10.417651513995049,3.927252015944869,21.787854273571007,21.82714313120718,voiding,1
12.337496042251587,14.053691695500003,18.474958375715442,11.071638889913139,3.9280315157967576,22.209718650234308,22.249768233053807,voiding,1
12.37492299079895,10.1575208655,18.78072155987657,11.471709848733736,3.9286659105238226,22.617162824043703,22.65794712887568,voiding,1
12.410245895385742,18.2133233955,19.092067900392742,11.597977006052743,3.929155631204045,23.04737325180441,23.088933331801652,voiding,1
12.447587251663208,29.851352365500002,19.402740778982732,11.444058455327824,3.9295008705566974,23.06348712873286,23.105076266011682,voiding,1
12.449022054672241,23.211191875500003,19.706596879052977,11.017390018089342,3.9297014915065493,23.45178351658146,23.494072847707336,voiding,1
12.48538613319397,12.3135878655,19.997438987469685,10.33865163805121,3.92975695140472,23.821412766218177,23.86436862975173,voiding,1
12.522762060165405,11.099354035500003,20.26883422660021,9.440349424274523,3.929666248368334,23.831995666539445,23.874970613644006,voiding,1
12.523950815200806,22.2241338855,20.514068143386027,8.364665075965373,3.9294278950756487,24.11324849061463,24.1567306057049,voiding,1
12.560182094573975,30.6207001755,20.726412393010417,7.160749921301642,3.9290399237822307,24.357845028102968,24.401768210882558,voiding,1
12.597689867019653,20.6275925655,20.899704985959314,5.881695499448305,3.928499924386994,24.55023170473233,24.594501807986706,voiding,1
12.634464025497437,12.911502055500005,21.02903265567871,4.581449523739165,3.927805115189969,24.553827141296246,24.59810372800666,voiding,1
12.635375022888184,26.220745885500005,21.111271711508937,3.3119574177816267,3.9269524436903027,24.65716874410529,24.701631681131328,draining,1
12.673418998718262,30.0148979355,21.145354966705405,2.1207872180900753,3.9259387125360363,24.715618169522834,24.76018650523225,draining,1
12.710293054580688,17.978259505500002,21.132234564004747,1.049432279087717,3.924760723725936,24.71568142602743,24.76024987580388,draining,1
12.710400104522705,10.564018375500002,21.074588463216642,0.1323806841894459,3.923415432540442,24.707165995374602,24.751719089736127,draining,1
12.746581077575684,16.425891265500002,20.976435602232574,-0.6030938759192102,3.921900101584672,24.67421797799706,24.71871165898323,draining,1
12.784459114074707,29.8592404155,20.84289963462407,-1.1365959508430739,3.920212444868642,24.67318033518423,24.717672145045313,draining,1
12.785260200500488,27.973996465500004,20.680249151538142,-1.4539929779818879,3.918350752090743,24.61852371747072,24.662916968013143,draining,1
12.821688175201416,15.532438135500005,20.496112516492595,-1.5468116597857795,3.916313984240849,24.561386858265674,24.605677077004284,draining,1
12.860311031341553,10.649735185500003,20.29966264095628,-1.4118954331196933,3.9141018332549655,24.51604972601411,24.560258190757473,draining,1
12.897119998931885,20.5555483755,20.10166934688529,-1.051478859587795,3.911714740636807,24.515942817811204,24.560151089772795,draining,1
12.897260189056396,31.8307270455,19.914423173650746,-0.47370992640122306,3.9091538725695325,24.512852647284085,24.55705534690852,draining,1
12.934217929840088,24.820354075500003,19.75147082798228,0.3064826846059663,3.9064210518933367,24.543838531181176,24.588097105971926,draining,1
12.973618030548096,13.347448285500004,19.626988303368694,1.266400802506301,3.9035186502209474,24.545895550743115,24.590157834845837,draining,1
12.974747896194458,12.7001023155,19.55468577244044,2.374774709929365,3.900449446197642,24.648572065074983,24.6930195001753,draining,1
13.009166955947876,25.020710545500005,19.546382141326482,3.5914843957786426,3.8972164582916102,24.808064159560033,24.852799198116642,draining,1
13.046873807907104,22.106864875500005,19.61056749095351,4.868097149639323,3.8938227623566677,25.01500811175727,25.06011632113531,voiding,1
13.084440231323242,12.669075985500005,19.751253509088784,6.149398442359783,3.890271305411167,25.023135940012686,25.06825880586324,voiding,1
13.085642099380493,15.2642444355,19.967301664809906,7.375926914917774,3.8865647275353994,25.31591584768844,25.361566667690283,voiding,1
13.122555017471313,28.701800545500003,20.252335044222352,8.487349293991038,3.8827052034617493,25.659294868865224,25.705564885659413,voiding,1
13.160892009735107,19.536938185500002,20.595253618358267,9.426368027076709,3.8786943143220456,26.022223761459102,26.069148228269988,voiding,1
13.197983980178833,12.771620635500003,20.981251038993626,10.142767192875997,3.8745329581779893,26.801050081835257,26.849378963970405,voiding,1
13.273087978363037,30.471353095500003,21.393139168774713,10.59717579833367,3.8702213054932537,26.814250978033744,26.86260366463008,voiding,1
13.2743239402771,27.545938285500004,21.812764557435205,10.764155887200646,3.8657588027547187,27.207297855933966,27.25635930267879,voiding,1
13.311059951782227,17.793679135500003,22.22232053107044,10.634295484983072,3.861144224199815,27.59091566429491,27.640668868257777,voiding,1
13.347858905792236,14.235116845499999,22.60543104926813,10.215091063156127,3.8563757682727045,27.602466061231212,27.65224009339933,voiding,1
13.349028825759888,23.714975335500004,22.94801706928754,9.530527877747012,3.8514511922486716,27.93284949093698,27.983219285651153,voiding,1
13.385434865951538,30.770573125500004,23.23903975695447,8.619396034139449,3.846367975668966,28.234406767380186,28.285320343999384,voiding,1
13.422775030136108,24.708869635500005,23.471140726036577,7.532502760553729,3.8411235010358045,28.494706719407482,28.54608968083298,voiding,1
13.460332155227661,17.5807017855,23.641060368753745,6.329045555126114,3.835715238810491,28.50171323332716,28.553108829219756,voiding,1
13.46156120300293,26.869143595500002,23.749686411947646,5.07248668904965,3.8301409232651698,28.662210925768267,28.71389593845749,voiding,1
13.49763298034668,29.501122945500004,23.801678437066148,3.8263092261961478,3.8243987062235827,28.78401492894779,28.83591958419935,draining,1
13.535248041152954,22.476025615500003,23.804713389219145,2.6500329925145687,3.8184872771778573,28.786817456732738,28.838727165630875,draining,1
13.53656816482544,15.969436105500005,23.76846425560754,1.5958234273912055,3.8124059406016393,28.83146121825642,28.883451430831915,draining,1
13.575359106063843,20.8132246755,23.703499865400573,0.705938793293551,3.8061546443377665,28.843902869711556,28.895915517643314,draining,1
13.610059976577759,29.1193413255,23.620337716285714,0.011141284000157563,3.799733956503635,28.835227349282867,28.88722435311848,draining,1
13.647878885269165,28.151214655500002,23.52880142382569,-0.46993402704196924,3.7931449921656224,28.834573043395796,28.886568867357038,draining,1
13.648968935012817,19.885064125500005,23.437669527007845,-0.7305724468685141,3.786389294796139,28.80790250018003,28.859850230595104,draining,1
13.68439507484436,17.2436191155,23.35451339599373,-0.7751260764585399,3.7794686809512528,28.781187079843864,28.833086635788284,draining,1
13.722755908966064,24.674688085500005,23.285666204375865,-0.6177226948382945,3.772385059423194,28.780612901965558,28.832511422526107,draining,1
13.724034070968628,29.2692142755,23.236317976471586,-0.28072034627008596,3.7651402381061354,28.779278641865446,28.831174756427014,draining,1
13.760213136672974,26.0293292055,23.21068459089012,0.20696166432873112,3.7577357328074195,28.79848593768006,28.850416687717953,draining,1
13.797929048538208,19.0284218955,23.212122942219594,0.8115631367284345,3.750172592164519,28.800016100307854,28.851949609605143,draining,1
13.799255132675171,19.631594785500003,23.243095236167456,1.496228028467854,3.74245125170614,28.86681838144461,28.91887235167763,draining,1
13.835180044174194,27.481256275500005,23.305012577936612,2.222766861112998,3.734571428031944,28.965039095012365,29.017270181338777,draining,1
13.873131036758423,23.933211385500005,23.39807518845812,2.95341994611033,3.726532061270144,29.087633372760475,29.14008552670855,draining,1
13.910247087478638,18.3763430955,23.52120786572145,3.6525780180718077,3.7183313106616196,29.09335011441643,29.145812577055132,voiding,1
13.911686897277832,22.8656952855,23.672129262305504,4.288389822477674,3.7099666046060147,29.267807010778903,29.320584062090667,voiding,1
13.949934244155884,28.7096885955,23.847548347702208,4.834172164303383,3.7014347430834342,29.445990677259665,29.499089037527217,voiding,1
13.985205173492432,27.7363032255,24.043430519080722,5.2695404303136995,3.6927320472900926,29.453515014871304,29.50662694336937,voiding,1
13.986592054367065,22.4486803755,24.255225294866875,5.581193398754392,3.6838545487791756,29.65769856956251,29.711178691206683,voiding,1
14.022588968276978,19.6494743655,24.47796994684814,5.763309921847223,3.674798208469414,31.409151977127546,31.465790399847272,voiding,1
14.325062990188599,27.6895007955,24.706294372515465,5.817541858387895,3.665559154579403,31.614239772673635,31.67124801910803,voiding,1
14.360514163970947,23.296908685500004,24.934452873019474,5.752613578789972,3.656133927812738,31.62083719666885,31.67785733988064,voiding,1
14.361678123474121,21.327525535500005,25.1565089341626,5.583560879560707,3.646519721881194,31.817641932405675,31.875016962938965,voiding,1
14.39774203300476,27.936133825500004,25.3667181153419,5.330659918914784,3.636714607638607,32.01248275232164,32.0702091287534,voiding,1
14.435396909713745,30.0411914355,25.560054505940112,5.018109586920432,3.6267177296587363,32.19569528455841,32.25375203822722,voiding,1
14.473209142684937,26.258608525500005,25.732747154138877,4.672539065136782,3.616529465007575,32.20114937836479,32.25921596710558,voiding,1
14.474421977996826,22.595923975500003,25.882674515631802,4.321417085234649,3.606151535239635,32.35965997808348,32.41801240040421,voiding,1
14.512558221817017,23.001369745500003,26.00953426557719,3.9914414367558937,3.595587064305235,32.49545930021273,32.5540566020965,voiding,1
14.547837972640991,29.785618615500002,26.11480769439458,3.706987206168007,3.5848405771038228,32.499866633441805,32.5584718828309,voiding,1
14.549062967300415,29.533726885500005,26.201574277139326,3.488690252786799,3.5739179358490487,32.62429351827364,32.683123139925506,voiding,1
14.585440158843994,25.5523651155,26.274193132313655,3.352238337468704,3.5628262141842084,32.74555224694452,32.80460052789473,voiding,1
14.621855974197388,21.693005185500002,26.337847081617685,3.307435625293826,3.551573512018363,32.87113863227602,32.93041337635346,voiding,1
14.659541130065918,25.461915475500003,26.397997870174358,3.357596397905258,3.54016871721218,32.8740935584838,32.933373631019634,voiding,1
14.66040301322937,31.945366705500003,26.459863017410758,3.4993102759547416,3.5286212233498957,33.00477765885665,33.06429338695317,voiding,1
14.696593999862671,24.432262015500005,26.528011688769844,3.7226039369396724,3.5169406156714844,33.15267390719017,33.21245632858162,voiding,1
14.73483920097351,21.984337165500005,26.60611119535285,4.011503560881765,3.5051363395666177,33.15707698009358,33.21686734130793,voiding,1
14.73589301109314,27.7778469555,26.69681497734982,4.34497892375787,3.4932173676089215,33.31933942117764,33.37942238146427,voiding,1
14.77177906036377,32.306113525499995,26.801769640192614,4.698225573922148,3.481191881728545,33.50523959206846,33.56565777606538,voiding,1
14.80994200706482,27.990298435500005,26.92168413929206,5.044217657575643,3.4690669866453208,33.70284361247361,33.76361812509879,voiding,1
14.847944021224976,23.560895425500004,27.056372642631718,5.355442716864301,3.4568484690794072,33.704394631671825,33.765171941165924,voiding,1
14.84822702407837,22.852548535500002,27.204724960423135,5.605713183985956,3.444540614609945,33.90899306983927,33.97013932061638,voiding,1
14.884191989898682,30.581259925500003,27.364651697978893,5.771939122964941,3.4321460905754337,34.1300433587522,34.191588217543774,voiding,1
14.922278881072998,32.3771059755,27.533085825267317,5.835744365888262,3.419665899411379,34.135470880067594,34.19702552601442,voiding,1
14.923213005065918,26.849686405500005,27.706065944203747,5.7848142677351735,3.4070994026715824,34.339919081349926,34.401842397665725,voiding,1
14.95908522605896,22.4812843155,27.878878282339702,5.613877846811722,3.394444412065398,34.546919364042964,34.60921595275793,voiding,1
14.996931076049805,24.3307691055,28.0462732543435,5.325249309434758,3.381697340517338,34.55260957904592,34.614916428617434,voiding,1
14.998040914535522,32.808319375500005,28.20283034709486,4.928882397449415,3.368853403787349,34.721049561160264,34.78366014942924,voiding,1
15.033990859985352,31.826520085500004,28.34350433466151,4.441923594421519,3.355906861721099,34.87953986691534,34.942436252169244,voiding,1
15.072045087814331,25.8289727355,28.464258054110022,3.8877845508781927,3.342851287714945,35.01547740213441,35.07861891618354,voiding,1
15.109897136688232,26.590958365500004,28.56260302707626,3.294787556218316,3.329679855314466,35.018301172856276,35.08144777885822,voiding,1
15.110840082168579,35.03590469550001,28.637898144938656,2.6944679855339313,3.3163856317458356,35.10440597806429,35.16770785219825,voiding,1
15.14661192893982,31.3006500855,28.691337681153797,2.119642158605705,3.302961869292371,35.174938426090556,35.238367487568176,voiding,1
15.1845121383667,23.6729057355,28.725634725234883,1.6023661940046687,3.2894022864876926,35.17651530233478,35.239947207307935,voiding,1
15.185648918151855,21.071426845500003,28.7444965469988,1.1719200218746388,3.2757013318965886,35.2129509100404,35.27644851737167,voiding,1
15.22163701057434,30.8068581555,28.752084013124684,0.8529501645125135,3.2618544237037823,35.27030730812498,35.33390834314263,draining,1
15.297262907028198,35.42872958550001,28.75264458440407,0.6638952753184516,3.2478581584655326,35.27083788264134,35.33443987441529,draining,1
15.298092126846313,30.6701319555,28.75036440965332,0.6158004212126125,3.233710482352167,35.27096320758894,35.33456542535458,draining,1
15.298280954360962,24.6336702255,28.749332747013217,0.711600914741332,3.2194108182608723,35.300709980537874,35.36436583904816,draining,1
15.334173917770386,21.7061519355,28.753507024975622,0.9459258048897462,3.2049601425813674,35.343609716996625,35.407342934278326,draining,1
15.372283935546875,31.851761845500004,28.76667326565087,1.3054369055845056,3.1903610063959484,35.3451259040346,35.408861855374276,voiding,1
15.373270034790039,37.2203686755,28.79243803326328,1.7696836737876747,3.1756174976351232,35.42090601184612,35.48477861335015,voiding,1
15.410398006439209,31.2459596055,28.834199631934798,2.3124196270650295,3.1607351431913706,35.51563885007595,35.57968227817667,voiding,1
15.446723937988281,21.8323607355,28.89496961172386,2.903294557820086,3.1457207530644142,35.63811355377825,35.70237783387923,voiding,1
15.48491907119751,23.5125153855,28.976997071511644,3.509810642331438,3.130582211996645,35.64173193563389,35.706002740566916,voiding,1
15.485870122909546,36.39264929550001,29.081320623971745,4.0994114637963905,3.115328227410917,35.8025956691905,35.86715655098227,voiding,1
15.522676944732666,30.630691705500002,29.20744340738298,4.641562387717361,3.099968045424479,35.99104324471748,36.05594394381635,voiding,1
15.561327934265137,22.973498635500004,29.353246537648293,5.1096795756307785,3.0845111489573673,35.994612950802015,36.05952008695854,voiding,1
15.562001943588257,24.5873936655,29.515158714466928,5.482773561397933,3.0689669532306905,36.19569388979462,36.26096362431839,voiding,1
15.597815036773682,36.6671534355,29.688561828243113,5.7466914809814185,3.0533445141110085,36.41400312176333,36.47966652150203,voiding,1
15.63532018661499,37.3176546255,29.86836093448714,5.894868832331354,3.03765226376893,36.64000715468439,36.706078095255855,voiding,1
15.673550128936768,28.2889925955,30.04955363917553,5.92853550444797,3.021897786069573,36.64745436513148,36.71353873485422,voiding,1
15.674813985824585,22.145253385500002,30.22762121972851,5.856359634989322,3.0060876411950708,36.84797293480385,36.914418888803695,voiding,1
15.709536075592041,27.327702235500002,30.39870349516002,5.693554037563139,2.990227245497191,37.0567826859484,37.123605175263876,voiding,1
15.746977090835571,37.441759945499996,30.55967076272646,5.460510551037139,2.9743208088283914,37.06422160749465,37.131057511014475,voiding,1
15.748375177383423,37.4833036755,30.708192951670622,5.181064618515225,2.9583713279546044,37.24458539713966,37.311746540913305,voiding,1
15.784227132797241,28.4052098655,30.842774516633682,4.880522681991803,2.942380631439267,37.42261048783712,37.49009265461543,voiding,1
15.821848154067993,21.3937851555,30.962682300028295,4.5836058655158505,2.9263494688668303,37.59013691653926,37.65792117465364,voiding,1
15.859511137008667,27.840425485500003,31.067815643033626,4.3124727571478925,2.910277635607544,37.59473375852567,37.66252630587625,voiding,1
15.860605955123901,38.87580743550001,31.158680772290904,4.084980522898282,2.8941641235545634,37.738875920766304,37.80692839187167,voiding,1
15.89664912223816,37.902422065500005,31.236556645522118,3.9133267170677386,2.878007288306188,37.88516073343734,37.95347699202298,voiding,1
15.934563875198364,22.521250435500004,31.303747477112452,3.8031847329515087,2.86180502393809,37.889495458992364,37.95781953415384,voiding,1
15.935711145401001,28.7123179455,31.363728834924913,3.7534057634468376,2.8455549375787643,38.02515027845492,38.093718972605615,voiding,1
15.97183895111084,38.594992855499996,31.42107029254164,3.7563124049952905,2.829254517235731,38.170528655701794,38.23935950280685,voiding,1
16.010324954986572,38.0402000055,31.481107634983264,3.798557553251599,2.812901287537781,38.32383767854706,38.392944979510176,voiding,1
16.050348043441772,27.121561195500004,31.549353313958967,3.862471555827276,2.796492949151674,38.325068166057406,38.39417768589201,voiding,1
16.050663948059082,22.6711233855,31.630676913245225,3.9277755183068286,2.7800274985697944,38.459480963371846,38.52883286252439,voiding,1
16.084686994552612,30.237866815500002,31.72842162782491,3.973503830090289,2.763503325780222,38.61128550934704,38.68091114941599,voiding,1
16.122860193252563,39.50842904550001,31.843709865145936,3.979958344689026,2.746919288086228,38.61736881314169,38.687005422902914,voiding,1
16.124398231506348,38.0459845755,31.975092930267202,3.930513036216877,2.7302747591005736,38.756520399892885,38.8264079341744,voiding,1
16.160337924957275,26.7813233055,32.11851666020316,3.8131026371439867,2.7135696527379984,38.89630963232794,38.96644924096167,voiding,1
16.197944164276123,22.9524638355,32.26752608157105,3.6212611794471625,2.696804422871416,38.9004318255066,38.97057886746804,voiding,1
16.19912600517273,30.7800387855,32.4137460972634,3.3546239680364605,2.679980040181635,39.01649947529224,39.086855815760615,voiding,1
16.23554801940918,40.3240534155,32.54774306284858,3.018864825424378,2.6630979485794786,39.12212916471508,39.19267598148175,voiding,1
16.272979021072388,38.12433920550001,32.66023762308305,2.6251032614177965,2.646160004369112,39.21292589489298,39.28363644048586,voiding,1
16.31070113182068,26.7155895555,32.743418528796305,2.1888760402052343,2.6291684020086294,39.21496259226188,39.28567681052081,draining,1
16.31174087524414,30.6412091055,32.79203147090626,1.7288161960386124,2.6121255908680148,39.26908282430094,39.339894634643294,draining,1
16.347892999649048,39.86864999550001,32.8040288293897,1.265211564704123,2.595034187750546,39.30823797556113,39.37912039226721,draining,1
16.385473012924194,37.881387265499995,32.780707289930646,0.8186169306990508,2.5778968901023993,39.30898778039666,39.3798715491852,draining,1
16.38669490814209,28.128076375500005,32.72633669563949,0.40866479453324633,2.5607163947644014,39.31732771599547,39.3882265237382,draining,1
16.42281198501587,24.508513165500002,32.647370213752644,0.0531630343328072,2.543495326805357,39.313941226406016,39.38483392747547,draining,1
16.460578203201294,30.734288095500002,32.551463210235724,-0.23250265329207737,2.526236182413973,39.301480822555206,39.372351054453226,draining,1
16.497873067855835,39.0751121655,32.44659015452381,-0.4357075127041728,2.5089412890244085,39.30084767942351,39.37171676960881,draining,1
16.499161958694458,36.8911740555,32.340425820955524,-0.5467544813208912,2.4916127848321765,39.281460464658345,39.35229459492922,draining,1
16.534229040145874,29.147738305500003,32.23995394797785,-0.5589671221164974,2.474252618662704,39.26192184613187,39.33272074347012,draining,1
16.572250843048096,25.8373866555,32.15118878335805,-0.46879153397448003,2.4568625698419444,39.26151336605544,39.332311526803686,draining,1
16.573347806930542,31.0324563855,32.07898181286968,-0.27595509436159044,2.4394442863608923,39.25670598917151,39.327495481037374,draining,1
16.610378980636597,38.1290720355,32.026971878719145,0.016315639123472087,2.421999338310471,39.26428998844043,39.33509315612145,draining,1
16.64672017097473,35.7211133055,31.997685799009062,0.40106195353983787,2.404529282384065,39.28829092523683,39.35913737250734,draining,1
16.68456196784973,30.0233118555,31.992679213173798,0.8674262673381976,2.387035732296216,39.289370536273466,39.3602189303481,draining,1
16.685513973236084,27.708957985500003,32.01258977108351,1.4006513131346787,2.3695204293336305,39.3507446534686,39.4217037201649,voiding,1
16.721797943115234,31.979548255500003,32.057089795576736,1.9823366785074064,2.351985307007769,39.4392483898288,39.51036705051973,voiding,1
16.760502099990845,35.098483225500004,32.1248407931076,2.5910085900451483,2.334432543961421,39.44316466026408,39.5142903829534,voiding,1
16.76185393333435,31.0718966355,32.21355468279926,3.2030050790150857,2.3168645999083006,39.570822188018454,39.64217810861396,voiding,1
16.79834508895874,29.789299705500003,32.3201904795415,3.793623313265677,2.299284230433893,39.72258632232678,39.794215910966514,voiding,1
16.835669994354248,33.2563606155,32.44125554491853,4.338433965924949,2.28169447790113,39.894531290037754,39.96647093772566,voiding,1
16.87324094772339,35.5444209855,32.57315912511631,4.814645862611419,2.264098637396794,39.900200996237835,39.972150867799876,voiding,1
16.874372959136963,33.3226202355,32.71254748532522,5.202401902268144,2.246500198507578,40.1051968881505,40.177516417702364,voiding,1
16.912731885910034,31.066112065500004,32.856537742995386,5.485899839092371,2.2289027655935163,40.295717157829834,40.368380242265914,voiding,1
16.94693613052368,31.8901503555,33.00279724591952,5.654253778176391,2.2113099609878715,40.30244406907086,40.375119283781665,voiding,1
16.948120832443237,34.974377905500006,33.14947615375888,5.702039530686614,2.193725317056801,40.51526237604117,40.588321354479234,voiding,1
16.98568296432495,34.776124915500006,33.295038578192504,5.629495518521647,2.1761521641745465,40.722639056869774,40.79607198644538,voiding,1
17.02314305305481,32.48596106550001,33.43803593610837,5.442377926524738,2.158593522311464,40.91533678623142,40.98911719718636,voiding,1
17.05952215194702,30.822634255500002,33.57686490787357,5.1514924677143625,2.1410520040283254,41.10063537749778,41.174749927367046,voiding,1
17.09686779975891,32.9392610055,33.70957481980142,4.771944512129336,2.1235297361966334,41.105687293905575,41.179810953622095,voiding,1
17.097978830337524,36.69555041550001,33.83380006805952,4.322164156058886,2.106028306739935,41.25500906157269,41.32940198514596,voiding,1
17.134644985198975,34.8891869655,33.94685547465631,3.822773224550366,2.0885487411762296,41.25889286807466,41.333292795105855,voiding,1
17.135736227035522,30.1169167155,34.04597284595568,3.295367542946633,2.071091511835838,41.368354621728166,41.442951935211546,voiding,1
17.171882152557373,33.489321025500004,34.12863064141928,2.761290410788031,2.0536565804629103,41.46265796524218,41.537425330837685,voiding,1
17.209590196609497,37.4096818755,34.192934517278694,2.2404722573394804,2.0362434726341556,41.46490017441526,41.53967158326514,voiding,1
17.210713863372803,36.4205204055,34.23799528517467,1.7504069718080755,2.018851380208361,41.52176593345541,41.59663988524886,draining,1
17.24793291091919,31.049810095500003,34.26421814049391,1.305327271217574,2.0014792860161505,41.60547150998442,41.68049640351074,draining,1
17.32331085205078,33.5392786755,34.2734164327332,0.9156295570638832,1.9841261033600233,41.606450104254726,41.681476762427096,draining,1
17.324612855911255,37.675246225500004,34.26871057640967,0.5875829909389882,1.9667908217444205,41.62283713592271,41.69789334394181,draining,1
17.360591888427734,36.8207074755,34.25421775838401,0.32333820520356005,1.9494726496859078,41.631159231198474,41.70623044600128,draining,1
17.398030996322632,32.3176826655,34.2345583430201,0.12122875932623668,1.9321711455156654,41.63121572024951,41.70628703691596,draining,1
17.399188995361328,29.2176790155,34.21424333062776,-0.023665550476920538,1.9148863277870702,41.62863527114295,41.70370193462527,draining,1
17.43542790412903,32.855121805500005,34.19707722070255,-0.11874762885479094,1.8976187582011497,41.62311558220611,41.69817229233231,draining,1
17.473267078399658,37.459113655500005,34.18573899354506,-0.17299705338169072,1.8803695917793322,41.61610425176907,41.69114831874281,draining,1
17.51126790046692,36.879079045500006,34.18162762950169,-0.19601235513213,1.8631405912244947,41.61601634069464,41.6910602491431,draining,1
17.511715173721313,32.7841293555,34.184931055431896,-0.19708548188283023,1.8459341048652156,41.60925102205847,41.684282730974225,draining,1
17.547184944152832,30.8799540855,34.19481437906036,-0.1843840655014407,1.828753010100959,41.60271224681639,41.67773216471287,draining,1
17.58469009399414,35.97300503550001,34.20965827617634,-0.1643027292323062,1.8116006266753872,41.60258019434253,41.67759987411594,draining,1
17.58555507659912,36.356364265500005,34.22733290219989,-0.14102704988183853,1.794480606223011,41.597928498531985,41.67293979015427,draining,1
17.6217041015625,33.5518995555,34.24549626511278,-0.11633512324767024,1.7773968062002232,41.594056323538915,41.669060632677734,draining,1
17.65930199623108,32.7194473455,34.261882694918256,-0.08964316501581683,1.7603531573943851,41.59127390472306,41.666273196476716,draining,1
17.69692087173462,34.497413815499996,34.2745514487848,-0.058283575409534404,1.7433535346135547,41.59123027169843,41.666229484771016,draining,1
17.698065042495728,35.38560824550001,34.2820921466351,-0.017986551599203423,1.7264016398529138,41.59156868653043,41.666568509848155,draining,1
17.73466396331787,34.59627737550001,34.28379210046419,0.03647971065414791,1.7095009062238535,41.59432857023932,41.66933337030587,draining,1
17.77220106124878,32.56168634550001,34.279757830894034,0.11056861545606492,1.692654429284638,41.59452331136587,41.66952846259855,draining,1
17.77341914176941,33.674953135500004,34.27097704709236,0.2091822109486182,1.6758649302456246,41.60429341853577,41.67931618767358,draining,1
17.80926489830017,36.1102571055,34.25931116561522,0.33593710667636456,1.6591347529993434,41.619785515860535,41.69483622105844,draining,1
17.84666395187378,36.516754615500005,34.24740094110544,0.49253826071627427,1.6424658942409256,41.64278994713404,41.717882134977,draining,1
17.885958909988403,33.70597946550001,34.238453701676,0.6783209221031941,1.6258600633098879,41.64369183838164,41.71878565255624,draining,1
17.88710904121399,31.6629745155,34.23589661269684,0.8900066348544667,1.6093187660131894,41.67964118077701,41.754799820453826,draining,1
17.92284917831421,33.6649616055,34.24293690232616,1.121700387676899,1.5928434047774034,41.726595907235264,41.80183921782736,draining,1
17.960611820220947,36.8985362355,34.26212088423258,1.3651344357029707,1.5764353861853804,41.72878322246112,41.804030477320296,draining,1
17.962082147598267,34.12036502550001,34.29498194997038,1.61014203618441,1.5600962263900104,41.790910361113866,41.86626964647753,draining,1
17.998040914535522,31.2664685355,34.341830008221436,1.8453234285325446,1.5438276451125947,41.86432656410094,41.939818236927415,draining,1
18.03565001487732,32.9287436055,34.40170999040719,2.0588488233884576,1.5276316399052412,41.943338059025336,42.01897220900154,draining,1
18.072415113449097,36.3327001155,34.472546087878946,2.239330590989311,1.511510533996229,41.94636125660249,42.02200085814716,voiding,1
18.07372498512268,37.59636572550001,34.55144980704288,2.376690410344607,1.4954669931930058,42.03617307030649,42.111974624630825,voiding,1
18.11084008216858,35.0474738355,34.63510495986165,2.46294741104807,1.479504009789835,42.12829135927546,42.204259025521395,voiding,1
18.14801597595215,32.817259165500005,34.72011542981071,2.4928602155426267,1.4636248539885452,42.13117400225175,42.20714686661165,voiding,1
18.149178981781006,32.9355799155,34.80325217268962,2.4643685528135095,1.4478329957611809,42.21620270286494,42.292328894875716,voiding,1
18.18429183959961,35.538110545500004,34.881617813325754,2.3787975063240983,1.432132002157384,42.303919830069,42.38020419762472,voiding,1
18.222267866134644,36.7102747755,34.9527807649427,2.240807818795389,1.4165254166319914,42.384507181094904,42.460936867456326,voiding,1
18.2597599029541,35.33302124550001,35.01489782221804,2.0580971147494185,1.4010166279515208,42.38657969750775,42.463013121125776,voiding,1
18.260823011398315,34.1124769755,35.06679983957718,1.8408774896318667,1.3856087366154677,42.448374548775604,42.52491940370227,voiding,1
18.29672884941101,34.6262519655,35.108012587488325,1.6011728669707446,1.370304426547629,42.504461629865865,42.58110762358832,voiding,1
18.334713220596313,35.743725715500005,35.13871676884086,1.3519933611415427,1.3551058491714705,42.50585048665288,42.58249898482557,draining,1
18.335843086242676,35.0185509855,35.159674935159885,1.1064525460954358,1.3400145260096064,42.54162407645195,42.618337083201716,draining,1
18.371917009353638,33.8474384955,35.17214952365858,0.8768964613875024,1.3250312747778958,42.571622086736944,42.64838918727404,draining,1
18.41059899330139,35.828390785500005,35.1778189863687,0.6741103497164005,1.3101561627051024,42.57233291923721,42.64910130158006,draining,1
18.411803007125854,37.464372355500004,35.17868134014899,0.5066609766970431,1.2953884895939243,42.58853598678093,42.66533358723796,draining,1
18.448334217071533,35.8725638655,35.17692108515434,0.3804198272408455,1.2807268019981877,42.601421685756534,42.67824252229667,draining,1
18.486304998397827,32.99237387550001,35.17472150348125,0.2982967293067937,1.266168938825308,42.61168041557838,42.688519751130414,draining,1
18.52304220199585,32.73837866550001,35.17404369088959,0.260195960234312,1.251712107645779,42.61213575507843,42.688975911719524,draining,1
18.524782180786133,35.208390055500004,35.17644009073864,0.2631891552570845,1.237352989947653,42.62221146794576,42.699069793574196,draining,1
18.560443878173828,37.7720063055,35.182968955013884,0.30188281861993665,1.2230878724656413,42.634810314729386,42.7116913591759,draining,1
18.598006010055542,36.8711909955,35.194213175779524,0.36894421661320737,1.2089128005220642,42.63530638643731,42.71218832542307,draining,1
18.59920907020569,34.4632322655,35.210340661826066,0.45573891808059924,1.1948237480650477,42.65366836980559,42.73058341996152,draining,1
18.635613918304443,33.05021957550001,35.23114199700876,0.5530269099469223,1.1808167978542892,42.6777935825496,42.75475213639511,draining,1
18.675666093826294,34.45376660550001,35.256041627099535,0.6516623449898444,1.1668883241508636,42.70151392687956,42.778515254337364,draining,1
18.709676027297974,36.36214883550001,35.28413163210047,0.743244490080031,1.1530351694721426,42.70226842365978,42.77927111166077,draining,1
18.710640907287598,36.285897685500004,35.31426800378183,0.8206739004747111,1.13925480663837,42.73300384703461,42.81006195856002,draining,1
18.746816158294678,35.477635495499996,35.34521642597875,0.8785775224837971,1.1255454775954714,42.766928429063555,42.84404771495046,draining,1
18.784675121307373,34.7556159855,35.37579685899189,0.9135783808654508,1.1119063014151456,42.76790891918873,42.84502997314038,draining,1
18.785742044448853,36.263285275499996,35.40498382636233,0.9243986711909628,1.0983373454250387,42.80105416354133,42.878234986517064,draining,1
18.82184410095215,35.3109347055,35.43195277284815,0.9117983526311862,1.0848396554942747,42.834710953263986,42.91195246770586,draining,1
18.859446048736572,33.927370735500006,35.45609140302941,0.8783636844851602,1.0714152439043707,42.867074573610566,42.944374447616276,draining,1
18.897375106811523,34.619941525499996,35.47700703556446,0.828170671449749,1.0580670357407906,42.86774746543824,42.94504855283334,draining,1
18.898219108581543,36.850156195500006,35.494554207792,0.7663563818832919,1.0447987771063643,42.89516553396923,42.97251606288241,draining,1
18.93565011024475,37.293464605500006,35.50887796901385,0.6986361276779443,1.031614910470877,42.92003403726278,42.99742941020114,draining,1
18.97306203842163,35.9162110755,35.52043268003565,0.6308063525908961,1.0185204239721952,42.92089254246155,42.998289463495844,draining,1
18.974493980407715,34.338075205500004,35.52993024054698,0.5682718323017161,1.0055206823880283,42.94000070816335,43.01743208591801,draining,1
19.00975203514099,33.9105428955,35.538212786469074,0.5156317378955521,0.9926212477998215,42.95899675637471,43.03646238867432,draining,1
19.048051118850708,35.2730720655,35.54610033346132,0.4763527364764852,0.979827697741576,42.97655248378935,43.054049773381436,draining,1
19.08585000038147,36.609307735499996,35.554281173959005,0.4525492153100681,0.9671454479903506,42.97695730402435,43.054455323606845,draining,1
19.08675217628479,36.298518565500004,35.56327682684677,0.4448816150118736,0.9545795862603678,42.99348339958799,43.0710112197836,draining,1
19.123580932617188,35.38718585550001,35.573460266403835,0.4525744605872709,0.9421347220538739,43.010607339417,43.08816603828591,draining,1
19.160560846328735,35.5644040455,35.58508218889141,0.47354667439321857,0.9298148569174778,43.01115470107829,43.08871438697484,draining,1
19.161679983139038,36.14759387550001,35.59827599065377,0.5046387561076271,0.9176232784293136,43.030095226194966,43.107689066514695,draining,1
19.1978759765625,34.552630165500005,35.61304421358303,0.5419149270630749,0.9055624804287973,43.072648166015256,43.1503187397468,draining,1
19.273665189743042,34.1787365955,35.6292522423592,0.5810137334818424,0.8936341112795716,43.072860765696724,43.15053172279776,draining,1
19.274019956588745,36.0208592055,35.64665769720551,0.6175181137954893,0.8818389512741857,43.07313910545315,43.1508105644692,draining,1
19.274460077285767,37.50644195550001,35.66498173143519,0.6473156388906682,0.8701769195745367,43.09696489825582,43.17467932103368,draining,1
19.310718059539795,37.1199275055,35.683989086263075,0.666921465410469,0.8586471102685356,43.12281279923221,43.20057383213004,draining,1
19.34927797317505,35.16211349550001,35.70351903366296,0.6737403016717423,0.8472478561733758,43.12301103555381,43.20077242592047,draining,1
19.349573850631714,34.239211645500006,35.72343197370194,0.6662490563172804,0.8359768179385756,43.14801248671994,43.22581896084947,draining,1
19.387734174728394,34.5321212355,35.74349723041439,0.6440884084688516,0.8248310948585414,43.17009199813629,43.24793828705299,draining,1
19.423000812530518,35.871512125500004,35.76329510721152,0.6080588214561699,0.8138073526978986,43.19212090563446,43.27000691808702,draining,1
19.460718870162964,37.0257967755,35.782198617011396,0.5600239951529421,0.8029014967442203,43.192728259281196,43.27061536694169,draining,1
19.461861848831177,35.9861517855,35.799447406582146,0.5027318788241371,0.7921092059036624,43.20977966998335,43.2876975255293,draining,1
19.498052835464478,35.4765837555,35.81427582236168,0.4395696325949414,0.7814260817128482,43.225120691715674,43.30306621089529,draining,1
19.53575301170349,35.7894764055,35.826044161518006,0.37427386962437836,0.7708477916863399,43.22548646490702,43.30343264366562,draining,1
19.536821126937866,36.3842353755,35.83434117438611,0.3106207551743731,0.7603702005038664,43.235711765305865,43.313676382794895,draining,1
19.573162078857422,35.731630705499995,35.83904921808474,0.2521218180788349,0.74998948351337,43.244209189194606,43.32218912962794,draining,1
19.61060619354248,34.3806706755,35.84037626089198,0.20175051727821852,0.7397022184199448,43.244453436280324,43.3224338171512,draining,1
19.611950159072876,36.1197227655,35.83886297770854,0.16172172988065145,0.7295054527029158,43.24976148252652,43.32775143510972,draining,1
19.647929191589355,37.37287097550001,35.835367879919396,0.133341581995156,0.7193967460731637,43.25447949838118,43.33247795870685,draining,1
19.685631036758423,36.6150923055,35.831017163301766,0.11693878669782724,0.7093741889604611,43.258766074184365,43.336772264260034,draining,1
19.723097801208496,35.3335471155,35.827094524686096,0.11188138852151089,0.699436399435865,43.25890252247104,43.33690895859652,draining,1
19.724291801452637,35.022757945500004,35.824863058100064,0.11667515884160541,0.6895825020005034,43.263349332420184,43.34136378723721,draining,1
19.760473012924194,34.84133279550001,35.82535286622564,0.1291325279817585,0.6798120922406078,43.26854086328327,43.346564679706745,draining,1
19.79813003540039,35.8599429855,35.8291793570328,0.14659457531585954,0.6701251914530952,43.26872789034331,43.34675204402255,draining,1
19.799325942993164,36.3232344555,35.83644985336922,0.16618387205730822,0.6605221950399809,43.27508777722484,43.35312339934366,draining,1
19.83553910255432,36.0092900655,35.8467767654,0.18506340703136975,0.6510038178567885,43.28238692565854,43.36043570993643,draining,1
19.87338399887085,35.5775507955,35.85937461407647,0.20067676636767479,0.6415710389149869,43.290046022936714,43.368108618449924,draining,1
19.910598039627075,36.411054745499996,35.87319899498391,0.2109472939350336,0.6322250470238826,43.29033972141605,43.36840284653982,draining,1
19.91197896003723,36.9269332155,35.88708869524652,0.2144189721870865,0.6229671882389658,43.30599419775134,43.38408555174448,draining,1
19.98569083213806,34.4868964155,35.89988683093891,0.2103287893097912,0.6137989154511677,43.306243890869,43.384335695120214,draining,1
19.98691201210022,34.6472867655,35.91053625035161,0.1986086734715705,0.6047217401486905,43.313044894161855,43.39114896229398,draining,1
20.022855043411255,37.23614477550001,35.918160376840575,0.1798236982448057,0.5957371863072799,43.31918164669105,43.39729678089667,draining,1
20.059504985809326,36.5772296655,35.92213809309213,0.15506100430327596,0.586846746474849,43.3245988412203,43.40272374395943,draining,1
20.098082065582275,36.228577855500006,35.92215909182524,0.12578941574571406,0.5780518403467425,43.324731401122826,43.40285654290005,draining,1
20.099289894104004,35.69902676550001,35.91823026335022,0.0937117802273709,0.5693537764054254,43.32752730669465,43.40565749017697,draining,1
20.135519981384277,35.69534567550001,35.91061719644136,0.060629861303656565,0.5607537174554819,43.329211778593354,43.407344999592624,draining,1
20.17338800430298,35.5864905855,35.89973774321734,0.028335538465066642,0.5522526510676885,43.329227835645455,43.40736108559953,draining,1
20.174583196640015,35.4092723955,35.88604924337587,-0.001466135776581116,0.5438513660172889,43.32870994657331,43.40684226264607,draining,1
20.210710048675537,35.720061565500004,35.869972843815226,-0.027204453713702066,0.535550435740965,43.327317273154215,43.40544707789442,draining,1
20.24801015853882,35.3451162555,35.85188060724521,-0.04746950430945648,0.5273502096400102,43.32526654377587,43.403392650546856,draining,1
20.28581213951111,36.626661445500005,35.83214291960095,-0.06102900955689765,0.5192508127347302,43.32518745770458,43.403313421863935,draining,1
20.287049055099487,37.03421069550001,35.81120464080362,-0.06684725302915938,0.5112521537514043,43.322826925045,43.40094863258365,draining,1
20.323097944259644,36.1302401655,35.789641053577206,-0.0641155985079809,0.5033539412338052,43.32063109379307,43.39874884170814,draining,1
20.360821962356567,35.0884916955,35.76815291887369,-0.05229995649950177,0.4955557067598628,43.32057814536136,43.398695797797394,draining,1
20.36209011077881,34.7713920855,35.74749579446341,-0.031205145548216722,0.4878568338584745,43.319998133841935,43.39811474037461,draining,1
20.398053884506226,35.3756167155,35.72838079702012,-0.0010501746982606922,0.48025659080951705,43.32068041943759,43.39879825629893,draining,1
20.435534954071045,36.221741545499995,35.711400885172026,0.03745711844777174,0.4727541652150469,43.32298462770805,43.40110661962338,draining,1
20.47377300262451,35.1642169755,35.697017178978314,0.08306201668734824,0.46534869808580764,43.32301282449986,43.401134867260936,draining,1
20.474032878875732,35.719009825499995,35.68560182785231,0.13393966528180368,0.4580393152161931,43.3349036278697,43.41304711267251,draining,1
20.54796600341797,37.0762802955,35.67750261052365,0.18772409351269873,0.4508251538292259,43.33521464703676,43.41335869268359,draining,1
20.54941487312317,36.570919225500006,35.673081274824035,0.2416025270074017,0.44370538285082733,43.335293467423234,43.4134376552026,draining,1
20.549710035324097,35.0579912355,35.672685751809716,0.29247931835607727,0.4366792156935075,43.346617665885006,43.42478227397817,draining,1
20.585678100585938,34.406438305500004,35.6765481685563,0.3372013930935703,0.4297459150531239,43.35992703612958,43.4381156442893,draining,1
20.623167991638184,34.788745795500006,35.68464438504515,0.372823089294189,0.4229047898973281,43.36026460402606,43.43845382090368,draining,1
20.6240451335907,36.9053725455,35.69657549884796,0.3968764912934318,0.41615518549323227,43.37497366954933,43.45318941048821,draining,1
20.66061282157898,36.509392435500004,35.71151608250371,0.4076078134284788,0.4094964679261754,43.39014945057432,43.46839255717724,draining,1
20.69800305366516,34.61257934550001,35.72823510048172,0.4041432872340835,0.40292800504721715,43.40473113894432,43.48300053991617,draining,1
20.734885931015015,34.6614852555,35.745170724212606,0.38655903415398707,0.3964491461095922,43.40517550553682,43.48344570781088,draining,1
20.736083030700684,36.7949398455,35.76054052911334,0.3558462940139357,0.39005920248304926,43.417221487036706,43.49551341117682,draining,1
20.772061109542847,37.529580235500006,35.772470496226234,0.3137826515854746,0.3837574317556959,43.4283687934239,43.50668081889792,draining,1
20.810732126235962,35.31514166550001,35.77911589107436,0.2627373026560258,0.3775430272496988,43.42861481363052,43.50692728273945,draining,1
20.81178307533264,33.9715438155,35.778744869463914,0.20544941998797947,0.3714151145118047,43.435357844393934,43.513682472845055,draining,1
20.850285053253174,36.570919225500006,35.76977935109553,0.14481989746558255,0.3653727557299562,43.43943399947544,43.51776597823627,draining,1
20.88595199584961,37.14779861550001,35.75081687763437,0.08374777807793589,0.3594149623237117,43.44145526270888,43.51979088630423,draining,1
20.923116207122803,34.7934786255,35.72066373578872,0.02502693631499099,0.35354071521736413,43.44145299945604,43.51978861897019,draining,1
20.924349069595337,33.303688915500004,35.67840094991619,-0.028698477770995743,0.3477489915923967,43.43957091375853,43.51790313940947,draining,1
20.960670948028564,35.2762272855,35.623500749568045,-0.07493524265840992,0.3420387962898382,43.43608537528978,43.514411315657966,draining,1
20.998097896575928,38.264746495500006,35.55599987580329,-0.11132298057555427,0.33640919554574533,43.43593582841907,43.51426149911748,draining,1
20.999309062957764,37.23772238550001,35.4766971081428,-0.13562388478313805,0.3308593504355813,43.43083207318286,43.50914854055586,draining,1
21.035587072372437,34.13140829550001,35.38730073242041,-0.14574520456599577,0.325388547302208,43.425433313750425,43.50374004583293,draining,1
21.07339906692505,32.95819232550001,35.29045853726071,-0.13981283046031742,0.31999622255751675,43.420644686591416,43.4989427836019,draining,1
21.110793113708496,35.2641322755,35.18965936598257,-0.11630425613058325,0.3146819795721822,43.42054056436569,43.4988384736182,draining,1
21.111886024475098,37.952905585500005,35.08904005438239,-0.07423687294999314,0.30944559587807835,43.418967881028365,43.49726295434619,draining,1
21.1477792263031,36.1191968955,34.99312244201172,-0.013394391870317806,0.30428701956564924,43.41995728122246,43.49825413867207,draining,1
21.185801029205322,32.792017405500005,34.9064767493189,0.06543822559579905,0.299206354514822,43.4200753205757,43.49837239087928,draining,1
21.18684697151184,32.085773995500006,34.83331889182286,0.1602708837946854,0.29420383489630975,43.43582977477561,43.51415525423323,draining,1
21.260457038879395,39.2607442755,34.77709579741422,0.2677807336899556,0.2892797901606403,43.44812516308489,43.52647281415036,draining,1
21.29822587966919,32.79412088550001,34.740136535364755,0.38330561432398497,0.28443460243652946,43.44858551853566,43.526933999735185,draining,1
21.299267053604126,31.7124062955,34.72342591909175,0.500995145270586,0.27966865883541125,43.468983490962664,43.54736875472116,draining,1
21.335850954055786,35.74951028550001,34.72652449844708,0.6141386800008186,0.2749823015615329,43.49550117827189,43.57393425993978,draining,1
21.375733137130737,38.544509335499995,34.74763167389604,0.715662512646325,0.2703757789260022,43.49553602107485,43.57396916557288,draining,1
21.375779151916504,35.835752965500006,34.78375444853315,0.7987551851826671,0.2658492003422932,43.52382715371978,43.602311314085135,draining,1
21.40994095802307,31.149725395500003,34.830924546985315,0.857546741985557,0.26140249813968136,43.55692163991382,43.63546547777381,draining,1
21.44786524772644,31.0881986055,34.88444245297042,0.8877455998296349,0.257035924351799,43.58943715225403,43.66803962357647,draining,1
21.48450493812561,36.339010555499996,34.93918811732927,0.88713360826253,0.2527489051073074,43.590389816177336,43.668994005387034,draining,1
21.48559808731079,39.6409482855,34.99003503198095,0.8558378657560854,0.24854063833172968,43.62025199276716,43.69891003082264,draining,1
21.52174711227417,37.1194016355,35.03231669507656,0.7963326489439649,0.24441009950638967,43.64881239379332,43.727521933273216,draining,1
21.559587955474854,32.2850787255,35.062219847723696,0.7131686523189409,0.24035605891486145,43.64946536775345,43.72817608470592,draining,1
21.5605731010437,31.2664685355,35.07701347307094,0.6124708892467556,0.23637710899390008,43.66985694444845,43.748604432426816,draining,1
21.597190856933594,35.752665505500005,35.07513286412348,0.501282599979124,0.2324716997250278,43.686274616868836,43.76505170994674,draining,1
21.634161949157715,38.4477492555,35.05620074926789,0.38685304507378687,0.22863817947647772,43.69892687484865,43.77772678305816,draining,1
21.67233896255493,35.89359866550001,35.02102536530312,0.27596768677190525,0.224874838374385,43.699121225805946,43.77792148447801,draining,1
21.67320203781128,30.798444235500003,34.971540324976644,0.17440082017294928,0.22117995117387604,43.708905709300396,43.78772361180164,draining,1
21.74819588661194,38.2047973155,34.91063603531152,0.08654014101056981,0.21755181672498244,43.708964786515466,43.78778279554745,draining,1
21.749357223510742,36.0566183655,34.841875235201954,0.015199871096571166,0.21398879147667393,43.70810801763478,43.786924481701845,draining,1
21.82325315475464,32.1898962555,34.7691257708672,-0.038388397616654114,0.21048931500802376,43.70803977325968,43.786856114265355,draining,1
21.824462890625,32.564841565500004,34.69616314826321,-0.07443685088922158,0.2070519262750709,43.7080125890864,43.78682888107233,draining,1
21.824784994125366,35.929883695499996,34.6263069649123,-0.0943546912490189,0.20367527005808014,43.704511007386685,43.783320985159975,draining,1
21.860737085342407,37.1399105655,34.562144205000045,-0.10043685389782901,0.20035809392003529,43.70085124960021,43.77965462793049,draining,1
21.898087978363037,35.051680795500005,34.505347046389964,-0.09552942645052502,0.19709923677289767,43.69753790188374,43.77633530543352,draining,1
21.935267210006714,31.957987585500003,34.45655703474389,-0.08270705504685516,0.19389761082524765,43.697451663808124,43.77624891184946,draining,1
21.936434984207153,32.770456735500005,34.4153275608791,-0.06498943556163538,0.1907521791938383,43.69549251811913,43.77428623333914,draining,1
21.97202205657959,35.18367416550001,34.38016513838896,-0.04511491179741764,0.18766193175720708,43.694120364145334,43.772911605034395,draining,1
22.010951042175293,35.9971950555,34.34871851993559,-0.025380322167826482,0.18462586188606406,43.69410248392735,43.77289369257399,draining,1
22.0120370388031,33.6270989655,34.31811679461608,-0.007548358319862219,0.18164294649956264,43.6940959422318,43.772887139082144,draining,1
22.047812938690186,31.0897762155,34.28540398673978,0.007182654280291225,0.17871213148946558,43.69457611337421,43.773368176091175,draining,1
22.085712909698486,36.7234215255,34.247998271320085,0.018156211668087122,0.17583232396896156,43.695394321089395,43.77418785923602,draining,1
22.1234610080719,37.8419470155,34.20410002407451,0.025194725223758912,0.1730023921015473,43.69542101131203,43.77421459758769,draining,1
22.124454975128174,34.2455220855,34.152961176723615,0.028509715907330757,0.1702211725223887,43.69645166378058,43.77524710857602,draining,1
22.160549879074097,30.987757435500004,34.094938908364156,0.02859820548205004,0.16748748465801705,43.697481070686074,43.77627837175523,draining,1
22.198163986206055,32.579565925500006,34.031323616263364,0.02613694491680114,0.1648001506519256,43.697508657218776,43.77630600803324,draining,1
22.199312925338745,35.90990063550001,33.9640136485992,0.02188393262959748,0.16215801916963724,43.69821157818393,43.777010196537695,draining,1
22.235849142074585,36.8023020255,33.89513188457644,0.01659410521614461,0.1595599911202368,43.698727787927275,43.77752733713412,draining,1
22.273326873779297,32.7210249555,33.82664023549328,0.010953439411802452,0.15700504529907572,43.69902897616159,43.77782906848487,draining,1
22.309864044189453,30.049079485500005,33.75998293833519,0.005533235989684073,0.15449226210943703,43.69903256234281,43.77783266113285,draining,1
22.31100296974182,32.4254860155,33.69581849215183,0.0007642453708307596,0.15202084381840275,43.69899119372601,43.777791217918264,draining,1
22.346864938735962,35.6948198055,33.633929049638674,-0.0030713477391985083,0.1495901301872808,43.698653533636325,43.77745294894443,draining,1
22.422704935073853,35.672207395499996,33.57335662563518,-0.005833190920794892,0.1471996087260411,43.69864672350413,43.77744612653189,draining,1
22.423726081848145,32.1315246855,33.51272670571888,-0.007505013458357137,0.144848919194192,43.69864463069649,43.7774440299504,draining,1
22.42399311065674,31.4684026155,33.45066386599983,-0.00816975702645058,0.14253785226216512,43.6983553501814,43.77715422779143,draining,1
22.45981502532959,33.93315530550001,33.3862146406232,-0.007981278881849163,0.14026634243659797,43.698069893888004,43.776868256750156,draining,1
22.497581005096436,36.5777555355,33.319220891089564,-0.007135834200362963,0.1380344554473132,43.69782803176017,43.77662595848544,draining,1
22.53484296798706,31.074000115500002,33.25058411285335,-0.005845882760975486,0.1358423703258843,43.69763666056846,43.77643424220443,draining,1
22.572499990463257,33.79432562550001,33.182346441097614,-0.0043180218240634356,0.13369035642380153,43.69763186649885,43.77642943948994,draining,1
22.573859214782715,36.11709341550001,33.117528724700925,-0.002736103890666499,0.1315787456740571,43.697560088583906,43.77635753214176,draining,1
22.60987401008606,33.5734602255,33.059711193409704,-0.0012499198723548003,0.12950790053579084,43.69753744716164,43.77633484989145,draining,1
22.647016048431396,30.2052628755,33.0124007543213,3.0739489470906526e-05,0.12747817829947466,43.6975778886161,43.77637536427179,draining,1
22.72274899482727,30.448740685500002,32.97829704913583,0.001037262123621212,0.12548989276373762,43.69757931465124,43.77637679287842,draining,1
22.72377610206604,33.28791281550001,32.95862491322832,0.0017395368103077069,0.1235432746871753,43.697579846101334,43.77637732528685,draining,1
22.724050045013428,35.3109347055,32.95269449581336,0.0021404688130147852,0.12163843280581958,43.69766030978188,43.776457934063195,draining,1
22.760547876358032,32.846182015500005,32.95777319704964,0.0022687619596148127,0.11977531751164852,43.69766255700562,43.77646018533923,draining,1
22.761560201644897,30.1752882855,32.96926863850832,0.0021709646162444245,0.1179536894350418,43.69773653701708,43.77653429875484,draining,1
22.79787302017212,30.885738655500003,32.98118798318749,0.0019036302213902262,0.11617309511096921,43.69780125358488,43.77659913202252,draining,1
22.835609912872314,35.055361885500005,32.9868355830876,0.0015262530133173778,0.11443285161562014,43.69784985969213,43.77664782577853,draining,1
22.872689962387085,36.0760755555,32.97967724650558,0.0010954321185750128,0.11273204155652157,43.69785124605231,43.77664921463866,draining,1
22.874269008636475,32.7499478055,32.95423187793351,0.0006605141507878392,0.11106951913837776,43.69788740005114,43.776685433832036,draining,1
22.952754020690918,30.721667215500002,32.9068162538795,0.0002607827409286147,0.10944392728457464,43.69788744360505,43.77668547746448,draining,1
22.953225135803223,34.53685406550001,32.83600932155202,-7.588562297426191e-05,0.1078537250527535,43.697887433025485,43.77668546686584,draining,1
22.953276872634888,35.7447774555,32.74277980009659,-0.0003330903318651686,0.10629722391549747,43.69787384235335,43.77667185168639,draining,1
22.985710859298706,32.199887785499996,32.63027879972069,-0.0005049609551467646,0.10477263093794319,43.69785324682661,43.77665121902085,draining,1
23.023175954818726,29.107246315500003,32.50334242390682,-0.0005944904920494592,0.103278096503733,43.69785245515005,43.7766504259167,draining,1
23.024488925933838,30.878902345500006,32.36780682522761,-0.000611440930291233,0.10181176402857967,43.69783108957198,43.77662902181124,draining,1
23.060654878616333,34.025182555499995,32.22978426304063,-0.0005700890163759512,0.10037181904987351,43.69781112358667,43.77660901982235,draining,1
23.098428964614868,33.9394657455,32.095029805923275,-0.00048703704157700985,0.09895653517347817,43.697794792564956,43.77659265935179,draining,1
23.13613200187683,31.174967155500003,31.968454864228764,-0.0003792603657373775,0.09756431457180034,43.69779439213956,43.77659225820433,draining,1
23.13737988471985,29.105668705500005,31.853789228787292,-0.00026250723551758903,0.09619372103568645,43.697786491293016,43.77658434311061,draining,1
23.175675868988037,30.799495975500005,31.75339523192171,-0.00015011287076294476,0.09484350396368299,43.69778295268652,43.77658079812314,draining,1
23.210649967193604,34.09512326550001,31.66825102292026,-5.224296879764779e-05,0.09351261210603572,43.697782933248746,43.77658077865032,draining,1
23.21204900741577,33.7569888555,31.598089726270473,2.4455672845493276e-05,0.09220019635155757,43.69778489041077,43.77658273934159,draining,1
23.250689029693604,30.5234142255,31.541625217029964,7.684665094082612e-05,0.09090560134012524,43.69778810114892,43.77658595586949,draining,1
23.286000967025757,29.9959666155,31.496779555260545,0.00010500336296084081,0.08962834619022769,43.6977921329495,43.776589994940394,draining,1
23.32321310043335,31.988488045500002,31.460873026852944,0.00011168943089262127,0.08836809513679399,43.6977922578715,43.776590120087654,draining,1
23.324383974075317,32.4475725555,31.43079465788351,0.00010169311238761724,0.08712461936314589,43.6977955845826,43.776593452797634,draining,1
23.360785961151123,30.1700295855,31.403188820724015,8.108323411350017e-05,0.08589775176057579,43.697798093941906,43.77659596668193,draining,1
23.39727807044983,29.603667595500003,31.374678982494352,5.644563739906167e-05,0.08468733673137492,43.69779816477763,43.77659603764539,draining,1
23.398841857910156,32.1935773455,31.34213110161415,3.414944616431962e-05,0.08349317743180791,43.69779915627153,43.7765970309272,draining,1
23.435678005218506,33.90949115550001,31.30293679771093,1.9683213902146444e-05,0.08262359884248212,43.697799896450675,43.77659777244107,draining,1
23.47593092918396,31.8307270455,31.255264129411856,1.7093202608283948e-05,0.08176183619744387,43.697800693295505,43.776598570722804,draining,1
23.510847091674805,29.6446854555,31.19820871761373,2.8550119725097166e-05,0.08090866136601961,43.69780073769327,43.77659861520063,draining,1
23.511921882629395,29.4296046255,31.131810625203418,5.406643743047039e-05,0.08006487860649332,43.69780353091281,43.77660141345703,draining,1
23.55032992362976,31.678750615500004,31.056960788883163,9.138328954670195e-05,0.07923129835165017,43.6978075519268,43.7766054417219,draining,1
23.58569097518921,32.9371575255,30.97524731753327,0.00013604286542167243,0.0784087139227261,43.69780775083523,43.77660564098901,draining,1
23.58694314956665,31.357969915500004,30.88876811403129,0.0001816579856773441,0.07759788215372763,43.69781501045399,43.77661291369865,draining,1
23.623056888580322,29.2034805255,30.79990601320948,0.00022038394966401165,0.07679950850848645,43.69782374845322,43.776621667454634,draining,1
23.660722970962524,29.4259235355,30.71107088985185,0.00024358780796686244,0.07601423681328452,43.697832847360445,43.77663078276943,draining,1
23.698145151138306,31.6918973655,30.62444685145469,0.00024269637896734251,0.07524264327089332,43.697833108823666,43.77663104470413,draining,1
23.699299812316895,31.942737355500004,30.541794315234853,0.00021018663973678932,0.07448523403133514,43.69783949744971,43.776637444850444,draining,1
23.73571801185608,28.6492135455,30.464333025985958,0.00014066135006379117,0.07374244532290383,43.69784275287831,43.77664070614938,draining,1
23.773442029953003,29.278679935500005,30.3927057225236,3.193047643594647e-05,0.07301464502498695,43.697842704820545,43.77664065800496,draining,1
23.77461314201355,31.4205484455,30.327015657942724,-0.000114002496539347,0.07230213459832303,43.69783513228098,43.77663307181024,draining,0
23.812085151672363,31.686112795500005,30.266925985291344,-0.0002901679566989249,0.07160515046248872,43.69782040733471,43.77661832031127,draining,0
23.85011601448059,30.273100105500003,30.21178884531567,-0.00048420028965745406,0.07092386419182455,43.69779973381941,43.77659760951654,draining,0
23.88568091392517,29.033624515500005,30.16075900033626,-0.0006783794238962211,0.07025838124656676,43.697798704232405,43.77659657807294,draining,0
23.887027978897095,29.7871962255,30.11286565345313,-0.0008502580606166069,0.06960873831860281,43.69776577439005,43.77656358884998,draining,0
23.923130989074707,30.822634255500002,30.067050264325918,-0.000973957825533191,0.068974899705747,43.697691080458306,43.77648876022671,draining,0
23.99796986579895,30.3214801455,30.022193127301044,-0.001022168653546882,0.06835675339599398,43.697652689074346,43.77645029961365,draining,0
24.036535024642944,29.690962015500002,29.97714234280965,-0.0009688193318342566,0.06775410771513894,43.69765194503818,43.77644955423581,draining,0
24.03737998008728,28.7859397455,29.93074911316244,-0.0007923058645941593,0.06716668945092882,43.69765179741855,43.77644940634998,draining,0
24.037612199783325,29.9917596555,29.881915155760407,-0.00047907318788188203,0.06659414431093644,43.697651790115145,43.7764493990334,draining,0
24.037641048431396,30.866281465500006,29.829657639806527,-2.7252262264991052e-05,0.06603604040842725,43.697661134022624,43.776458759790245,draining,0
24.07338809967041,30.433490455500003,29.77318203252233,0.0005500314653866399,0.06549187522011098,43.69769412005912,43.77649180530867,draining,0
24.110615015029907,29.3770176255,29.711936632679297,0.0012221291433232105,0.06496108614945795,43.697753552812394,43.77655134523381,draining,0
24.148210048675537,28.4499088155,29.645627076230223,0.0019396051343730162,0.06444306449182005,43.697756189890725,43.776553987067444,draining,0
24.149363040924072,29.9933372655,29.574194095848437,0.0026347158701171347,0.06393717226710414,43.697862787407864,43.77666077680612,draining,0
24.185752153396606,30.108502795500005,29.49777747060229,0.003224042967064315,0.06344276109464472,43.6979915049297,43.77678972643729,draining,0
24.22340202331543,29.117237845500004,29.416685797135237,0.003613564818218797,0.06295919206093277,43.69799658515316,43.776794815821646,draining,0
24.22479009628296,28.7159990355,29.33137666440007,0.0037062570896450736,0.06248585539465205,43.69812399950266,43.77692245993054,draining,0
24.260589122772217,29.6736083055,29.242444149478253,0.003412056562865127,0.062022188727067475,43.69823789417304,43.777036559981006,draining,0
24.298105239868164,29.597357155500003,29.150610797552183,0.0026597162746212866,0.06156769278187019,43.6983161494303,43.77711495635173,draining,0
24.336565017700195,29.2161014055,29.056719831167417,0.0014097433878837292,0.0611219435005615,43.69831629438315,43.77711510156597,draining,0
24.336834192276,28.1249211555,28.961721949711624,-0.000332726001765047,0.0606845998525591,43.69826417076383,43.77706288395495,draining,0
24.373550176620483,28.4662107855,28.866657030548794,-0.002506561586564297,0.06025540688201078,43.69812406659701,43.77692252714587,draining,0
24.410946130752563,29.1924372555,28.77263861215262,-0.004986450428886063,0.05983419387986668,43.69811701852749,43.77691546636695,draining,0
24.412067890167236,29.324430625500003,28.680844665028037,-0.007579647836890664,0.05942086791203734,43.69779920200367,43.77659707674181,draining,0
24.44816493988037,28.9105709355,28.592502509389085,-0.010029354912233102,0.05901540325472859,43.69738646467108,43.776183595142335,draining,0
24.485592126846313,27.8824950855,28.508846639591372,-0.012026127535288204,0.05861782756121888,43.69690987935216,43.77570615042293,draining,0
24.523334980010986,28.455167515500005,28.431038199516912,-0.013228206938755904,0.058228205789966514,43.696895043253456,43.775691287571085,draining,0
24.52445387840271,28.751232325500002,28.360055314828205,-0.013290910109203599,0.05784662304765926,43.69643498861214,43.77523040333815,draining,0
24.560973167419434,28.044988915500003,28.29657714911658,-0.011904248597352745,0.057473167535339334,43.69605700361811,43.774851736744246,draining,0
24.597421169281006,27.4291951455,28.24088630343783,-0.008836805766595214,0.05710791473109623,43.6960532610532,43.774847987430576,draining,0
24.598005056381226,28.113352015500002,28.192809971664396,-0.003982675619884384,0.056750913806099236,43.696027899004214,43.774822579647584,draining,0
24.634504079818726,28.7859397455,28.151711380195103,0.002592937122927894,0.05640217706521123,43.69627638447489,43.775071513198654,draining,0
24.672131061553955,28.8779669955,28.11652657998448,0.010614897213789363,0.056061672947223896,43.69684533591774,43.775641490600826,draining,0
24.70982599258423,27.829908085500005,28.08582532631034,0.0195722620303531,0.055729322834261165,43.696870926660154,43.77566712748963,draining,0
24.710886001586914,27.366616615500003,28.057874461266298,0.028711747526276938,0.0554050016279081,43.69807786908678,43.776876246330175,draining,0
24.747588872909546,27.695285365500002,28.030700116125935,0.03705653616010937,0.05508854177351653,43.69959009128731,43.778391195439106,draining,0
24.785154104232788,28.402580515500002,28.002162426686542,0.043455264101105055,0.05477974017416017,43.69963465348818,43.778435837996575,draining,0
24.7861430644989,28.853251105500004,27.970055275392777,0.046664030674803,0.054478367248502135,43.70130539951871,43.78010959679294,draining,0
24.82241415977478,27.649534675500004,27.93222884530227,0.045461449287669646,0.054184177264320676,43.702868909096765,43.78167592576314,draining,0
24.859528064727783,26.7308397855,27.88672528886795,0.03879320298013165,0.05389691902812474,43.70408754835737,43.78289676252992,draining,0
24.89718008041382,27.4465488555,27.831925938936664,0.025938484734439153,0.05361634603203139,43.70410656650061,43.78291581496755,draining,0
24.898345947265625,28.596626545500005,27.76671586326614,0.006686412718873082,0.05334222524725806,43.70388555469866,43.78269440462699,draining,0
24.93578290939331,28.423615315500005,27.69065943012633,-0.01849355674928753,0.05307434389972875,43.702626470874506,43.781433050365166,draining,0
24.973479986190796,27.118931845500004,27.604155956458456,-0.04830652066328823,0.05281251375399393,43.702555942606814,43.781362394917664,draining,0
24.97457480430603,27.038473735500002,27.50853282416059,-0.08053363407723857,0.052556572650752226,43.69908479781965,43.777884990803095,draining,0
25.010632038116455,28.5913678455,27.406044401012494,-0.11200164499686077,0.0523063832731263,43.69439156159626,43.773183291521,draining,0
25.048081874847412,28.0113332355,27.299763842289206,-0.1386395664512269,0.052061829339783844,43.688662715389604,43.76744411479624,draining,0
25.087017059326172,25.6659530355,27.19336954457238,-0.15563648660211954,0.051822809622501464,43.68292493577892,43.76169598855833,draining,0
25.123640060424805,26.955912145500005,27.090844119971326,-0.1577064639240136,0.051589230347675784,43.67732701766106,43.75608797601789,draining,0
25.16131591796875,28.0439371755,26.996122294034357,-0.13945561719586658,0.05136099665468339,43.677184895183295,43.75594559725836,draining,0
25.162523984909058,27.483885625500005,26.91273185974055,-0.09583345995555075,0.05113800384187374,43.675041239996006,43.75379807653377,draining,0
25.198713064193726,25.5218646555,26.843466633231536,-0.022636267910526694,0.05092012913061604,43.67617742705168,43.754936312414024,draining,0
25.23636794090271,25.233162025500004,26.790128969368872,0.08298367334513072,0.05070722462078964,43.67634641112625,43.75510560120842,draining,0
25.237475872039795,27.1699412355,26.753384480551272,0.22206069072270423,0.050499112003070785,43.687694174429964,43.76647382731914,draining,0
25.274347066879272,27.942444265500004,26.73275984480999,0.3934747348648117,0.05029557944355755,43.70595066446662,43.784763238295554,draining,0
25.311331033706665,27.366616615500003,26.726775382844433,0.5937903750062495,0.05009638087676903,43.733989641589595,43.812852776587455,draining,0
25.35107111930847,26.1418653855,26.733165658657978,0.8173277289618293,0.04990123774788036,43.734397974344446,43.813261845666645,draining,0
25.35150694847107,25.499778115500003,26.74913750102726,1.0564925193949282,0.04970984304916916,43.77445610617449,43.85339221215637,draining,0
25.38547110557556,26.8339103055,26.771640088501997,1.3023548800446794,0.0495218673138796,43.77445610617449,43.85339221215637,draining,0
