# expected_volume_mL=84.28,sensor_cal_factor=0.00052587,source_duration_s=25.00
time_s,mass_g,filt_mass_g,filt_inflow_g_s,kz_flow_g_s,cum_volume_g,cum_volume_mL,zone,is_roi
0.0,0.11181749100000005,0.10966313256506877,-0.00193257218759455,0.39502011965209294,-0.00010428532687839177,-0.0001044733789605207,empty,0
0.036392927169799805,-0.08117679899999786,0.09014643718100276,-0.003798504424727615,0.39617985356049923,-0.00028518815637971936,-0.00028570242073704604,empty,0
0.0764169692993164,-0.031219148999998225,0.0715825183458136,-0.005241203704497885,0.397372257695116,-0.0002866329313834324,-0.0002871498010252779,empty,0
0.07667398452758789,0.18806864100000098,0.054713554843784006,-0.006001515362614395,0.39859606685862775,-0.0004931458190380878,-0.0004940350821860227,empty,0
0.11151504516601562,-0.18898014899999893,0.040129155379608726,-0.005853054152234606,0.3998500724667731,-0.0006900162285775073,-0.0006912604974729586,empty,0
0.14911389350891113,-0.08959071899999671,0.02821788576579105,-0.004619096895797118,0.4011331364383632,-0.0006941385784737917,-0.0006953902809795549,empty,0
0.15032482147216797,0.23276759100000177,0.019147702547932282,-0.002189483005516226,0.402444205888387,-0.0007072549684568029,-0.0007085303230382718,empty,0
0.18647480010986328,0.02294546100000261,0.012874066475954623,0.00146381784734465,0.403782326945352,-0.0005652678920359622,-0.0005662872090121841,empty,0
0.22317290306091309,0.11181749100000005,0.009169262427036909,0.006274297477593635,0.40514665597724775,-0.00022149715454990567,-0.00022189656837297704,empty,0
0.26064491271972656,-0.14428119899999814,0.007664305026165183,0.012073837069559007,0.40653646662826487,-0.00020651567963511685,-0.00020688807817583336,empty,0
0.26162195205688477,-0.2037045089999978,0.007896755996812352,0.018593249392616876,0.40795115133998816,0.0005986284074308948,0.0005997078816178069,empty,0
0.29816484451293945,0.3679161810000018,0.009360879642134884,0.0254724516481123,0.4093902164408165,0.001719517420696052,0.001722618133336057,empty,0
0.33698081970214844,0.06554093100000102,0.011556977788819532,0.03228155338725621,0.41085327040646374,0.0017291943834626465,0.0017323125460455284,empty,0
0.33725404739379883,-0.10747029899999916,0.014034957767003338,0.03855286832265383,0.41234000548134825,0.0032404412324313963,0.0032462845446116976,empty,0
0.373945951461792,-0.08275440899999964,0.01642733222580051,0.04382207990397858,0.41385017345579733,0.004908153111740528,0.004917003718433708,empty,0
0.4103999137878418,0.0019106610000001467,0.018470269844693726,0.04767479850901047,0.4153835569634125,0.006774223797060721,0.006786439387959047,empty,0
0.44869089126586914,0.10024835100000118,0.02001416192558178,0.0497931068946062,0.4169399381435297,0.006789842964818241,0.006802086720915889,empty,0
0.4490039348602295,0.1554647010000032,0.02102416835241921,0.04999598343599357,0.41851906685804724,0.008579773604041373,0.008595245045122595,empty,0
0.48543500900268555,0.13811099100000135,0.02156840770762317,0.04826796740026152,0.4201206308229628,0.01034733648731935,0.01036599527882123,empty,0
0.5234308242797852,-0.17267817899999827,0.021791325752049312,0.044771903984906596,0.4217442299900408,0.010397690600236051,0.0104164401925827,empty,0
0.5246210098266602,0.21909497100000053,0.02187390570744412,0.03984366381275711,0.42338935728738203,0.011720114730774911,0.011741248978936998,empty,0
0.560452938079834,-0.27890391899999756,0.021988277688809843,0.03396894940722642,0.42505538741177284,0.012899850920572409,0.012923112523114014,empty,0
0.5986857414245605,-0.13008270899999985,0.022258155169553324,0.027744348420316648,0.426741574790776,0.012923281291013907,0.0129465851442736,empty,0
0.5996310710906982,0.05239418100000037,0.022736024821624914,0.02182644424765651,0.42844706114442493,0.013615163940780307,0.013639715428551701,empty,0
0.6353869438171387,0.18333581100000274,0.023402715879098146,0.01687392002871438,0.43017089233275657,0.014184740745472619,0.014210319320249068,empty,0
0.6729059219360352,0.08710160100000053,0.02418675621146549,0.013488143825335145,0.43191204344071626,0.01467260044487104,0.014699058750622161,empty,0
0.7109518051147461,0.03609221100000326,0.024994278348504997,0.012157716311848388,0.43366945039140264,0.014684764185735614,0.014711244425701878,empty,0
0.7119107246398926,-0.12219465899999804,0.0257391148452312,0.013211963928452307,0.43544204585179663,0.01522598815365063,0.015253444353486906,empty,0
0.747992992401123,0.06554093100000102,0.026366314290861795,0.016787479094169937,0.4372287968497427,0.0159741538919016,0.01600295921849489,empty,0
0.7857809066772461,0.32163962100000276,0.026866173719409407,0.022810670345038996,0.43902874138732284,0.01599960017928338,0.016028451391788597,empty,0
0.786726713180542,-0.04909872899999712,0.02727745038589423,0.030997983524659805,0.4408410214226892,0.017296467101029476,0.017327656883419633,empty,0
0.82281494140625,-0.2557656389999998,0.027679560261425762,0.04087403599566977,0.44266490988558604,0.01905934510813461,0.019093713792961944,empty,0
0.8608570098876953,0.12654185100000248,0.028176592712455442,0.05180641369990676,0.4444998298558297,0.02132215021098606,0.021360599289707533,empty,0
0.9002578258514404,0.1291712010000019,0.028878945280707717,0.06305441075274319,0.44634536461870267,0.02136369486305729,0.021402218856999892,empty,0
0.900864839553833,-0.053305688999998324,0.029887862105866865,0.07382767908306091,0.4482012579606068,0.024108329283697067,0.024151802528247914,empty,0
0.9357888698577881,-0.08748723899999789,0.03128492544626587,0.08334973696842798,0.45006740473009954,0.02765655674422467,0.027706428315192017,empty,0
0.9765098094940186,0.0676444110000034,0.03312603225485722,0.09092067487494965,0.45194383232151825,0.02768264603453044,0.027732564650902063,empty,0
0.9767889976501465,0.2175173610000023,0.035438100744278354,0.09597328701514439,0.4538306743107747,0.031353279231586206,0.03140981690200983,empty,0
1.0146129131317139,0.21909497100000053,0.038215229591740195,0.09811731150285248,0.45572813796411454,0.034711501586665694,0.034774094957589353,empty,0
1.0490059852600098,-0.1169359589999992,0.041410501277449836,0.09716750298259762,0.4576364677313417,0.038274599456896444,0.03834361796924108,empty,0
1.086449146270752,-0.18582492899999892,0.04492282863958211,0.09315285320787048,0.45955590710307614,0.03842075779390353,0.038490039865661727,empty,0
1.0880780220031738,0.08710160100000053,0.04858405541187682,0.08630630883609078,0.4614866613323083,0.04138470692011051,0.04145933372080796,empty,0
1.1243691444396973,0.1738701510000027,0.05215464704711905,0.07703662063054122,0.4634288634722289,0.04405485995817831,0.044134301701240546,empty,0
1.1617341041564941,0.015583281000001392,0.055333691014437844,0.0658862171461295,0.4653825459546875,0.04419497947693651,0.0442746738899384,empty,0
1.1640818119049072,-0.10273746899999736,0.057783628221189924,0.0534808709021326,0.467347619534053,0.04587619271717146,0.04595891877095919,empty,0
1.1998679637908936,0.012428061000001378,0.05916670857136237,0.040478001546139834,0.4693238608768077,0.04720229962306175,0.04728741697361426,empty,0
1.2388720512390137,0.25064717100000067,0.05918866961650137,0.027520354146922773,0.47131090943206094,0.04800643249432182,0.04809299989413126,empty,0
1.2765181064605713,0.21962084100000112,0.057642960610371476,0.015200343494703906,0.4733082735278382,0.048009546892215565,0.04809611990805006,empty,0
1.2768418788909912,-0.036477848999997065,0.05444644688604903,0.00403784729074742,0.4753153449626583,0.047983574822117216,0.04807010100392428,empty,0
1.3116850852966309,-0.03700371899999766,0.049658353695576744,-0.005528644078849185,0.4773314207596936,0.04763300511778348,0.0477188991362287,empty,0
1.3492419719696045,0.15388709100000142,0.04347897490096874,-0.013140086765979164,0.4793557302719764,0.04761338665322972,0.047699245294760294,empty,0
1.3504817485809326,0.16493036100000324,0.036229788755960675,-0.018508299523136335,0.4813874655093462,0.04688138317063561,0.04696592182992948,empty,0
1.3871610164642334,-0.0953752889999997,0.028319267032806728,-0.021405446025060833,0.48342581242310306,0.04607206460264392,0.04615514386159479,empty,0
1.4247500896453857,-0.14322945899999695,0.02020004805694872,-0.02165592790620661,0.4854699809374575,0.045273141280502666,0.0453547798842944,empty,0
1.4639227390289307,0.001384791000003105,0.012324824182921289,-0.019133925969587143,0.48751923174573836,0.04526844636046122,0.04535007649815791,empty,0
1.4642081260681152,0.14915426100000317,0.005108592651708603,-0.013768199192502866,0.4895728982667732,0.04492590567545673,0.045006918128087284,empty,0
1.499664068222046,-0.03963306899999708,-0.0010980467983926375,-0.005553847505191178,0.4916304026437829,0.044923646187848734,0.045004654566067656,empty,0
1.5365009307861328,-0.07802157899999784,-0.0060241910919059385,0.005431172149543609,0.49369126521759027,0.044941622191372585,0.04502266298474513,empty,0
1.5379719734191895,-0.036477848999997065,-0.009484492545482552,0.01900864097334178,0.49575510746779144,0.045909503915026996,0.045992290037093764,empty,0
1.5738890171051025,0.06711854100000281,-0.011377649921512082,0.034886759334007,0.49782164894105235,0.04755254731439186,0.04763829624763761,empty,0
1.6114258766174316,0.059230491000000995,-0.011679785588111646,0.05265617423640521,0.4998906991319695,0.047642722409628004,0.047728633950739334,empty,0
1.612874984741211,-0.0043997789999998815,-0.010435816300122419,0.07179981873804309,0.5019621456153223,0.05058146221037001,0.050672673021809264,empty,0
1.6488187313079834,-0.04278828899999709,-0.007751713022793987,0.09171901730108403,0.5040359399273231,0.058265823316414014,0.05837089092007014,empty,0
1.7243428230285645,-0.06171960899999718,-0.0037883257315989767,0.11177528315271268,0.5061120827489818,0.05843189053737457,0.05853725760105647,empty,0
1.7257089614868164,0.009272841000001364,0.0012452796460301686,0.1313438823424824,0.5081906098615145,0.06349268190623249,0.06360717482091012,empty,0
1.7617011070251465,-0.05015046899999831,0.007102104604713088,0.1498725493630629,0.5102715801383706,0.06952058690093922,0.06964594961023765,empty,0
1.7997548580169678,0.03346286100000029,0.013513071925549746,0.16693748053397867,0.5123550665371847,0.06973906667098445,0.06986482335301988,empty,0
1.8010060787200928,0.03398873100000088,0.020207951868182028,0.18228910994612837,0.5144411506908412,0.07644155831607603,0.07657940123830498,empty,0
1.8364529609680176,0.10918814100000063,0.02693848685625112,0.19588190087578825,0.5165299213061649,0.08417793674825422,0.08432973026272712,empty,0
1.8747739791870117,0.026626551000003218,0.033499533890376076,0.2078849504102031,0.5186214761976403,0.09202872023413147,0.0921946706412858,empty,0
1.9115839004516602,0.09551552100000293,0.03974443680959191,0.21867306526352281,0.5207159274445949,0.09232002647900817,0.09248650218293746,empty,0
1.9128859043121338,-0.0007186889999992729,0.04559293873379231,0.22880063849450594,0.5228134088898202,0.10076480767288475,0.10094651139339285,empty,0
1.9489929676055908,-0.05383155899999892,0.05103285135466627,0.23896275313013857,0.5249140850138824,0.10977568535594989,0.10997363790417741,empty,0
1.985853910446167,0.09814487100000235,0.05611893225546586,0.2499491947837955,0.5270181601314878,0.11001348775704303,0.11021186912146166,empty,0
1.9867818355560303,-0.049624598999997716,0.06097267814224413,0.26259734278790897,0.5291258868641764,0.11978082616658722,0.11999682044338532,empty,0
2.0229339599609375,0.10971401100000122,0.06578469221792449,0.2777492382400312,0.5327906875685601,0.13058658591463998,0.13082206563277898,empty,0
2.060586929321289,0.22593128100000115,0.07081788548851546,0.2962166365167781,0.5364670652004907,0.1422947007734272,0.14255129310100903,empty,0
2.098663806915283,0.0897309510000035,0.07640680285938488,0.318755787620959,0.5401555164405804,0.14261257729375834,0.14286974283085388,empty,0
2.0996201038360596,-0.039107198999996484,0.082947631666504,0.3460513730526593,0.5438566701536565,0.15602455680538904,0.15630590743877884,empty,0
2.1366310119628906,0.055023531000003345,0.09087551752600527,0.3787068234049782,0.54757127966506,0.17101971396352458,0.17132810455171768,empty,0
2.1743099689483643,0.42365840100000085,0.10062890812261613,0.41723650187956307,0.5513002084332126,0.17109172504823172,0.17140024549011393,empty,0
2.174473762512207,0.3453037710000011,0.1126026193706976,0.4620542714289646,0.5550444100456582,0.18865481599608908,0.18899500700870475,empty,0
2.210481882095337,-0.30204219899999885,0.12709339974744346,0.5134529836672346,0.5588049037954596,0.20953832330486014,0.20991617241520752,empty,0
2.248975992202759,-0.39091422899999984,0.14424689695142406,0.5715705303453475,0.5625827473068961,0.23220588777151038,0.23262461207324223,empty,0
2.2865078449249268,0.5162115210000024,0.16402068692305177,0.6363402346493042,0.5663790077733719,0.23278433190388564,0.2332040992825943,empty,0
2.2873687744140625,0.5546000310000032,0.18617667156458387,0.7074263331701698,0.5701947333558638,0.2600989106334099,0.2605679329126527,empty,0
2.3239939212799072,0.2353969410000012,0.21030605042283762,0.7841487766621855,0.5740309261840554,0.2925877330054493,0.29311534061856276,empty,0
2.363384962081909,-0.3951211889999975,0.23588103454141343,0.8654051173485686,0.5778885182258096,0.292782029235316,0.2933099872122981,empty,0
2.3635990619659424,-0.34306005899999903,0.2623276821654457,0.9496003483856594,0.5817683510662891,0.3274379314049103,0.3280283824933984,empty,0
2.398530960083008,0.854345931000001,0.28911692349863166,1.0345977076978554,0.5856711603867905,0.3683358878575549,0.36900008801598366,empty,0
2.436534881591797,1.4911745010000033,0.3158632974905549,1.1177042037344291,0.5895975656724685,0.4123704607516489,0.41311406607057594,empty,0
2.4746038913726807,0.1906979910000004,0.3424054828764313,1.1957036388938194,0.593548065420169,0.41306067193756707,0.4138055218769456,empty,0
2.4751648902893066,-0.3556809389999991,0.3688383148787849,1.2649470520890918,0.5975230378704952,0.46017152570280034,0.4610013280933684,empty,0
2.511593818664551,0.1076105310000024,0.3954834233729183,1.321505850393112,0.6015227470564727,0.5105389597703998,0.5114595870270484,empty,0
2.5491409301757812,1.1556694410000006,0.42281002161774145,1.3613867631989827,0.6055473537474664,0.5121570861375645,0.5130806312738575,empty,0
2.550321102142334,1.2319205910000015,0.4513267045831795,1.3808006688432373,0.6095969306738553,0.5621294885125883,0.5631431461757045,empty,0
2.586568832397461,-0.6859272989999994,0.48146000338292305,1.3764700360145143,0.6136714812489559,0.6131355220724128,0.6142411561534892,empty,0
2.624039888381958,-0.28679196899999937,0.5134345525623645,1.3459530299875404,0.6177709608648917,0.6626543421400618,0.6638492708275514,empty,0
2.6616408824920654,1.1030824410000015,0.5471776609001487,1.2879571226346205,0.6218952997350717,0.6643368687053144,0.6655348314018377,empty,0
2.662992000579834,1.2813523710000005,0.5822706960928699,1.2026121036739503,0.6260444261948924,0.7062912242446273,0.7075648409583524,empty,0
2.6995649337768555,0.5666950410000027,0.6179521834638142,1.0916723231890135,0.6302182893610948,0.7433614994853921,0.744701963018826,empty,0
2.7357258796691895,0.07711007100000344,0.6531599999674544,0.9586211260552754,0.6344168800940014,0.7442663526412897,0.7456084478474151,empty,0
2.7367498874664307,0.44574494100000095,0.6866005419585887,0.8086567371317439,0.6386402493077316,0.7706410955880214,0.772030750939713,empty,0
2.772948980331421,1.038400431000003,0.7168440299178349,0.6485478975313475,0.6428885228295232,0.7921282091107235,0.7935566110105424,empty,0
2.81081485748291,1.1724972810000018,0.742448105715614,0.4863585216036978,0.6471619122139619,0.7925362028401982,0.7939653404530137,empty,0
2.8118131160736084,0.36528683100000237,0.7621033982123505,0.33105238430070744,0.6514607211602403,0.80217156520395,0.803618077743889,empty,0
2.848655939102173,0.3300535410000016,0.7747876143916271,0.19199995380495538,0.6557853474456815,0.8122975296199799,0.8137623017631536,empty,0
2.9235470294952393,0.8964155310000024,0.7799157868617139,0.07841844611107363,0.6601362805591344,0.8123247059951627,0.813789527144022,empty,0
2.924251079559326,1.2061529610000008,0.7774756523549307,-0.0012183247872983981,0.6645140954747395,0.8123197279127233,0.8137845400848761,empty,0
2.9244940280914307,0.8827429110000011,0.7681310798342526,-0.03976222690581486,0.6689194432317245,0.8096309579778139,0.8110909216367601,empty,0
2.9995040893554688,0.8501389710000034,0.7532687687168261,-0.03192868734220542,0.6733530391632155,0.8096275633126052,0.8110875208501355,empty,0
3.0005197525024414,1.0809959010000014,0.7349651156001948,0.025244059237278745,0.6778156497339933,0.8124666126268941,0.8139316896682971,empty,0
3.036618947982788,0.6418944510000024,0.7158632790951943,0.13204749679391312,0.6823080789958199,0.8207948690697471,0.822274964004956,empty,0
3.076472043991089,0.3742266210000018,0.6989685037062343,0.28590028026804104,0.6868311556466421,0.8343666259945627,0.8358711941440219,empty,0
3.1118509769439697,0.6723949110000014,0.6873857555793003,0.4813222327959385,0.6913857215891746,0.8351172533171903,0.8366231750322484,empty,0
3.1131110191345215,0.8348887410000003,0.6840329093860185,0.7101098132992567,0.6959726227323256,0.8652058859733853,0.8667660648901877,empty,0
3.1491057872772217,0.764948031000003,0.6913630950788331,0.9617238563557037,0.7005927025770008,0.9064516043398312,0.9080861594267995,empty,0
3.1868488788604736,0.421554921000002,0.7111248187782696,1.2238797408201136,0.7052467988903784,0.9081097489244719,0.9097472940537688,empty,0
3.1880738735198975,0.40630469100000255,0.7441842795341809,1.4833068936434621,0.7099357435162432,0.9664533133224645,0.9681960662416996,empty,0
3.224425792694092,0.5814194010000016,0.7904317228143116,1.7266234607027133,0.7146603651108517,1.0357287223140006,1.0375963958264882,empty,0
3.262199878692627,0.804914151000002,0.8487869849229487,1.9412566301205312,0.7194214943516,1.111474063884104,1.113478324868868,empty,0
3.299535036087036,1.0294606410000036,0.917304579005368,2.116331276630665,0.7242199709561493,1.1139302908966238,1.1159389810625364,empty,0
3.30066180229187,1.5190456110000028,0.9933596154007722,2.2434498420824918,0.7290566516874583,1.1985871830995167,1.2007485304543346,empty,0
3.3377859592437744,1.1619798810000006,1.0738816153331268,2.3172943823624745,0.7339324184174509,1.2814411549651374,1.283751908400258,empty,0
3.373396873474121,1.1036083110000021,1.155601365553935,2.3359965345561733,0.7388481852873325,1.2836368838044176,1.285951596678439,empty,0
3.3743438720703125,0.7149903810000033,1.2352868588106944,2.3012412567372804,0.7438049040403726,1.366087755715106,1.368551147781112,empty,0
3.410831928253174,1.4391133710000013,1.3099599219802835,2.2180935906704713,0.7488035667135515,1.446607448890673,1.4492160377586387,empty,0
3.4481730461120605,1.5479684610000035,1.3770938101091166,2.0945621514448782,0.7538452050538368,1.5229064192038126,1.5256525938727836,empty,0
3.4859869480133057,1.4822347110000003,1.4347891778101949,1.9409362487150525,0.7589308862645193,1.5247523844812996,1.5275018878794826,empty,0
3.4869821071624756,1.186169901000003,1.481917742335877,1.768953328297175,0.7640617049740933,1.5853613625154146,1.588220158801257,empty,0
3.5230607986450195,1.926068991000001,1.5182184453729106,1.5908679702906485,0.7692387716372907,1.6436362294918405,1.6466001096892813,empty,0
3.5617897510528564,1.579520661,1.5443317013983473,1.418501679720012,0.774463197903998,1.6457985269749391,1.6487663063263265,empty,0
3.5634028911590576,1.652616591000001,1.561760299340588,1.2623534732657076,0.7797360798029713,1.6891120479225574,1.6921579322005185,empty,0
3.599600076675415,1.6668150810000029,1.5727502358954024,1.1308448005639027,0.7850584798582533,1.7292029275468055,1.7323211055367718,empty,0
3.6367108821868896,1.553753031000003,1.5800926999334637,1.029759318462944,0.7904314094617348,1.7664931566487434,1.7696785780893043,empty,0
3.674156904220581,1.7856617010000022,1.5868584393050986,0.961919747921549,0.7958558129418122,1.767714594558813,1.7709022185522072,empty,0
3.675450086593628,1.7062553310000013,1.5960851118110857,0.927122255012346,0.8013325547754726,1.8012496118040433,1.8044977076778634,empty,0
3.71171498298645,1.5216749610000022,1.6104463437245462,0.9223255901974207,0.8068624112753795,1.836255387385242,1.8395666072783432,empty,0
3.7492668628692627,1.0899356910000009,1.6319389899530152,0.9420697844384556,0.8124460678392977,1.8710369391333381,1.8744108787150253,empty,0
3.785475969314575,1.6904792310000012,1.6616311146697165,0.9790796258971743,0.8180841224822718,1.9099369768912833,1.913381062804331,empty,0
3.8242969512939453,1.4038800810000005,1.6995127117328315,1.0249932117562943,0.8237770959002705,1.9484578812296454,1.9519714298032913,empty,0
3.861051082611084,1.2760936710000017,1.744480502975955,1.0711468932010846,0.8295254477676188,1.950112627199768,1.953629159687205,empty,0
3.8625688552856445,1.6279007010000015,1.7944688122042072,1.1093456111875561,0.8353295983903257,1.991598089496703,1.9951894304715518,empty,0
3.899578094482422,1.8229984710000018,1.8467144496085708,1.1325519904549697,0.841189954272461,2.0339389449203154,2.037606636866675,empty,0
3.936915874481201,2.9099717610000013,1.8981178301939698,1.1354379877920888,0.8471069356563518,2.0359102721591076,2.0395815188931152,empty,0
3.9386680126190186,2.2005731310000023,1.9456409273162345,1.1147581539891966,0.853081003722286,2.0771219013477955,2.080867462780801,empty,1
3.976402759552002,1.9076635410000016,1.9866757267601165,1.0695219876998143,0.8591126849263294,2.1138377566629964,2.1176495258094534,empty,1
4.011868715286255,1.5863569710000007,2.0193312209113987,1.0009624842435698,0.8652025899512276,2.1152222063006314,2.1190364719501416,empty,1
4.013315916061401,1.9939062210000031,2.0426144440645255,0.9123168083200826,0.8713514249648261,2.1461135791394366,2.149983549528588,empty,1
4.049220085144043,2.6118034710000018,2.0565030922176284,0.8084512043138655,0.8775599933235047,2.1743283422323367,2.178249190775733,empty,1
4.086744070053101,2.641778061,2.0619136593854286,0.6953743174840501,0.8838101333129652,2.198286050332034,2.2022501005129573,empty,1
4.124322891235352,1.8019636710000029,2.0605681026997384,0.5796900589904739,0.8901027557546822,2.198937775763224,2.2029030011653212,empty,1
4.1255669593811035,1.3018613010000024,2.0547690555175295,0.46804262898962723,0.8964388167431057,2.2140460668552775,2.218038536220474,empty,1
4.161769866943359,2.2636775310000026,2.0471106627628197,0.36660254784169627,0.9028192794152697,2.2267351719407005,2.230750522881888,empty,1
4.200979948043823,2.4419474610000016,2.0401653201694177,0.28063432233518587,0.9092450687708767,2.2268178111265913,2.2308333110865473,empty,1
4.2013139724731445,1.7188762110000013,2.0361849730389907,0.21417491098270805,0.9157170225716124,2.2410681876029024,2.2451093844949934,empty,1
4.275532007217407,2.062795191000003,2.036845456627461,0.1698389348544833,0.9222358419605986,2.246864639649665,2.250916288969811,empty,1
4.311919927597046,2.309428221000001,2.0430564357533494,0.14875316858466564,0.9288020457917914,2.247235248652379,2.2512875662716683,empty,1
4.314395904541016,1.5916156710000031,2.0548604148585867,0.15061068746109388,0.9354159326952491,2.252912699185364,2.2569752546437227,empty,1
4.349394798278809,0.7812500010000001,2.071445868081173,0.17382531188905287,0.9420775546028268,2.260218017513972,2.264293746257235,empty,1
4.386897802352905,1.4222855310000035,2.091294482756887,0.21576045644962782,0.9487867048237877,2.260580194006399,2.2646565758429165,empty,1
4.388379812240601,3.363271701000002,2.112462106402697,0.27300347884395065,0.9555429228246097,2.2716174153270696,2.275713699987046,empty,1
4.424293041229248,3.2438992110000022,2.1329538674535606,0.34165700318398085,0.9623455166938212,2.285847432864974,2.289969377744915,empty,1
4.4617760181427,2.563949301000001,2.151113528497765,0.4176219394016748,0.9691936029471172,2.303217367242963,2.307370634384856,empty,1
4.499764919281006,1.2676797510000029,2.1659367002796186,0.496852228448076,0.976086161954375,2.3037652998738154,2.3079195550729468,empty,1
4.500786781311035,1.6552459410000004,2.1772478752702353,0.5755677553659887,0.9830221059618777,2.327179237272019,2.3313757135564206,empty,1
4.53898286819458,3.3038483910000025,2.1857260689650504,0.6504184284852441,0.99000035555343,2.352939953554296,2.357182882743234,empty,1
4.5766167640686035,3.129785421000001,2.192789381685158,0.7185982881740814,0.997019919546197,2.3531586695713034,2.3574019931589896,empty,1
4.576909065246582,2.078571291000003,2.200352806871176,0.7779130739747806,1.0040799728342142,2.3811143289462704,2.3854080634604995,empty,1
4.611750841140747,0.9758219010000033,2.2104821247971107,0.8268076187869682,1.0111799266297432,2.412779100396564,2.417129934278265,empty,1
4.649198055267334,2.5497508110000027,2.224993573008321,0.8643607198378397,1.0183194859306366,2.4458395376800937,2.450249987657878,empty,1
4.686882019042969,2.275772541000002,2.2450759343991673,0.8902549825000151,1.025498689843778,2.44703054279436,2.451443140447165,empty,1
4.688209056854248,1.4506825110000001,2.2710154687359743,0.9047279549013081,1.0327179315657038,2.4799742498093282,2.4844462530648452,empty,1
4.724545955657959,1.0504954410000025,2.302085360456734,0.9085091731721591,1.0399779562728437,2.5138356599276945,2.518368723630229,empty,1
4.7619359493255615,2.5823547510000004,2.3366327557115465,0.9027460208989881,1.0472798367889666,2.515019978947913,2.519555178268797,empty,1
4.76325798034668,2.6554506810000014,2.372359630468933,0.8889199858741272,1.0546249285426,2.5479955636986844,2.5525902261056745,empty,1
4.800779819488525,3.0261890310000013,2.4067474248039824,0.8687542382550221,1.062014806863163,2.5809272868505455,2.585581333250396,empty,1
4.839231967926025,2.815315161000001,2.4375340725456076,0.8441135462532021,1.0694511909605628,2.6099243767065956,2.614630711988174,empty,1
4.874146938323975,3.0451203510000013,2.46313681491342,0.8168983077195233,1.076935859880624,2.640136485727144,2.6448973008687076,empty,1
4.9117748737335205,3.0098870610000006,2.4829309970646096,0.7889356925633394,1.0844705662546017,2.6412599450615337,2.6460227860764713,empty,1
4.913223743438721,2.236332291,2.49733332707812,0.7618722653334599,1.092056953735987,2.6683228212169494,2.673134463250801,empty,1
4.94933295249939,2.4072400410000014,2.507683590308772,0.7370736744652083,1.0996964836589984,2.6690556545631,2.673868618075636,empty,1
4.9503419399261475,2.252108391,2.5159595543782283,0.7155377787920623,1.1073903757173058,2.69483254199005,2.699691987567672,empty,1
4.986817836761475,3.2297007210000004,2.5243861187361465,0.6978277399954173,1.1151395664309163,2.7207528712637217,2.725659057567343,empty,1
5.0243330001831055,2.2941779910000015,2.535009094852255,0.6840310557323082,1.1229446879348917,2.721573663463195,2.7264813298569375,empty,1
5.0255420207977295,1.461725781000002,2.5493040427913214,0.6737492658685854,1.1308060682721948,2.7458347747640053,2.7507861899058357,empty,1
5.061756134033203,2.121692631000002,2.56788940298142,0.66612125052695,1.138723752980165,2.772464018756863,2.777463452972213,empty,1
5.10192084312439,2.3231008410000022,2.5904062110270054,0.6598808341589252,1.1466975463930724,2.7952110622526387,2.800251514979602,empty,1
5.136561155319214,1.852447191000003,2.615602086616246,0.6534470231560812,1.1547270698083207,2.7961043671955497,2.8011464307709373,empty,1
5.137937068939209,2.4177574410000027,2.6416132785428017,0.6450428383138418,1.1628118325534436,2.818504176058845,2.823586631996439,empty,1
5.17299485206604,3.985375911000002,2.666386943701863,0.6328365291440465,1.170951311122495,2.8426574096448753,2.8477834198005163,empty,1
5.2117040157318115,4.5285996210000015,2.688141491678414,0.6150971020021851,1.179145030997307,2.865312598061671,2.870479461091636,empty,1
5.249291896820068,3.4931615910000033,2.7057430587686118,0.590354642596076,1.1873926455875035,2.865934132078895,2.8711021158874925,empty,1
5.250374794006348,0.9390110010000008,2.718899685025939,0.5575549190850525,1.195694006939922,2.8853255510010127,2.890528502305162,empty,1
5.28649377822876,2.1048647910000007,2.7281405408301027,0.5161972552678984,1.2040492234737863,2.903575268030381,2.908811128060891,empty,1
5.323637962341309,3.6619658610000023,2.7346189311236575,0.4664447095721885,1.212458700947331,2.904114205390229,2.9093510372572924,empty,1
5.32486891746521,3.839184051,2.7398110521386556,0.40919624497370016,1.220923164078248,2.91799905477392,2.9232609244379084,empty,1
5.361634969711304,2.293652121000001,2.7451748602085173,0.3461119012886501,1.229443657625512,2.929891935888285,2.9351752513406986,empty,1
5.3996498584747314,0.768103251000003,2.7518222866230455,0.27958405633344063,1.2380215271823807,2.930149653876414,2.935433434057718,empty,1
5.4006969928741455,2.371480881,2.7602663396607863,0.2126507289494128,1.2466583813162466,2.937024876419444,2.9423210543172154,empty,1
5.43873405456543,3.4216432710000007,2.7703104545234276,0.1488505141713589,1.2553560379151003,2.9413279536080235,2.9466318910118448,empty,1
5.474462985992432,1.539554541000001,2.781120188077967,0.09202303097626166,1.264116458574285,2.9439025006842456,2.9492110806293788,empty,1
5.511751890182495,3.125052591000003,2.79146203298416,0.04606346591298401,1.272941675516213,2.943934980153181,2.949243618666781,empty,1
5.512821912765503,4.767344601000001,2.8000407139951777,0.01464454053630253,1.2818337158433573,2.9442103340595795,2.949519469103967,empty,1
5.548196077346802,3.989582871000003,2.8058356386364074,0.0009235391431871476,1.2907945278744308,2.944364711938163,2.949674125363818,empty,1
5.585946083068848,2.210564661000003,2.808339152730748,0.007255420071815246,1.2998259139275392,2.9443782916204957,2.9496877295336565,empty,1
5.586589813232422,1.4159750910000035,2.807640478101508,0.03493518431868434,1.3089294732398895,2.946539708244058,2.951853043722759,empty,1
5.622937917709351,3.017249241000002,2.8043645830386823,0.08399352762746219,1.318106557819218,2.95099434641301,2.956315714699469,empty,1
5.66051983833313,3.702457851000002,2.7995240455199544,0.15306929912615852,1.3273582429883508,2.9584840732601503,2.963818947365408,empty,1
5.698688983917236,2.4640340010000017,2.79434825692251,0.23937998065330957,1.3366853132980427,2.95877838384923,2.964113788668834,empty,1
5.69970703125,1.0667974110000031,2.790134974223513,0.33880647415626863,1.346088263429206,2.9728266186133445,2.9781873558538816,empty,1
5.7355029582977295,1.7099364210000019,2.7881526435585373,0.4461004089862308,1.355567312760093,2.9917648164981006,2.997159703965238,empty,1
5.773329734802246,4.512297651000001,2.789605645287571,0.555211340773608,1.3651224314985988,2.992441611612613,2.997837719507727,empty,1
5.774443864822388,5.232213681000001,2.795639442794841,0.659718877921156,1.374753375718121,3.017970047990466,3.023412189932344,empty,1
5.81057596206665,3.426901971000003,2.807320810964581,0.7533425452934416,1.3844597283102318,3.047632121366188,3.0531277513185615,empty,1
5.848031997680664,0.8443544010000004,2.8255258950742723,0.8304915625865846,1.3942409427812341,3.0802109709370886,3.0857653485645047,empty,1
5.885973930358887,1.8198432510000018,2.8507271155717473,0.8868089158679536,1.4040963869559273,3.0811078949000947,3.086663889901918,empty,1
5.886966943740845,4.490736981000001,2.882747277262842,0.9196601192974065,1.4140253839784211,3.1153980512257164,3.1210158798093732,empty,1
5.924073934555054,1.7062553310000013,2.9205847014146493,0.9285175730037118,1.4240272484729646,3.150104094159021,3.1557845062703076,empty,1
5.961721897125244,0.40998578100000316,2.9623941788314423,0.9151966980460952,1.4341013162973475,3.151326574402282,3.1570091909459848,empty,1
5.963080883026123,2.677011351000001,3.0056652801976136,0.883909889403205,1.4442469669356213,3.1829351953847964,3.1886748100428735,empty,1
5.999727964401245,5.8948098810000005,3.0475870887196557,0.8411181235491367,1.454463638186681,3.2135590776327803,3.219353914679203,empty,1
6.037158727645874,5.3852418510000035,3.0855226398520377,0.7951767095453158,1.4647508333680692,3.2424312544175042,3.248278155096678,empty,1
6.074389934539795,2.3883087210000014,3.117463728113438,0.7557897615114277,1.4751081217366062,3.243369416073851,3.2492180084891316,empty,1
6.075649976730347,0.808069371000002,3.1423476549874025,0.7333058630342076,1.485535133205886,3.26920087689338,3.2750960497829893,empty,1
6.1107659339904785,2.793228621000001,3.1601929915997213,0.7379034010718283,1.4960317106928196,3.2978113622064105,3.303758126834713,empty,1
6.1484949588775635,5.337913551000003,3.1720837508021016,0.7787265886327057,1.5065977368170593,3.298591282270315,3.3045394532862304,empty,1
6.149445056915283,4.633773621000003,3.1800432710700837,0.8630409615384134,1.5172331191841417,3.3322378520279234,3.338246696080869,empty,1
6.1856529712677,1.6883757510000024,3.186812516483041,0.9954792188907223,1.5279377757122672,3.3733116257347926,3.3793945358994115,empty,1
6.2234580516815186,1.0957202610000003,3.1955444577777112,1.1774442748445852,1.5387116213459169,3.3744458921823988,3.3805308477082736,empty,1
6.2243359088897705,3.1397769510000018,3.209459760515809,1.406726446643577,1.5495545572602918,3.430400950501042,3.4365868067531977,empty,1
6.260622024536133,6.249246261000003,3.231530042928091,1.6773765124039353,1.5604664633677983,3.499895560320042,3.506206732438431,empty,1
6.298625946044922,2.391989811000002,3.26422947114222,1.9798571129696085,1.571447194612643,3.5826303041194967,3.589090667320674,empty,1
6.33727502822876,1.240860381000001,3.309355190349646,2.301473212336409,1.5824965812023057,3.583862348089514,3.590324932968858,empty,1
6.337774991989136,3.3301418910000002,3.367908123010097,2.627059884105952,1.5936144325944948,3.682778611033741,3.6894195662529965,empty,1
6.373311996459961,5.644495761000002,3.440038791992069,2.9398844555856045,1.6048005447528488,3.799072467174504,3.8059231288063557,empty,1
6.411053895950317,4.133671251000003,3.5250584856603475,3.222701832392721,1.616054709920532,3.802697373277058,3.8095545715057684,empty,1
6.412138938903809,1.794075621000001,3.6214966183312662,3.4588882205918425,1.6273767279524638,3.9305713612960695,3.9376591477620413,empty,1
6.448198080062866,1.7188762110000013,3.727187132630647,3.63357066271638,1.6387664181068582,4.06872549496526,4.076062407298397,empty,1
6.485697984695435,5.140712301000001,3.8393899440325874,3.7346685380417117,1.6502236301347646,4.210639305245632,4.2182321230671525,empty,1
6.523600101470947,7.257339051000002,3.954954504796613,3.7537686445516645,1.6617482535286805,4.213941535536687,4.221540308091251,empty,1
6.524487733840942,4.354010781000003,4.070499375866294,3.6867673311091833,1.673340223899683,4.345241749095264,4.353077288214049,empty,1
6.560853958129883,1.047866091000003,4.182564348679423,3.5342305110290515,1.6849995256426875,4.475252753259532,4.483322734181058,empty,1
6.5988929271698,2.0475449610000034,4.287731293664841,3.3014439273522074,1.6967261903109403,4.4782573847193,4.486332783730014,empty,1
6.599846839904785,5.789110011000002,4.382767486283993,2.9981500492683515,1.7085202904363872,4.582560121117622,4.590823603604109,empty,1
6.636858940124512,6.657321381000003,4.46484456641826,2.637992497580709,1.7203819288791797,4.674106053014354,4.682534615321933,draining,1
6.674410820007324,3.1429321710000018,4.531817934500212,2.2377118443813067,1.7323112241398615,4.748359235512725,4.756921694562938,draining,1
6.711044073104858,4.521237441,4.582484967842478,1.8161559516714116,1.7443082923924595,4.752121938089758,4.76069118221775,draining,1
6.713388919830322,7.6138789110000005,4.616731407570976,1.3931818154179103,1.756373227267143,4.793601876744614,4.802245919399533,draining,1
6.748220920562744,5.605581381,4.635510971911803,0.9885325726531912,1.7685060786027353,4.824015293219718,4.832714178741453,draining,1
6.786017894744873,1.7767219110000028,4.640654441101751,0.62077172395818,1.780706831483908,4.8245280003916005,4.833227810450412,empty,1
6.787123918533325,1.2902921610000035,4.634566664161167,0.30634607809156156,1.7929753868660663,4.831135515108722,4.839847240140975,empty,1
6.823312044143677,5.269550451000001,4.619923183376879,0.05882976927153441,1.8053115449734525,4.830146266778047,4.838856207952361,empty,1
6.860787868499756,8.123446941000001,4.599470178095613,-0.11162371564480422,1.8177149924437022,4.824150192392437,4.832849321170544,empty,1
6.899441719055176,4.968752811000002,4.575950400864955,-0.19862089385475926,1.8301852939050582,4.823921523992718,4.832620240425484,empty,1
6.900589942932129,1.974974901000003,4.552095494865011,-0.19967843488838646,1.842721888337753,4.818192080698274,4.826880465536239,empty,1
6.936864852905273,3.5425933710000024,4.53061537879693,-0.11621171059706736,1.8553240902197539,4.816885223697985,4.825571251951497,empty,1
6.974419832229614,6.816134121000001,4.514159623761854,0.046614707813363424,1.8679910951209429,4.8170780504832,4.825764426450812,empty,1
6.975600004196167,6.713589471000002,4.5052503191656195,0.2801627291718196,1.8807219891178135,4.832538273792272,4.84125252834329,empty,1
7.011853933334351,3.1970967810000026,4.506173096624604,0.5727226643061772,1.8935157611761604,4.860357980163905,4.869122400484778,empty,1
7.049377918243408,1.5011660310000003,4.518814411780316,0.9100466332008047,1.9063713175073007,4.901429630552011,4.910268113155691,empty,1
7.08695387840271,4.754723721000001,4.544474129971324,1.2760132952206915,1.9192874968503433,4.903754001427698,4.912596675443496,empty,1
7.08854079246521,8.326958631000004,4.583715420509941,1.6534091991840474,1.9322630856661667,4.967646092897678,4.97660398006179,empty,1
7.123281717300415,3.2349594210000028,4.636294737868921,2.024794059540601,1.9452968323375643,5.050260436841011,5.059367297977371,empty,1
7.160849094390869,2.090140431000002,4.701174069972233,2.3734019467664305,1.9583874596381423,5.0532519860890375,5.062364241724141,empty,1
7.162032127380371,4.742102841000001,4.776609121734139,2.6840212604865576,1.9715336749404848,5.155745540905153,5.165042617616864,voiding,1
7.198456048965454,6.838746531000002,4.860319441979055,2.9437942165866624,1.984734177861603,5.269355964644382,5.278857908880367,voiding,1
7.2357869148254395,5.822239821,4.9497312480740385,3.1428807705588784,1.99798766527213,5.391608602130612,5.40133099792688,voiding,1
7.2738847732543945,3.6614399910000017,5.042244613357147,3.274941255537733,2.0112928338095273,5.394574798626975,5.404302543204744,voiding,1
7.274781942367554,4.135248861000001,5.135463004841298,3.3374051858557525,2.0246483802229855,5.515159080558566,5.5251042682414,voiding,1
7.3109450340271,7.106940231000003,5.227346941512816,3.331509245842751,2.0380530000306627,5.641598250636642,5.651771439227251,empty,1
7.349297046661377,7.682767881,5.316277574648298,3.2621040429195935,2.0515053850833187,5.645146321354181,5.65532590798856,empty,1
7.350405931472778,4.669006911,5.401023725365686,3.1372454315394576,2.0650042206992625,5.756746002682563,5.767126830978325,empty,1
7.386966943740845,1.9770783810000019,5.480627711651506,2.967600928300372,2.078548183061694,5.86433696733993,5.874911808595401,empty,1
7.424498796463013,3.444781551000002,5.554275884542632,2.7657139418082775,2.0921359375493203,5.867627227488107,5.878208001891512,empty,1
7.4257378578186035,7.584956061000003,5.621250969406032,2.545177457283806,2.105766138602837,5.955680640774858,5.9664201971296915,draining,1
7.461936950683594,8.308027311000004,5.681018797521116,2.3197739167829066,2.1194374316122544,6.039262300040847,6.050152574675263,draining,1
7.499736070632935,5.5203904410000035,5.733403689997916,2.102639058863458,2.133148457143823,6.113991939476785,6.125016970022826,draining,1
7.537024974822998,5.254826091000002,5.778742503297721,1.9055044390004983,2.1468978576137308,6.116925088186874,6.1279554079211325,draining,1
7.538635015487671,6.5700269610000035,5.81792930309006,1.7380665271839324,2.1606842862672195,6.180634991819373,6.191780196172483,draining,1
7.576720952987671,5.301102651000001,5.852335854004871,1.6075202071585573,2.174506418049592,6.2356131509608455,6.2468574944508575,draining,1
7.611897945404053,4.158387141000002,5.883653459991736,1.5182819359416098,2.188362961679174,6.237803235644281,6.249051528395393,draining,1
7.613362789154053,5.216963451000002,5.9137217822936,1.4719136851768573,2.2022526719756508,6.291395881506321,6.302740814973273,draining,1
7.6498308181762695,7.313607141000002,5.944393210702767,1.4672441085931633,2.2161743612881692,6.346493951707877,6.35793824054085,draining,1
7.686959981918335,8.689808931000002,5.977436744484942,1.5006692322145758,2.2301269087354068,6.402876395068782,6.4144223553083375,draining,1
7.723723888397217,6.242935821000003,6.0144402992651465,1.5666023806807219,2.244109265942232,6.404833792905491,6.416383282814557,draining,1
7.724937915802002,3.716130471000003,6.0566690811001695,1.6580329594993324,2.2581204580573315,6.46821666739192,6.479880452205891,draining,1
7.761947870254517,3.6461897610000022,6.104893889319364,1.7671468562582269,2.272159579076059,6.537541808484086,6.549330603570513,draining,1
7.799901962280273,6.426464451000001,6.159266783353905,1.885958113035703,2.2862257808724538,6.539904364082582,6.55169741943757,draining,1
7.8011157512664795,8.504176821000001,6.2193229089485085,2.0069023847030887,2.3003182558477224,6.613758001696653,6.6256842333166235,draining,1
7.836878061294556,6.722003391000001,6.284117452564876,2.1233474540847643,2.314436213697248,6.695228115842119,6.707301258106711,voiding,1
7.874306917190552,5.934776001000003,6.352430783091232,2.2299843373997574,2.3285788534376684,6.781003724804401,6.793231541579243,voiding,1
7.911985158920288,6.258186051000003,6.42295770417524,2.323073609281761,2.342745332461426,6.78439019604494,6.796624119459969,voiding,1
7.913419008255005,7.450333341,6.494436352160541,2.4005345949358095,2.356934734934264,6.871889326981342,6.884281032840455,voiding,1
7.949409008026123,5.025546771000002,6.56572065840678,2.4618789362039717,2.3711460422566213,6.965364690526496,6.977924955446299,voiding,1
7.987025737762451,5.940034701000002,6.635825425727405,2.508003570880664,2.3853781085151677,6.968424611112894,6.980990393821774,voiding,1
7.9882378578186035,7.161630711000001,6.70397353629967,2.540870211657777,2.3996296438112963,7.060378391192473,7.073109989172985,voiding,1
8.024270057678223,8.632489101,6.769655630456885,2.563107921113975,2.4138992080442945,7.156889861986177,7.169795493875153,voiding,1
8.06181812286377,6.918678771000003,6.832683703239062,2.577581502790288,2.428185217146635,7.2545019338389,7.267583584290623,voiding,1
8.099618911743164,5.503562601000002,6.893207061049622,2.5869706002972794,2.4424859629419844,7.25821895876894,7.271307311930415,voiding,1
8.101053953170776,5.6986603710000026,6.951679588103445,2.59340239593758,2.4567996467732116,7.35105963833808,7.364315406069005,voiding,1
8.136819839477539,7.507127301000001,7.008799570225902,2.5981747831010846,2.471124425901257,7.4484801152901525,7.461911556091117,voiding,1
8.174290895462036,9.271421151000002,7.065447019947007,2.601597381973654,2.485458470497234,7.451438956739737,7.464875733059244,voiding,1
8.175427913665771,7.487144241000003,7.122613533383865,2.6029656406127537,2.4998000279414336,7.545921390192745,7.559528541567566,voiding,1
8.211741924285889,6.0425793510000005,7.181297409563055,2.6006696417246107,2.5141474902079026,7.641425193340278,7.65520456155107,voiding,1
8.248522996902466,5.479372581000003,7.242357047490213,2.592425412522913,2.528499459448381,7.740416461237813,7.754374335040887,voiding,1
8.286832094192505,7.501342731000001,7.306359525279747,2.575603849459955,2.5428548065747467,7.743981938723609,7.757946241959136,voiding,1
8.2882239818573,8.579902101000002,7.373477591177742,2.547622077426547,2.557212717729436,7.835064420179456,7.8491929675209935,voiding,1
8.324267864227295,8.136593691000002,7.443457519343035,2.5063552117496504,2.571572724052329,7.928806343118928,7.943103930193276,voiding,1
8.362090826034546,7.099052181000001,7.5156371200711884,2.450523808840466,2.5859347110877846,7.932222255614411,7.946526002418765,voiding,1
8.363505125045776,7.6264997910000005,7.588982039583359,2.380014101967199,2.6002989054780827,8.016789689576926,8.031245932254986,voiding,1
8.399675130844116,6.892911141000003,7.6621338058859925,2.2960942975729184,2.61466583817525,8.100343019097462,8.114949928969608,voiding,1
8.436829805374146,6.623139831000003,7.733493472075222,2.2015001815823974,2.6290362851585685,8.103268677810252,8.117880863364308,voiding,1
8.43818998336792,7.736406621,7.801370587706392,2.100376081938622,2.643411188434685,8.177333418271648,8.192079160761018,voiding,1
8.474332809448242,9.041090091000001,7.864201505380783,1.9980715766256312,2.6577915617747205,8.250463266796489,8.265340880381174,voiding,1
8.51184606552124,9.803075721000003,7.920797723099558,1.9008087755643526,2.6721783870628144,8.32049000231692,8.335493891321297,draining,1
8.549534797668457,7.8473651910000015,7.970554019010391,1.8152480685288732,2.6865725081613574,8.322854703298702,8.337862856440296,draining,1
8.550862073898315,6.298678041000002,8.013557036065507,1.7479905830591238,2.700974529734104,8.38476228281877,8.399882070545752,draining,1
8.586718797683716,6.691502931000002,8.050585828301786,1.7050621771751424,2.7153847284401924,8.448621591565123,8.463856533325108,draining,1
8.624321937561035,8.970097641000002,8.08304391317797,1.6914259328441683,2.729802983295498,8.450900778256468,8.466139829950379,draining,1
8.625661849975586,10.011846111,8.112863568370392,1.7105676103065441,2.744228730817333,8.513545467509095,8.528897482978456,draining,1
8.661718845367432,8.648265201000001,8.142383328987103,1.764191646355962,2.7586609488985254,8.581926713849557,8.597402037517087,draining,1
8.699537754058838,6.886074831000002,8.174170820855215,1.8520547608810873,2.773098171317009,8.653218195006842,8.668822074741376,draining,1
8.736824035644531,7.072758681000003,8.210782046109943,1.9719511804697434,2.787538532533538,8.65582050463188,8.671429076970426,draining,1
8.738095998764038,8.853880371000002,8.254493566024424,2.119849257968109,2.8019798401436544,8.735520431290842,8.751272722190786,draining,1
8.774240970611572,9.129962121000002,8.307066053641229,2.2901653352179876,2.8164196702198363,8.825060749390436,8.840974503496732,voiding,1
8.811813116073608,7.916780031000002,8.369580365713833,2.4761484857517417,2.830855478985933,8.828363883440154,8.844283593909191,voiding,1
8.813096761703491,7.383021981000002,8.442359711101412,2.6703405028315403,2.8452847229617957,8.925336745673212,8.941431322052907,voiding,1
8.84813404083252,8.377442151,8.524980756542975,2.865070045227578,2.859704979010603,9.040477694376465,9.056779898193213,voiding,1
8.887046098709106,8.926976301000003,8.616373982986232,3.0529386639716938,2.874114055667732,9.158165228090475,9.174679651463109,voiding,1
8.924525022506714,9.234610251000003,8.714997895016138,3.227259473495828,2.888510087719825,9.161978832119615,9.17850013235786,voiding,1
8.925678968429565,9.593779461,8.819044977023822,3.3824159950327863,2.9028916071712723,9.287098941560089,9.303845864115496,voiding,1
8.961963891983032,9.534356151,8.926622875991196,3.514118278002418,2.917257585375408,9.423633883784541,9.440627012406873,voiding,1
9.000242948532104,8.637747801000003,9.035868655291056,3.619544593203381,2.9316074430863797,9.428235843155178,9.445237270241613,voiding,1
9.001500844955444,8.053506231000004,9.14499231029333,3.6973684455003735,2.9459410273625184,9.559775930863026,9.577014557065745,voiding,1
9.036837100982666,8.293828821000002,9.252286518004853,3.7476810586980323,2.9602585564814667,9.700882893429073,9.718375970175389,voiding,1
9.074368000030518,9.388164291000002,9.356156352218566,3.7718277271765657,2.9745605361756664,9.843068351712017,9.860817823794848,voiding,1
9.112062931060791,11.071474161000001,9.455201405246886,3.772181740237064,2.988847652434712,9.853478217049084,9.871246460678305,voiding,1
9.114830017089844,9.993966531000002,9.548337467717008,3.751881644687955,3.003120647726959,9.982385990689094,10.0003866867252,voiding,1
9.149359941482544,8.263328361000003,9.634911461659826,3.7145565770686444,3.0173801886583798,10.538364275821118,10.557367537388417,voiding,1
9.300059795379639,9.627961011000004,9.714766235726751,3.6640608635517404,3.0316267337264713,10.542464309001689,10.561474963936776,voiding,1
9.301187992095947,11.202941661,9.788238061072908,3.6042339671341956,3.045860409889306,10.542889209314394,10.561900630449204,voiding,1
9.301306962966919,10.908980331000002,9.85608826824317,3.5386962179464603,3.0600809061441825,10.543084735836171,10.562096509553367,voiding,1
9.301362752914429,8.551505121000002,9.919376525662868,3.470685597386512,3.0742873912312016,10.666047125941684,10.685280631077624,voiding,1
9.337140798568726,7.899952191000001,9.979298402297998,3.4029369192612204,3.0884784610210736,10.670836997528252,10.690079139980217,voiding,1
9.33856201171875,10.047079401000001,10.037035590201114,3.3376024382367366,3.102652119226381,10.671759458451493,10.691003264327282,voiding,1
9.338840961456299,11.894460711,10.093669945348129,3.2762121603955174,3.1168057929298896,10.787898665749212,10.807351899167715,voiding,1
9.374598741531372,11.656241601000005,10.150173105443272,3.219672486463701,3.1309363822054332,10.907392659509146,10.927061369975101,voiding,1
9.412010908126831,7.981462041,10.207435670946404,3.168302583359559,3.145040340971101,11.025349560219906,11.045230975976665,voiding,1
9.44951581954956,9.333473811000001,10.266292043489742,3.1219082842909103,3.159113784305383,11.141831908352225,11.161923370418979,voiding,1
9.487079858779907,11.493221901000005,10.327526408000647,3.079892721082167,3.1731526158980627,11.146710783302783,11.166811043180509,voiding,1
9.48867392539978,11.958616851000002,10.391864617017866,3.0414009434791867,3.1871526681928777,11.254817480432594,11.275112683262467,voiding,1
9.5244300365448,10.288979601000001,10.459944740527481,3.00549250594274,3.2011098471672206,11.369226040795466,11.389727550386162,voiding,1
9.562714099884033,9.108401451000002,10.532248348931942,2.9713318112204212,3.215020273606425,11.371190166547946,11.391695217940239,voiding,1
9.563378810882568,10.061803761,10.608995147844512,2.9383816035031414,3.228880413150264,11.477636311097854,11.498333311057758,voiding,1
9.599802017211914,12.281501031000005,10.690035383808386,2.906581280181582,3.242687188266895,11.585412308044921,11.606303654623243,voiding,1
9.637074947357178,10.951575801,10.774781003122975,2.8764895182253256,3.2564380665659316,11.589789666272612,11.61068890630396,voiding,1
9.638603925704956,9.252489831000002,10.862199415378422,2.849370804194594,3.2701311213979256,11.698036781040775,11.719131217231793,voiding,1
9.67674207687378,9.803075721000003,10.950882197771298,2.8272082354653665,3.28376506239005,11.79725524924191,11.818528600723212,voiding,1
9.711926937103271,11.635732671,11.039200020493471,2.812630465270415,3.2973392353213193,11.903249564266666,11.924714049555867,voiding,1
9.749638080596924,12.611221521000004,11.12553867503467,2.808748533358832,3.310853592434028,11.906463026376532,11.927933306327922,voiding,1
9.75078010559082,12.199465311000004,11.208571994707427,2.818907826246274,3.324308635812062,12.00584809277253,12.027497588431707,voiding,1
9.785865783691406,10.554018081000002,11.287499278295034,2.8463705309838936,3.3377053377503527,12.11690107882478,12.138750830319355,voiding,1
9.824558019638062,9.938224311000003,11.36219029784277,2.893953507428241,3.3510450430337313,12.120462313284289,12.142318486560097,voiding,1
9.82577395439148,11.392254861000005,11.433226941404838,2.9636543115740706,3.364329358702763,12.229697818870202,12.251750970617314,voiding,1
9.862065076828003,12.980908131,11.501861697925639,3.056303091340379,3.377560037197553,12.347448355487856,12.369713840400577,voiding,1
9.89988088607788,12.938312661000005,11.569905937178522,3.1712794437621774,3.390738858749012,12.467847650055319,12.49033024449541,voiding,1
9.937054872512817,10.784875011,11.639540617068619,3.306330633284074,3.403867518560672,12.475582619549757,12.498079162041432,voiding,1
9.939342021942139,10.077579861,11.713049548717327,3.4575208188991926,3.4169475237375644,12.599795643524574,12.622516172635319,voiding,1
9.974446058273315,11.185587951000002,11.792513168280864,3.6193305609805186,3.4299801041267455,12.739195046883394,12.762166947388694,voiding,1
10.012099981307983,14.481215241000001,11.879528260830769,3.784912722274382,3.4429661402970795,12.744800557183051,12.767782565801495,voiding,1
10.013550043106079,11.562110871000002,11.975006522790432,3.9464961142582946,3.455906110864839,12.889245681186019,12.912488159873792,voiding,1
10.049470901489258,9.761006121000001,12.079073565393916,4.095913254812339,3.4688000603252975,13.045296195185912,13.068820071314278,voiding,1
10.0869779586792,10.882686831000001,12.19107756869562,4.2252148576722615,3.4816475875314783,13.20214965942232,13.225956380907954,voiding,1
10.123657941818237,13.800739461,12.30971674182606,4.327322565359998,3.494447854015122,13.206393818863102,13.230208193611602,voiding,1
10.12463092803955,15.470376711,12.433268758589335,4.39666416294813,3.5071996105087284,13.366151812051324,13.39025426973685,voiding,1
10.160830974578857,12.666963741000004,12.559855382407452,4.429732953130426,3.5199012393290294,13.535154670449089,13.559561881836395,voiding,1
10.19900107383728,10.227452811000003,12.687657349421881,4.425515614790001,3.5325508097409988,13.53859572715384,13.563009143612343,voiding,1
10.199782133102417,10.770676521000002,12.815040849874581,4.385740735007752,3.54514614304843,13.695724074907462,13.720420832405793,voiding,1
10.23590087890625,14.638450371000005,12.940621479875535,4.314912859500305,3.5576848839557673,13.855799162170578,13.880784574404506,voiding,1
10.27341103553772,16.671989661000005,13.06330290762025,4.220113471411865,3.5701645747129493,14.013456934402557,14.038726642358803,voiding,1
10.31126093864441,13.181790471,13.182284478715262,4.110569531267443,3.582582728680676,14.017571320060641,14.04284844726572,voiding,1
10.312275886535645,9.977664561000001,13.297008505495665,3.9970105595222747,3.5949369002223603,14.1600343902784,14.18556841342256,voiding,1
10.348397970199585,10.558750911,13.407062354128692,3.8908550211653776,3.607224748220283,14.308900791695313,14.33470325755892,voiding,1
10.387094020843506,15.633922281000004,13.51211270937477,3.8032842483314235,3.619444091002026,14.314184060613094,14.339996053509411,voiding,1
10.38849401473999,17.885171751,13.611944006341625,3.744275681819681,3.631592951020111,14.44868693188213,14.474741466521868,voiding,1
10.424525022506714,9.625331661,13.706597860691337,3.7216754311688756,3.643669588221857,14.588574543745404,14.614881330139655,voiding,1
10.462018013000488,11.309693271,13.796550382849343,3.7403920124245085,3.6556725216453447,14.731452892805255,14.758017323988435,voiding,1
10.499905824661255,17.284102341,13.882867515341806,3.801788060635998,3.667600539349896,14.735980288850243,14.762552884041519,voiding,1
10.501080989837646,17.894637411000005,13.967296191663996,3.9033348207093086,3.6794526973069814,14.879036983470366,14.905867545051459,voiding,1
10.53710675239563,12.957243981000005,14.052238506622567,4.038575882214651,3.6912283083160977,15.033828768092555,15.060938457315723,voiding,1
10.574695825576782,9.393422991000001,14.14056324518084,4.197423120804304,3.7029269223526216,15.038929347720824,15.066048234543002,voiding,1
10.575886964797974,12.645928941000001,14.235276659128722,4.366780857246652,3.7145482999909305,15.199987822657137,15.227397137504646,voiding,1
10.61208701133728,19.272416811,14.33913986143367,4.53146598679722,3.726092380674751,15.368996869998458,15.396710949707932,voiding,1
10.64880084991455,18.573535581,14.454299530281116,4.675364673833003,3.737559247633961,15.728173693583003,15.756535457406335,voiding,1
10.724751949310303,11.974392950999999,14.581927549311786,4.782742619993324,3.7489490911861445,15.734461951089248,15.762835054186784,voiding,1
10.726058959960938,9.285619641,14.72186218965202,4.839608205059971,3.7602621720304565,15.736047745879487,15.764423708554887,voiding,1
10.726386785507202,14.030544651,14.872335275900273,4.835017877671581,3.771498785961748,15.913568763194501,15.942264839906333,voiding,1
10.763381004333496,18.463628751,15.029940860570013,4.762212335436154,3.7826592312257765,16.084436737819082,16.113440931495774,voiding,1
10.799806833267212,11.310219141000005,15.189947237114897,4.619480799702149,3.793743779520426,16.252791392284482,16.28209917079191,voiding,1
10.837094068527222,15.995194971000004,15.346913646989519,4.4106687027448315,3.804752651437783,16.259207881310477,16.288527230325062,voiding,1
10.83859395980835,22.593285861000005,15.495453228796967,4.145270126593265,3.815685996946287,16.40287680113351,16.432455220530464,voiding,1
10.87458610534668,17.432923551000002,15.630937715635024,3.838078333143898,3.8265438813336554,16.54096365100886,16.57079107494376,voiding,1
10.912178754806519,10.303703961000004,15.749977027227175,3.508403059335227,3.8373262768669023,16.663582405404515,16.693630941098494,voiding,1
10.948850870132446,10.295815911000002,15.850630019972234,3.1788989032523505,3.848033060268683,16.666548064485568,16.696601947991955,voiding,1
10.949830770492554,18.174926121,15.932444176942534,2.8740819951879795,3.858664015950576,16.765324105879536,16.795556106871906,voiding,1
10.985796928405762,23.527756851,15.996453347953597,2.6186393364778096,3.8692188447757787,16.861837969524835,16.89224400874057,voiding,1
11.023987770080566,16.223948421000003,16.04515646797619,2.435654280149728,3.8796971779412748,16.863554460743835,16.893963595215222,voiding,1
11.02470588684082,9.814118991,16.0823994686389,2.3448809029901576,3.8900985953726828,16.948899546008228,16.979462578649798,voiding,1
11.060976028442383,11.709880341000002,16.113117102197158,2.361198615636152,3.9004226478203554,17.04054857088445,17.0712768692491,voiding,1
11.098733901977539,21.580986111,16.142994429728144,2.4933663423659995,3.9106688816448942,17.143121888922174,17.174035152196126,voiding,1
11.137909889221191,23.341073001000005,16.178117041591772,2.7431739597213203,3.9208368651017307,17.144355868710846,17.175271357153722,voiding,1
11.138331890106201,13.886456271,16.224582113442807,3.105059219431089,3.930926214797726,17.27267491127808,17.303821790500983,voiding,1
11.176800966262817,9.832524441,16.2879981193122,3.566223555586357,3.9409366209182615,17.40815007614021,17.439541250390914,voiding,1
11.212110996246338,14.804625291,16.372900014059876,4.107242874510467,3.950867869827908,17.414828797839913,17.446232015467757,voiding,1
11.213627099990845,24.615781881000004,16.482232062786995,4.703132700250309,3.96071986274239,17.600676274407306,17.63241462072461,voiding,1
11.250693082809448,12.464503790999999,16.617051969496327,5.324793847760546,3.970492629356804,17.80624255142361,17.838351584275305,voiding,1
11.287187814712524,10.203788661,16.776513715588276,5.9407377123699066,3.9801863355877223,18.038653942162373,18.071182069888174,voiding,1
11.324493885040283,18.720253311,16.958113010897176,6.518971321407954,3.98980128492872,18.046504620685468,18.079046905114676,voiding,1
11.325652837753296,26.157632721,17.158137975477047,7.028912789732699,3.999337913305415,18.314195301598783,18.347220298135426,voiding,1
11.36264681816101,19.009481811,17.372197105266885,7.4432082398545845,4.008796777717764,18.597374025724008,18.63090966311762,voiding,1
11.39995002746582,11.413289661,17.595646553815083,7.739331246833104,4.018178539342482,18.6056689931554,18.639219588414548,voiding,1
11.401010751724243,12.485538591000001,17.823816982846807,7.90086433750869,4.027483942106709,18.890971939008402,18.925037005618517,voiding,1
11.437081098556519,22.308264321000003,18.052098498937596,7.918387258803411,4.0367137880103625,19.202765357817608,19.237392664613914,voiding,1
11.476778984069824,25.309404411000003,18.276004202379823,7.789926409676514,4.045868910650467,19.473239754834033,19.508354793462267,voiding,1
11.512109994888306,16.681455321,18.491250948788373,7.520951527330783,4.054950148477013,19.48460321094869,19.51973874068192,voiding,1
11.513661861419678,11.440109030999999,18.693821973720873,7.123936914992699,4.063958319285299,19.73154514513258,19.767125971881967,voiding,1
11.54960298538208,15.930512961000005,18.880027589071286,6.617532853299028,4.072894197332023,19.96455463066135,20.000555630796786,voiding,1
11.58646297454834,24.851897511000004,19.046663774972068,6.0254163606990305,4.0817584942649185,19.9744034814132,20.01042224144781,voiding,1
11.588190793991089,22.777340361,19.19132837660531,5.37490766411081,4.0905518447966145,20.15856071907447,20.194911559882257,voiding,1
11.624764919281006,14.607949910999999,19.312811220018183,4.6954486985627994,4.099274797753044,20.3210315001178,20.357675315686038,voiding,1
11.662060976028442,19.681017801000003,19.4113894417655,4.017042390967686,4.107927812805108,20.461501880275005,20.498398998472254,voiding,1
11.700098991394043,24.851897511000004,19.488901796780258,3.368746736413449,4.116511262868768,20.467347094867954,20.504254753424117,voiding,1
11.702001094818115,20.180594301,19.548563345212784,2.777306647407245,4.125025441848885,20.561683826229018,20.598761597103806,voiding,1
11.7394118309021,14.347118391000002,19.5945485447471,2.2659906108603494,4.133470577118728,20.638991788376995,20.67620896451312,voiding,1
11.77694296836853,16.121929641,19.63143882357046,1.8536800075493907,4.141846845879294,20.63941429412661,20.67663223214447,draining,1
11.777190923690796,22.215185331,19.663692567929086,1.5542383686622925,4.150154394337188,20.688826902721317,20.726133943820194,draining,1
11.810914993286133,23.903753901,19.695275881608705,1.3761676699694467,4.158393358481632,20.740049743423796,20.777449151897212,draining,1
11.848875999450684,18.681338931,19.729482868012926,1.322540603485741,4.166563885134882,20.741263842860814,20.77866544065399,draining,1
11.849770784378052,16.255500621000003,19.768883172264857,1.3911828844320704,4.174666151899679,20.794881994086722,20.832380278588182,draining,1
11.885922908782959,18.730770711000005,19.81534350937969,1.5750688702575757,4.182700384636843,20.859340231898035,20.89695475044884,voiding,1
11.923420906066895,22.444990521,19.870123242758453,1.8628874196868284,4.190666871179125,20.936660313401514,20.97441425906784,voiding,1
11.961113929748535,22.554897351,19.93404270126369,2.23973285065995,4.198565970127417,20.939614433131915,20.97737370580236,voiding,1
11.962312936782837,19.434910641000002,20.007668219578086,2.687877490044544,4.206398113783468,21.0467883570756,21.08474089067882,voiding,1
11.998794794082642,17.878861311,20.091436099817418,3.1875867475866433,4.214163804548294,21.179619633093772,21.21781169414323,voiding,1
12.03726577758789,18.933230661000003,20.185688670360204,3.717943806372301,4.2218636044527305,21.184401985059544,21.222602669865303,voiding,1
12.038465023040771,22.567518231,20.290661497094582,4.257657775910841,4.229498117876591,21.357892299419156,21.396405829913,voiding,1
12.076833009719849,21.285973041000005,20.406471376589703,4.785835478543267,4.23706796794138,21.53015407620031,21.56897823702696,voiding,1
12.111050844192505,18.745495071,20.53311704359256,5.282702138517806,4.24457376750867,21.742810402610075,21.782018035073207,voiding,1
12.149670124053955,19.040508141000004,20.670477647365704,5.730259634601054,4.252016086157406,21.748991312798974,21.788210090962707,voiding,1
12.150713920593262,22.748417511,20.81829936499442,6.112872539424184,4.259395414919614,21.97825800465656,22.017890207029215,voiding,1
12.187306880950928,23.745992901,20.976163763746435,6.417772131938378,4.266712130893867,22.224292492333586,22.264368355373257,voiding,1
12.225003957748413,20.761680651,21.143415755754702,6.635467460020596,4.273966464096981,22.232256084259863,22.272346307613567,voiding,1
12.226192951202393,17.585951721,21.319031458814685,6.7600510764721715,4.281158469026557,22.477989008193056,22.518522348420213,voiding,1
12.262465000152588,20.710145391000005,21.501452552325834,6.789386082184332,4.288288003364092,22.731168634995253,22.77215852033185,voiding,1
12.299932718276978,25.133237961,21.68845891140352,6.725161345639391,4.295354716032156,22.98002134925611,23.0214599772151,voiding,1
12.33735990524292,23.860106691,21.87713781310231,6.5728038200196925,4.302358046421557,22.988667035897507,23.030121254154984,voiding,1
12.338698863983154,19.065749901000004,22.063957985245228,6.341241074125977,4.309297236030109,23.22369921245803,23.26557725151075,voiding,1
12.376657009124756,17.431871811,22.24494432914747,6.0425134894198775,4.3161713530227965,23.433880221001417,23.476137268083967,voiding,1
12.412482023239136,23.957392641000006,22.415981677038843,5.691243704496946,4.322979329368354,23.441384166415236,23.48365474495616,voiding,1
12.413846969604492,26.634596811,22.5732731885615,5.303980143525428,4.329720009278549,23.6260068737694,23.66861037243979,voiding,1
12.45003890991211,22.523871021000005,22.713897211822037,4.8984409361371695,4.3363922067360186,23.80012321085266,23.843040684084013,voiding,1
12.487119913101196,20.351502051000004,22.83631674198425,4.492693181534423,4.3429947690155215,23.963087525268765,24.006298863222565,voiding,1
12.525031805038452,26.566759581,22.940687526493242,4.104309293879288,4.349526642357902,23.967344665539947,24.010563680164243,voiding,1
12.526115894317627,25.513441971,23.028876254206605,3.7495462011656673,4.355986935420124,24.09266128024756,24.136106271536327,voiding,1
12.560964107513428,20.672808621,23.104177729953058,3.4425938378945955,4.362374975864352,24.220805070486865,24.264481136532623,voiding,1
12.599575996398926,19.260847671,23.170793562682668,3.194936411884617,4.368690355514992,24.223748367435643,24.267429740969387,voiding,1
12.600523948669434,23.157018501000003,23.233207399153052,3.0148634701357184,4.374932959933773,24.3285502493424,24.37242060643398,voiding,1
12.635917901992798,26.197072971000004,23.29561811007508,2.9071583480697325,4.381102979041608,24.43746295632558,24.481529709803226,voiding,1
12.673603057861328,23.853270381,23.361534128696217,2.8729799834863874,4.387200896524204,24.54728017326335,24.591544954180875,voiding,1
12.711582899093628,21.780816711,23.433539276387513,2.9099413439665467,4.393227457137521,24.549273197488702,24.593541572318877,voiding,1
12.712255954742432,22.001156241000004,23.51319789885041,3.0123749723549564,4.39918361259178,24.66115687250659,24.70562700110859,voiding,1
12.748440027236938,24.354424491000003,23.601083890874403,3.171764473799154,4.405070448327871,24.78833619752442,24.833035661715506,voiding,1
12.787278890609741,24.964959561,23.696931439434167,3.37731106412649,4.410889095081074,24.792522400240156,24.837229413183888,voiding,1
12.78847599029541,24.062040771,23.799879730458283,3.616597239170859,4.4166406305219486,24.927713581748407,24.97266437762814,voiding,1
12.82456111907959,23.625042801,23.90875139782705,3.876305574994649,4.42232597734746,25.078298888443282,25.123521226651256,voiding,1
12.862117052078247,22.660071351,24.02230581454594,4.142949688894578,4.427945804859866,25.23989171069525,25.28540544048813,voiding,1
12.899931907653809,25.150065801000004,24.139437128145772,4.403576261948912,4.433500441239737,25.245516789737692,25.291040662930968,voiding,1
12.901175022125244,26.328540471000004,24.259307863018428,4.6464013092205105,4.438989803355347,25.41636168970422,25.462193638253076,voiding,1
12.937113046646118,23.388401301000002,24.38140986843581,4.8613500067872515,4.4444133500607945,25.602807788435047,25.648975945136293,voiding,1
12.974771976470947,22.030079091000005,24.505548789881516,5.040476709908231,4.4497700635710515,25.609716014149196,25.65589662807974,voiding,1
12.976124048233032,24.746197641000002,24.631771314054443,5.178249703690862,4.455058461754771,25.797626950384007,25.84414641392908,voiding,1
13.012088060379028,27.586421511000005,24.760270322176815,5.271693170979744,4.460276642176413,25.993054836990375,26.039926705059482,voiding,1
13.048988819122314,26.016699561000003,24.891283996725186,5.320386410144086,4.465422356589256,25.998047819294023,26.04492869093771,voiding,1
13.0499267578125,22.194150531000005,25.02497620946921,5.32632718829151,4.470493112480802,26.19571892864867,26.242956249898487,voiding,1
13.08715295791626,23.389453041000003,25.16129522138493,5.29367210272847,4.475486296351302,26.39318612017529,26.44077952331726,voiding,1
13.12468695640564,27.096310671000005,25.299847496670672,5.228371882672871,4.480399311803627,26.58944800691686,26.637395318490142,voiding,1
13.162553071975708,27.970832481000002,25.439834606602407,5.137723703678025,4.485229724357658,26.595709566356934,26.643668169061247,voiding,1
13.163784742355347,24.226112211,25.58006651272748,5.029865845579384,4.489975404265301,26.775546117199344,26.823829009416293,voiding,1
13.199957847595215,22.391351781000004,25.719036398870003,4.913242419519325,4.494634658546361,26.956260684813792,27.004869449823474,voiding,1
13.237182855606079,26.422145331000003,25.85505682067687,4.796067384347204,4.499206344001727,26.964582165200092,27.013205935884685,voiding,1
13.238938093185425,28.168559601000005,25.986474508668355,4.685817557294321,4.503689954054777,27.135828115968025,27.184760685201386,voiding,1
13.275866031646729,26.141330751000005,26.111952358829356,4.588783620206032,4.508085673848024,27.311941847575536,27.36119199316323,voiding,1
13.314578771591187,25.103789241,26.230754346227272,4.509706017065048,4.512394399967248,27.47078909217818,27.5203256783993,voiding,1
13.350030899047852,27.685285071000003,26.342950415850833,4.451518936038932,4.5166177233395866,27.474818367289366,27.52436221928408,voiding,1
13.350939750671387,27.238821441,26.449484004689257,4.415220159422586,4.520757876100282,27.634385500725905,27.684217091490588,voiding,1
13.387142896652222,26.442128391000004,26.552081612690866,4.3998774854621585,4.524817645386806,27.799989904945452,27.850120121163545,voiding,1
13.424768924713135,25.749557601,26.653015740043248,4.402773910611289,4.528800258951564,27.805203275881958,27.85534289308952,voiding,1
13.425950765609741,26.511543231000005,26.754765516404547,4.419684258635052,4.532709249058657,27.965863043170884,28.01629236943587,voiding,1
13.462196826934814,26.306979801000004,26.85964601220197,4.44526610648457,4.536548302251215,28.12929137498094,28.180015402705813,voiding,1
13.498844861984253,27.126811131000004,26.96947858330849,4.473538494612958,4.540321103184632,28.297524680607236,28.34855207434105,voiding,1
13.536346912384033,28.480926381000003,27.08534920576753,4.498413909743036,4.544031180799162,28.3028923453289,28.35392941828181,voiding,1
13.537538051605225,26.828116971,27.20747055223792,4.514243261084678,4.547681764672935,28.470919037904608,28.522259104292335,voiding,1
13.574750900268555,25.310982021,27.335149754575642,4.51633078047118,4.551275658509377,28.63585329029634,28.687490773688978,voiding,1
13.61133098602295,26.532578031,27.46687025933284,4.501376476921752,4.554815136456076,28.640323657846803,28.691969202411144,voiding,1
13.612327814102173,29.779825281,27.600498147781003,4.467808167127602,4.558301866430947,28.80109806446591,28.85303352481057,voiding,1
13.648522853851318,28.789612071,27.73359569664604,4.415973021310147,4.561736862962745,28.968514694925876,29.02075204861338,voiding,1
13.68672776222229,25.346741181,27.863781980740466,4.348169472336992,4.565120470355263,29.132572128422467,29.185105317994857,voiding,1
13.724806785583496,29.539502691000003,27.989062487028246,4.2685133632699905,4.568452375368534,29.137660792368585,29.19020315805308,voiding,1
13.726011037826538,30.473973681000004,28.10806766679395,4.182646226460117,4.5717316471718,29.2874945846402,29.340307137487677,voiding,1
13.762202978134155,26.834427411,28.22016935205034,4.097307321102456,4.574956801135909,29.441369834417504,29.49445986216941,voiding,1
13.800116777420044,25.851576381,28.3254732575044,4.019803212558889,4.578125882146351,29.444341580925062,29.497436967466502,voiding,1
13.800861835479736,28.949476551000004,28.42472066506462,3.957418076168141,4.581236562554769,29.581983274812497,29.635326863166195,voiding,1
13.835821866989136,30.690632121,28.519153014658684,3.916813607543438,4.584286249643661,29.733888801849652,29.787506313213438,voiding,1
13.87467098236084,28.790663811,28.61037472196156,3.9034688150414003,4.587272197530546,29.880225189708856,29.934106581555657,voiding,1
13.91207480430603,26.436343821,28.70021577383787,3.921206859740656,4.590191618740897,29.885680676044608,29.939571905474462,voiding,1
13.913457155227661,28.593988431,28.790590985368528,3.9718487318381506,4.59304179117812,30.031138514464942,30.08529204013719,voiding,1
13.949699878692627,29.937586281,28.883372440151913,4.055022568876449,4.595820156852507,30.18624787499407,30.240681100975827,voiding,1
13.987424850463867,29.219773731000004,28.980293271386998,4.168143850952427,4.5985244094380695,30.191531556968602,30.245974310727913,voiding,1
13.988671779632568,29.222403081000003,29.082875087828644,4.306566833752374,4.601152568450775,30.349405116875765,30.404132555475623,voiding,1
14.024672985076904,29.421707811000005,29.192351347580782,4.46389281939807,4.603703038537626,30.519764046700484,30.574798684332283,voiding,1
14.062129735946655,29.424337161000004,29.309567804847276,4.632407626794398,4.606174652999462,30.699044389223314,30.754402313387413,voiding,1
14.100128889083862,28.410985671,29.434867486631745,4.803610164206617,4.608566701220999,30.699890150589177,30.755249599868943,voiding,1
14.10030198097229,29.996483721000004,29.567990289659495,4.968787301031268,4.610878940142159,30.886186854527434,30.94188224256405,voiding,1
14.137234926223755,30.028561791,29.708025333797345,5.119587870232375,4.613111590279386,31.080579071293645,31.13662499628696,voiding,1
14.17473292350769,27.950849421,29.853447506578462,5.248550742305671,4.615265317107298,31.08583099117546,31.14188638667147,voiding,1
14.175724029541016,29.472191331000005,30.002253695386287,5.349548159772178,4.617341198857581,31.277710758081106,31.334112159969052,voiding,1
14.211364030838013,32.638454601,30.152190747769033,5.418115135560754,4.619340682003427,31.486186974042877,31.542964309800517,voiding,1
14.249722957611084,31.291701531,30.30103488858464,5.451647576785198,4.621265525891877,31.491893139282052,31.54868076465844,voiding,1
14.250769853591919,29.065693821000004,30.446856648030558,5.449464555912136,4.6231177381767115,31.69208484977302,31.749233470019057,voiding,1
14.287630081176758,29.409086931000004,30.58821425292872,5.412742413928167,4.624899502898177,31.89169708393986,31.94920565411727,voiding,1
14.324742794036865,31.670853801,30.72425898186875,5.344338854652557,4.626613103252167,32.09030408390959,32.14817079133399,voiding,1
14.36224102973938,32.021609091,30.85476656204773,5.248532849783916,4.628260841283035,32.09701397380035,32.1548927808058,voiding,1
14.363533973693848,30.337247481,30.980105293324595,5.130710376618696,4.629844956906701,32.28154564151613,32.33975720448421,voiding,1
14.399974822998047,30.516569151,31.101138583448154,4.997026558124932,4.6313675488052475,32.46545119243529,32.52399438232347,voiding,1
14.437311887741089,31.671905541,31.219065553726463,4.854071924565828,4.632830499809958,32.471438236856216,32.52999222285736,voiding,1
14.43856406211853,32.147817891,31.33522067244455,4.708564923443367,4.634235409385342,32.63940512606482,32.698261997660616,voiding,1
14.474780797958374,30.234176961000003,31.45086179292078,4.567085425134928,4.635583535724162,32.80481628041158,32.86397142898375,voiding,1
14.511526823043823,32.099437851000005,31.566976391299924,4.435855924962495,4.636875749749173,32.97219196957858,33.03164893766638,voiding,1
14.549756050109863,30.796857861,31.68413819695161,4.320569564774073,4.638112502984615,32.97685835406464,33.03632373679086,voiding,1
14.550848007202148,30.886781631000005,31.802446668732912,4.226257996543813,4.639293810810697,33.12920255441516,33.1889426511873,voiding,1
14.587192058563232,32.655282441000004,31.921568337900723,4.157188242674753,4.640419252056981,33.28459149990196,33.34461180114402,voiding,1
14.62475299835205,33.923155011,32.04087027051585,4.116776485601779,4.641487985244027,33.289197471393386,33.34922607833439,voiding,1
14.62587308883667,31.137621621,32.159605765330895,4.1075081676015435,4.642498781072718,33.43862929741091,33.49892736667092,voiding,1
14.662150144577026,31.099233111000004,32.27710315328386,4.130857541404642,4.643450070019899,33.59536601755771,33.65594672165669,voiding,1
14.699836015701294,32.835129981,32.39292681796636,4.187205195155703,4.644340003164865,33.75409258468784,33.8149595118091,voiding,1
14.737346887588501,33.604477791,32.50700136327328,4.275758161569826,4.645166523684334,33.75932970053518,33.820206071463815,voiding,1
14.738554954528809,33.268446861,32.61969066624335,4.394482985850518,4.645927445855036,33.92108040324814,33.98224845045897,voiding,1
14.774762868881226,30.923592531000004,32.73181438581408,4.540066579120888,4.646620537932685,34.090933178869655,34.15240751239196,voiding,1
14.811495780944824,33.194825061,32.84459149887977,4.707922000027704,4.647243604969158,34.095211059674796,34.15669310726788,voiding,1
14.812386989593506,34.094588631,32.9595210074147,4.8922559413997835,4.647794567514891,34.28142897745908,34.343246821738205,voiding,1
14.849710941314697,32.949769641,33.07822037794128,5.086211460729793,4.648271532250271,34.476051738272616,34.53822053523604,voiding,1
14.887252807617188,32.546427351000006,33.20223932655444,5.282093580121407,4.648672850906304,34.67846513788261,34.740998935967355,voiding,1
14.924897909164429,33.725953761,33.332868842459504,5.471677364339334,4.648997164366293,34.68419086854497,34.74673499152972,voiding,1
14.925927877426147,31.965866871000003,33.47097754337208,5.646588848636263,4.649243429567723,34.893148484848126,34.95606940978574,voiding,1
14.96244192123413,33.327344301000004,33.61691241101996,5.798739825558538,4.649410927714579,35.113312409208305,35.17663034382719,voiding,1
15.000014066696167,35.470264551,33.770484690429804,5.920789184709753,4.6494992533188,35.120461497522896,35.18379232370557,voiding,1
15.00121283531189,34.244461581,33.93102932062244,6.006597336463461,4.649508284659154,35.33342311804058,35.397137966380065,voiding,1
15.036535024642944,33.427785471,34.097499183771674,6.051637136021584,4.649438137311805,35.564136675362434,35.62826755696497,voiding,1
15.07465386390686,33.761712921000004,34.26855513305481,6.053325227837817,4.649289103401233,35.79111473925037,35.85565491810296,voiding,1
15.112281084060669,35.461850631000004,34.44263607586839,6.01124201683876,4.649061580075684,35.79833023716345,35.86288342733265,voiding,1
15.113489866256714,34.877609061,34.61801480895917,5.92721627066683,4.648755991367295,36.01125758686454,36.076194737391845,voiding,1
15.149786949157715,33.571873851,34.79285142228864,5.805260980016961,4.648372708003616,36.22464284702404,36.28996478363459,voiding,1
15.187037944793701,34.547362701000004,34.965257379737075,5.65135952187169,4.647911969860823,36.23145523128555,36.29678945229969,voiding,1
15.188262701034546,35.562817671000005,35.13338570268173,5.473114123283245,4.6473738155749,36.42682751880452,36.492514044083876,voiding,1
15.224602937698364,36.100782681000005,35.295554832345445,5.279280767611466,4.646758023362111,36.62791218899798,36.69396131937285,voiding,1
15.263427972793579,34.884971241,35.45039290937125,5.0792247533915,4.646064066372535,36.99536366421666,37.062075399936546,voiding,1
15.337201833724976,35.619085761,35.59697312395077,4.8823380706114605,4.6452910849584645,37.17631262339307,37.2433506545713,voiding,1
15.374979019165039,35.510230671,35.73491268269783,4.697462916071542,4.64443787714776,37.18132440426573,37.24837147291698,voiding,1
15.376065015792847,37.200902721000006,35.86441890755768,4.532364772751298,4.643502907447506,37.34203951767942,37.40937639519076,voiding,1
15.412076950073242,35.271485691,35.98627306953128,4.393293713811883,4.642484332947394,37.50515530803195,37.5727863234141,voiding,1
15.44967007637024,36.005074341000004,36.10174829120653,4.284664541847366,4.641380044626678,37.51046692984961,37.57810752339172,voiding,1
15.450920820236206,36.330587871,36.21247001884595,4.20887592185413,4.6401877208672975,37.6619575507729,37.729871319147364,voiding,1
15.487097024917603,36.264854121,36.32024183174306,4.166276875818113,4.6389048894997185,37.81960127566065,37.88779931442662,voiding,1
15.524985074996948,36.273793911000006,36.42686546522424,4.155276994471471,4.637528994300696,37.974148967060806,38.042625693308764,voiding,1
15.562100887298584,35.726363241,36.53398070910118,4.172585542614634,4.63605746174603,37.9794873964542,38.04797374920277,voiding,1
15.563374042510986,37.441225311000004,36.642943025172556,4.213555190883041,4.634487763997282,38.13466006853244,38.2034262357568,voiding,1
15.599944829940796,37.453320321,36.754745460376654,4.27259908600055,4.632817474548533,38.2949703872493,38.3640256333894,voiding,1
15.637156009674072,36.438917091,36.86997966502716,4.343645809535706,4.631044313637466,38.29999159511077,38.36905589572307,voiding,1
15.638301849365234,35.559136581000004,36.988828282381974,4.4205956462203995,4.629166181378538,38.46185919891894,38.531215386614846,voiding,1
15.674601793289185,37.713625971,37.11108978991899,4.497743409470148,4.627181177537465,38.63155616088474,38.7012183539218,voiding,1
15.712029933929443,38.513474241000004,37.236241481175284,4.5701375519086636,4.625087607862886,38.80436532593573,38.87433913638122,voiding,1
15.74958086013794,36.216999951000005,37.363534619944474,4.633851936472299,4.622883977849159,38.81013935604962,38.8801235784909,voiding,1
15.75081992149353,38.419869381000005,37.49210082207308,4.686154837744993,4.620568975655843,38.98132427047105,39.05161718139757,voiding,1
15.78719687461853,36.960580131,37.621049755913276,4.725568779304578,4.6181414465957085,39.15917745443775,39.22979107837884,voiding,1
15.824728965759277,36.898001601000004,37.7495525099568,4.751823956407585,4.615600362080128,39.16593954670602,39.23656536436187,voiding,1
15.826149940490723,38.691744171,37.87691437507858,4.765716529892815,4.612944786150819,39.33761027215417,39.408545654331974,voiding,1
15.862159967422485,39.640939521,38.00263572716488,4.768890360208036,4.6101738427214,39.51803086966433,39.589291594534494,voiding,1
15.90001392364502,37.371810471,38.12644857600275,4.763566244830043,4.607286686410873,39.69550129152508,39.767082039195635,voiding,1
15.9373140335083,36.141800541,38.2483182657275,4.752246041581528,4.604282479401407,39.70194492767309,39.77353729480374,voiding,1
15.938672065734863,38.329945611,38.3684199522119,4.7374199942742745,4.60116037613653,39.86883848994123,39.94073180719418,voiding,1
15.973960876464844,40.665334281,38.48711244817279,4.721304106413855,4.597919516946564,40.0495060638262,40.121725169130634,voiding,1
16.012290954589844,40.212560211,38.60491391108942,4.7056307041953644,4.594559030905334,40.05502205879588,40.127251110795314,voiding,1
16.01346492767334,36.052402641,38.72245646546936,4.69150973661843,4.591078047447502,40.225271969613814,40.29780802405712,voiding,1
16.049800872802734,37.293981711,38.840403274532264,4.679371368120457,4.587475715567437,40.40029257632277,40.47314423594747,voiding,1
16.087244987487793,40.959821481,38.959347943635,4.668992623446711,4.58375122882879,40.575548034719354,40.64871572302079,voiding,1
16.124818801879883,40.231491531,39.07973204301725,4.659602901498277,4.579903853978111,40.5809660675493,40.65414352589591,voiding,1
16.125982761383057,38.077002141,39.201792461665,4.650055751002348,4.575932960701114,40.7498897080747,40.82337177727379,voiding,1
16.162353038787842,38.813746011,39.32552630406036,4.639048021584082,4.571838049996795,40.924204393288264,40.998000794718756,voiding,1
16.199984073638916,39.287554881000005,39.45066993524122,4.625362904313557,4.56761877876776,40.92993802213615,41.003744762709026,voiding,1
16.201225996017456,39.641465391000004,39.576708991197904,4.60811085694543,4.5632749785164854,41.09734316117985,41.17145177437372,voiding,1
16.237637996673584,40.497055881,39.70293412044823,4.586942203975859,4.558806666467502,41.26691299668578,41.34132738598055,voiding,1
16.27470588684082,39.533136171,39.828536087897945,4.562207355974778,4.554214047967427,41.439670180474856,41.514396093443054,voiding,1
16.3126859664917,39.366435381,39.95271904368741,4.5350449603499,4.549497509607078,41.445262541483515,41.51999853885345,voiding,1
16.313922882080078,39.933849111,40.074812577576765,4.507384549315004,4.544657603120545,41.60648065659522,41.68150736986097,voiding,1
16.349792003631592,41.303740461000004,40.19436969446912,4.481857904262482,4.539695020705878,41.77449778131528,41.849827470762655,voiding,1
16.387365102767944,41.393664231,40.31123664591995,4.461621797016919,4.534610562946777,41.779630044492855,41.85496898867247,voiding,1
16.388516902923584,38.866858881,40.42557868223964,4.4501033012022475,4.5294051009672,41.9410687846263,42.01669884254288,voiding,1
16.424792051315308,38.682278511,40.53785907756895,4.450686759812534,4.52407953480155,42.10856609068043,42.18449818741779,voiding,1
16.46235990524292,41.987371461,40.64879065666716,4.466368037987383,4.518634750199916,42.11457276682095,42.19051569507208,voiding,1
16.46369981765747,43.33412453100001,40.759280240551504,4.499406254853182,4.5130715762054345,42.27579284617008,42.35202649385902,voiding,1
16.499326944351196,40.283552661,40.87036046355594,4.551005288860679,4.507390745839355,42.44967217169709,42.526219366556894,voiding,1
16.53724193572998,38.446688751,40.98308824278341,4.621056695270862,4.501592862112989,42.62508145781808,42.701944958743816,voiding,1
16.574846982955933,41.953715781,41.098414619283915,4.707972201676407,4.495678371361656,42.630809382359615,42.70768321214147,voiding,1
16.576050758361816,41.267455431,41.217068258608286,4.8086278443820705,4.489647545573147,42.807166265399154,42.88435810999715,voiding,1
16.612311840057373,41.035546761,41.339497353948104,4.918433500351498,4.4835004749728515,42.99449031869812,43.07201995461643,voiding,1
16.649965047836304,41.418905991,41.46588195267821,5.031531687144798,4.477237071642334,43.000394830551606,43.07793511375637,voiding,1
16.65112590789795,42.360739161000005,41.59619627028385,5.141118830472473,4.470857084402509,43.18819694821501,43.26607588480766,voiding,1
16.687307834625244,41.487269091,41.73028702098424,5.239871605933826,4.464360124604953,43.38906647131502,43.46730762504009,voiding,1
16.72535014152527,41.899025301,41.86793438008051,5.320451332835308,4.457745701867523,43.58696165959472,43.665559666995314,voiding,1
16.762351989746094,42.654700491,42.00887102861155,5.376051560678007,4.451013268189864,43.59375011234958,43.672360360999384,voiding,1
16.763611793518066,42.408067461,42.15274911324074,5.400948645044401,4.444162268322215,43.79047814694867,43.86944314460897,voiding,1
16.80007004737854,41.492527791,42.299062048595125,5.39101277757198,4.437192193771868,43.99043079143321,44.069756352868374,voiding,1
16.837321996688843,41.675004681000004,42.4470460622799,5.344137902407945,4.430102637452938,43.99585411375643,44.07518945477503,voiding,1
16.83834481239319,43.946237211,42.595599491804435,5.2605532461000015,4.422893345752614,44.184861619039,44.2645377870557,voiding,1
16.874680042266846,42.647864181,42.7432569145449,5.142986565800044,4.415564264732961,44.375166848000696,44.45518618313033,voiding,1
16.912216901779175,40.907760351,42.88824242835815,4.996659181558672,4.408115577334592,44.559930060933866,44.640282569559076,voiding,1
16.949824810028076,42.567931941000005,43.028614440334444,4.829104682272579,4.40054772880851,44.565588977737654,44.64595169078106,voiding,1
16.951018810272217,44.767646151,43.16250186284876,4.649815998959019,4.392861438169408,44.730721613202675,44.811382100984446,voiding,1
16.987233877182007,43.728001161,43.28840414078416,4.469738349862441,4.385057694214349,44.89595928247312,44.97691773439503,voiding,1
17.024914741516113,42.550578231,43.405491365496886,4.300637393396773,4.377137735542787,44.90036085530499,44.98132724434481,voiding,1
17.02595591545105,45.007968741000006,43.513825310252955,4.154381857796209,4.369103014989796,45.049148872629274,45.130383563042756,voiding,1
17.06226086616516,44.90542409100001,43.61444028754164,4.042187171917614,4.360955149875717,45.20056761269306,45.282075348320035,voiding,1
17.10003972053528,42.298686501,43.7092602301735,3.9738706248775113,4.352695860409346,45.34867670095943,45.43045151368406,voiding,1
17.137388944625854,42.078346971,43.800872300742746,3.9571690083526274,4.344326899387302,45.35381516303717,45.43559924167218,voiding,1
17.138680934906006,44.655635841,43.892217404278135,3.9971664950600108,4.335849976947004,45.499987763337586,45.582035427106376,voiding,1
17.174803972244263,45.130496451000006,43.98627193964284,4.095873906368828,4.32726668450624,45.656915850596846,45.73924649428656,voiding,1
17.212401151657104,43.159009821000005,44.08577220948222,4.251990997861606,4.318578422128233,45.663262027533634,45.74560411494053,voiding,1
17.213857889175415,43.504506411,44.192998996279755,4.460871624289506,4.309786333377696,45.82805154757927,45.91069079100308,voiding,1
17.24977707862854,45.102625341,44.309625047492325,4.7146984570282395,4.300891251291577,46.0102889035638,46.09325676574213,voiding,1
17.287283897399902,45.27142961100001,44.436628460298316,5.00286021385899,4.2918936584091245,46.204047164779986,46.28736442073731,voiding,1
17.3248507976532,42.898178301,44.57427259586313,5.312511025703824,4.282793662938034,46.21030680315319,46.293635346777386,voiding,1
17.325994968414307,44.606729931,44.722149425915035,5.629279458675404,4.273590992139937,46.42087327901183,46.5045815257582,voiding,1
17.362401962280273,45.673720161,44.879283456623945,5.938084583181263,4.264285002972157,46.65492151696058,46.739051810218974,voiding,1
17.400890111923218,45.172566051,45.04428810283724,6.224008950543649,4.254874709001019,46.65609457412078,46.74022698268962,voiding,1
17.40107488632202,44.566237941000004,45.21555107984241,6.473173860431456,4.245358821679909,46.89002147962907,46.97457571591772,voiding,1
17.436661958694458,46.33789397100001,45.39141386461337,6.673561170768975,4.2357358033292885,47.14851690123507,47.233537268318045,voiding,1
17.474987983703613,45.971362581,45.570312917287126,6.815728237368329,4.226003928617474,47.406392007943474,47.49187738724051,voiding,1
17.512609004974365,45.223049571,45.750862424905314,6.893368326094134,4.216161351052405,47.41499397757098,47.50049486833398,voiding,1
17.513855934143066,44.986933941,45.93187434437422,6.903677798777841,4.20620617096597,47.66188256867052,47.74782866025899,voiding,1
17.549763917922974,47.302339550999996,46.11232777141893,6.847503142642234,4.19613650169126,47.91720034451794,48.00360683682422,voiding,1
17.587374925613403,47.27131322100001,46.29130726579312,6.729254914408252,4.1859505310658465,47.92804934895969,48.01447540468813,voiding,1
17.58900809288025,44.424778911,46.46792704944995,6.556591136991527,4.175646575990212,48.15902996164838,48.24587253220635,voiding,1
17.624828815460205,46.443593841,46.64125798905237,6.339888668691479,4.165223128467058,48.39231865214292,48.479581899562135,voiding,1
17.662360906600952,48.057488871,46.81028104522852,6.091536461322936,4.154678892276061,48.39975535471566,48.48703201233787,voiding,1
17.66360902786255,47.75090666100001,46.97388919393035,5.825098246470041,4.144012810132102,48.610491478910454,48.69814814557249,voiding,1
17.70064687728882,45.071599010999996,47.13094600563841,5.554402856276247,4.133224081772625,48.809008255208326,48.89702289642189,voiding,1
17.737249851226807,45.933499941,47.28040175830241,5.292627039939053,4.12231217387379,49.00324381968358,49.09160871537125,voiding,1
17.774804830551147,48.58861757100001,47.42146966290961,5.051437473996773,4.111276822974283,49.009356697417736,49.09773261612676,voiding,1
17.77604079246521,48.34198454100001,47.55384910818905,4.840255246632985,4.10011803267882,49.35991825661119,49.44892632399438,voiding,1
17.849797010421753,48.222086181,47.67794115501706,4.665697441993219,4.088836066329107,49.36548228376207,49.454500384454086,voiding,1
17.851006984710693,49.87174037100001,47.79496816273342,4.531237074289222,4.077431436096447,49.528216824183566,49.617528375259035,voiding,1
17.887297868728638,47.254485381,47.90692186763124,4.437105517808121,4.065904889110415,49.694547152786136,49.78415863833514,voiding,1
17.92502498626709,46.088631591,48.016323077503614,4.380442148431917,4.054257390845982,49.85541004306351,49.94531160395062,voiding,1
17.961852073669434,47.525834300999996,48.12584904295059,4.355675835589633,4.042490105605804,49.859742272375456,49.94965164533706,voiding,1
17.962846755981445,49.251213771,48.23792876247398,4.355103997588614,4.030604373612293,50.02190031693587,50.11210210071716,voiding,1
18.00001883506775,48.315691041,48.35439723303658,4.369618888313208,4.018601684015793,50.18713718457088,50.277636931046764,voiding,1
18.037747859954834,48.297285591,48.47625455229885,4.38951910316839,4.006483643068992,50.19255127024317,50.28306077964654,voiding,1
18.038979053497314,48.759525321000005,48.603537494127956,4.405338058576618,3.9942519368356204,50.3507392304972,50.44153399168223,voiding,1
18.07487392425537,48.632790651,48.73530095325065,4.408620978649805,3.9819082880966716,50.51538376678939,50.606475422549984,voiding,1
18.112287998199463,48.060118221,48.86971214982677,4.392587707590948,3.969454407573223,50.67516736961501,50.7665471544931,voiding,1
18.1488299369812,47.87133089100001,49.0042625455847,4.3526298781530794,3.9568919401654346,50.67948770460631,50.77087528011051,voiding,1
18.149830102920532,50.187788241,49.13609089880154,4.286606515341385,3.944222407560566,50.838099369015524,50.929772960344145,voiding,1
18.18723177909851,50.587975311,49.26238313813866,4.194920550688912,3.931447149225435,50.99404804746736,51.08600285260204,voiding,1
18.224921941757202,48.570212121000004,49.38078158286506,4.080378224965295,3.918567264401714,50.99824275220455,51.09020512142311,voiding,1
18.225966930389404,49.532028351,49.48972143455392,3.9478521460219493,3.90558355819756,51.13919071790086,51.23140725095258,voiding,1
18.262332916259766,51.688621221,49.58862862928337,3.8037851228680237,3.8924964951558723,51.28148646278822,51.37395959005031,voiding,1
18.300485134124756,49.621426250999995,49.67794716458512,3.655584363378126,3.8793061637302024,51.41395204693712,51.5066640422131,voiding,1
18.33745288848877,47.696216181000004,49.75900192164938,3.5109631550098044,3.866012254884922,51.418532386328316,51.511252641082265,voiding,1
18.338782787322998,48.708515931,49.83374274484382,3.3772892042020657,3.852614057548429,51.5431336434173,51.63607858487006,voiding,1
18.376322984695435,51.453031461,49.90444324221175,3.260995397917279,3.8391104729020005,51.6593566557798,51.752511175896416,voiding,1
18.41248393058777,51.59238701100001,49.97341852552287,3.1671004106683345,3.825500048519661,51.66346121414243,51.756623135786846,voiding,1
18.41379404067993,48.807905361,50.04278762954052,3.098874314938123,3.811781032243916,51.77407207941047,51.86743345963782,voiding,1
18.449726819992065,47.861865231,50.114282945656626,3.0576695085837744,3.797951444462365,51.88891603353164,51.9824845056418,voiding,1
18.487376928329468,50.737848261,50.18912005088446,3.042921389694112,3.7840091662260704,52.003268865791966,52.09704354417148,voiding,1
18.524899005889893,52.070928711,50.26795159160553,3.0523078564035755,3.7699520395118276,52.0067190054175,52.10049990524695,voiding,1
18.526023864746094,50.668433420999996,50.350905313928344,3.082043322888117,3.755777974964684,52.119440123126154,52.213424286842475,voiding,1
18.562330961227417,49.359542991000005,50.43767166081254,3.127272685988457,3.741485061742709,52.23869551903511,52.3328947295483,voiding,1
18.600131034851074,49.828093161000005,50.527603478022925,3.18252433167242,3.727071673686635,52.24281367913519,52.337020315703455,voiding,1
18.601413011550903,51.46828169100001,50.619817479760854,3.2421791760055987,3.712536565995267,52.363586164667986,52.45801058371868,voiding,1
18.638329029083252,50.43915410100001,50.713305283970776,3.300914776475535,3.6978789569222754,52.48514939171455,52.57979301914902,voiding,1
18.674861907958984,51.268451090999996,50.807053030453474,3.3540891973457616,3.6830985897132287,52.485746639573165,52.58039134399235,voiding,1
18.675038814544678,51.356271381000006,50.900152163689576,3.39803770931546,3.6681957710389974,52.62070085873853,52.715588918792356,voiding,1
18.714566707611084,50.694201051,50.99188209846916,3.4302654809732176,3.6531713834936625,52.74197512052952,52.837081867891726,voiding,1
18.74982190132141,49.477863741,51.08175936792858,3.4495300344012563,3.6380268712311272,52.87234814496274,52.967689986939234,voiding,1
18.78758192062378,51.803786751,51.16956331315561,3.4558173060886808,3.6227641994181194,52.87690326605817,52.972253322037844,voiding,1
18.78890109062195,52.890760041,51.25534889173131,3.4502237678430934,3.607385789776078,53.00035458423869,53.095927253294626,voiding,1
18.824762105941772,51.748044531,51.33944043610055,3.4347635689364195,3.591894435962603,53.12632638335211,53.222126210531066,voiding,1
18.86155891418457,49.701884361000005,51.42238835287779,3.4121237090150434,3.5762932038022264,53.13065920178699,53.226466842102774,voiding,1
18.862833738327026,50.148347991,51.50488590379734,3.385391792271712,3.5605853223275994,53.25121078938534,53.34723581385027,voiding,1
18.89858889579773,53.360887821,51.58767044997545,3.3577801653474477,3.54477407216646,53.380705372651114,53.47696390768495,voiding,1
18.93730092048645,53.033270811,51.67143592945836,3.3323676275942087,3.528862677963899,53.50531868169665,53.60180192516194,voiding,1
18.97481107711792,51.348909201000005,51.75675794572662,3.311875971270847,3.5128542112486336,53.50938642804181,53.605877006653785,voiding,1
18.976041793823242,49.411078251,51.84401921766507,3.298493949876845,3.4967515094524853,53.63236133656035,53.72907366916485,voiding,1
19.01335072517395,52.066195881000006,51.93334310074374,3.2937564344917747,3.48055711571962,53.75265075100799,53.84957999499899,voiding,1
19.049844980239868,54.690813051,52.02456508810481,3.298481945514592,3.464273242768353,53.75666308203404,53.85359956124428,voiding,1
19.051058769226074,50.778866121,52.117261214053755,3.3127677389800856,3.447901762486958,53.87704625640663,53.97419981607557,voiding,1
19.087270736694336,50.434421271,52.21082354294768,3.336038320955783,3.4314442212639475,54.00611305329322,54.10349935212705,voiding,1
19.12577986717224,53.55861494100001,52.304562305946185,3.3671406542558,3.4149018793877035,54.13023101065752,54.227841124681945,voiding,1
19.16243815422058,53.89359413100001,52.397818561616155,3.4044772994487906,3.398275771313733,54.13498152453504,54.23260020490387,voiding,1
19.163825035095215,52.21238774100001,52.490066026826966,3.446167142210841,3.3815667822942865,54.25958933883414,54.35743271772605,voiding,1
19.199753761291504,51.571352211,52.58097393850128,3.4902220644830555,3.36477573588148,54.39166605747369,54.48974760315938,voiding,1
19.237355947494507,52.052523261,52.67041848321924,3.5347268534607905,3.34790348621554,54.39628883101152,54.49437871269437,voiding,1
19.23865580558777,54.02506163100001,52.758457915410695,3.5780088548226914,3.330951008830768,54.5262129183345,54.62453708508766,voiding,1
19.27476191520691,53.095849341,52.84529457655427,3.618783527046481,3.313919483960768,54.6642388440144,54.7628119054442,voiding,1
19.31270694732666,52.03411781100001,52.931233517840866,3.6562623996138868,3.29681036697892,54.94768025167274,55.0467644276425,voiding,1
19.3898708820343,52.743516441000004,53.01663798368685,3.6902112796313635,3.279625441620263,54.949318222054465,55.04840535168751,voiding,1
19.390312910079956,53.516019471,53.10188684713472,3.720949156106904,3.262366852922336,54.949564896366105,55.04865247081357,voiding,1
19.390378952026367,53.67009938100001,53.18734254247066,3.7492822663826377,3.2450371183008193,55.076556061413136,55.17587263215101,voiding,1
19.42412781715393,53.081650851,53.27333040398378,3.776373163334988,3.2276391167320817,55.0804948423949,55.1798185157232,voiding,1
19.425167083740234,53.022227541,53.36012319597501,3.8035510518268483,3.210176057533009,55.22294887013922,55.322529423100804,voiding,1
19.462480068206787,53.420311131,53.44792888918109,3.8320765872334293,3.192651056395636,55.366625367267396,55.46646500427509,voiding,1
19.499823093414307,53.548097541,53.53688845316126,3.862880976046535,3.17506736570755,55.512272523002714,55.612374797638466,voiding,1
19.537364959716797,53.072185190999996,53.6270912142249,3.8963047054420588,3.157428309614972,55.51730895219853,55.61742030875429,voiding,1
19.538651704788208,54.40000694100001,53.71860629157381,3.9318646930132113,3.1397372173228115,55.660203949224204,55.76057298058927,voiding,1
19.574827909469604,54.602466891,53.81151650115254,3.9680793881389693,3.1219973590683248,55.82172135279044,55.92238163974198,voiding,1
19.615356922149658,53.51339012100001,53.90593425228833,4.002378951978889,3.1042118887366645,55.82282267092721,55.9234849438261,voiding,1
19.615631103515625,53.25939491100001,54.00198471941476,4.0311220329450865,3.086383796355499,55.96081049891927,56.061721597795305,voiding,1
19.64978289604187,53.748979881000004,54.09975875333802,4.049732164445768,3.068515872783957,56.12215899175088,56.22336104162581,voiding,1
19.689608812332153,55.97498759100001,54.19925155734995,4.052956128050444,3.0506106878814943,56.26516631535039,56.36662624258705,voiding,1
19.724970817565918,54.20543504100001,54.30030084498191,4.035234722787475,3.032670582391071,56.269440436272134,56.37090807079957,voiding,1
19.726035833358765,52.90811375100001,54.40253063361747,3.991164416920406,3.014697672780843,56.41319027695345,56.51491712778346,voiding,1
19.76239514350891,53.681668521,54.50531232639265,3.916017544877023,2.996693867431245,56.55839540638034,56.66038409775631,voiding,1
19.800001859664917,55.264011351,54.60776599200293,3.806280186439204,2.9786608918865136,56.56234553356629,56.664341347992675,voiding,1
19.80105996131897,56.761163241,54.70881572253138,3.66016156954309,2.960600320448409,56.688466523256544,56.790689764833246,voiding,1
19.83639693260193,53.649590451,54.80728275883197,3.4780274212647755,2.942513611191566,56.81881581574427,56.921274109140725,voiding,1
19.87507200241089,52.907587881000005,54.90198138792375,3.262712447162383,2.924402141520037,56.822358201764224,56.92482288295354,voiding,1
19.87619972229004,57.367491351000005,54.99179367443929,3.0196739600336175,2.906267241639807,56.92773004281622,57.03038473533984,voiding,1
19.912681818008423,57.020943021,55.07571713760391,2.7569591514736174,2.888110223753463,57.031302541665816,57.13414400086738,voiding,1
19.95219874382019,53.131082631000005,55.15288445816963,2.484971829845366,2.8699324053406885,57.11407816994191,57.21706889395102,voiding,1
19.987414836883545,52.729843820999996,55.22256471147581,2.216039615528875,2.8517351255157775,57.116987102435154,57.21998307196469,draining,1
19.98880672454834,54.878022771,55.28418383682628,1.9637984084999316,2.833519754093938,57.183738491429764,57.286854830123985,draining,1
20.02482795715332,58.081096941000006,55.33741101494781,1.7424261800157108,2.815287693598947,57.24452833200691,57.34775428972842,draining,1
20.06157898902893,57.07405589100001,55.382313862666265,1.5657715752416261,2.797040374961179,57.246089983144685,57.34931875690712,draining,1
20.062615871429443,53.622771081,55.41952578754083,1.4464333517676804,2.77877924805397,57.29892500940976,57.40224905771364,draining,1
20.099806785583496,52.776646250999995,55.45035984435002,1.394853423073122,2.7605057684779903,57.35177397414376,57.455193322123584,draining,1
20.1373770236969,56.192171901,55.47684661631041,1.4184885937904956,2.7422213821217007,57.40643320225624,57.50995111426191,draining,1
20.174565076828003,59.475178311,55.50170253089589,1.5211236477958956,2.7239275090084374,57.40806251441566,57.51158336447171,draining,1
20.175575971603394,56.305759821,55.52821241318756,1.7023813085814905,2.705625527805507,57.476126597138055,57.5797701834683,draining,1
20.21277093887329,53.52232991100001,55.55998498573091,1.9574731135772214,2.687316762144921,57.5550104682384,57.65879630158125,draining,1
20.25002694129944,53.26097252100001,55.600576439826796,2.277220141917035,2.6690024696210437,57.557490692440894,57.66128099823772,voiding,1
20.251034021377563,57.204471651,55.653056395425324,2.6483548076222645,2.6506838340211054,57.66096078023998,57.76493766804246,voiding,1
20.287323713302612,56.459313861000005,55.71963306560395,3.054095795308807,2.6323619610419127,57.78365206975805,57.887850200118265,voiding,1
20.324906826019287,53.380345010999996,55.80142716925,3.4749690239352584,2.614037877476931,57.91960300182943,58.02404628514269,voiding,1
20.361825942993164,53.72794508100001,55.898429663040886,3.8898296611241867,2.5957125336417817,57.92690376532457,58.03136021370925,voiding,1
20.363613843917847,58.911445671,56.009634759966396,4.277024994353685,2.577386808654122,58.08860832628901,58.193356367750965,voiding,1
20.39998197555542,59.40944456100001,56.1332952543995,4.615626548811335,2.5590615180978706,58.26625341473028,58.37132179395941,voiding,1
20.437371969223022,56.045454170999996,56.267199780907355,4.886653126362205,2.540737423575874,58.27335541454964,58.37843660043042,voiding,1
20.43879795074463,53.608046721,56.40886883307921,5.074205007848778,2.5224152436765492,58.458373056334544,58.56378787450866,voiding,1
20.474931955337524,54.621398211000006,56.55563534188268,5.166433629878216,2.5040956659318963,58.6561516690535,58.76192313068874,voiding,1
20.513251066207886,59.272718360999995,56.704658252349724,5.156280453340973,2.485779359407961,58.84354423901956,58.94965361552751,voiding,1
20.55000114440918,59.404711731,56.852933971380644,5.041932945805587,2.467466987626968,58.84831480119018,58.95443278019453,voiding,1
20.550967931747437,55.96394432100001,56.99732591791742,4.826963722246117,2.4491592215592592,59.02945696101085,59.1359015838618,voiding,1
20.58972692489624,53.351948031,57.13460621932623,4.520139755144782,2.430856752434859,59.18163056934964,59.28834959862717,voiding,1
20.62489104270935,56.273155881,57.261534185738455,4.134910779469001,2.4125603041075996,59.18666493912965,59.29339304661355,voiding,1
20.62617802619934,60.308156391000004,57.37502664334141,3.688608044449759,2.3942706446649042,59.31117474347993,59.41812737275088,voiding,1
20.662320137023926,58.619587821,57.472439291008776,3.201404824725909,2.375988596924987,59.42198429982814,59.52913674597089,voiding,1
20.699904918670654,55.678396911,57.55189963250682,2.695107087448554,2.3577150474158834,59.513942595261426,59.6212608648181,voiding,1
20.737539052963257,57.380638100999995,57.61259013436918,2.191855089936438,2.339450953404495,59.51637283475865,59.623695486634595,voiding,1
20.738783836364746,60.96444215100001,57.6549006840036,1.7128234176930792,2.321197347553956,59.5701017751056,59.677521313469846,voiding,1
20.77472496032715,58.745796621000004,57.68040970311443,1.277007418045814,2.302955339845143,59.611288811284034,59.718782620000034,draining,1
20.812560081481934,55.283994411,57.69168864515063,0.9001779547688346,2.2847261165066737,59.61227493198742,59.71977051892148,draining,1
20.81387996673584,53.713220721000006,57.69197425212577,0.594074216731615,2.266510935852504,59.630652366521375,59.73818109248786,draining,1
20.85216784477234,58.853599971,57.684808353451004,0.36588676707815465,2.2483111211134057,59.64071443933092,59.74826130968836,draining,1
20.886630058288574,61.07645246100001,57.67374740225305,0.21806137686820798,2.2301280505470307,59.6477107381751,59.75527022457934,draining,1
20.92480993270874,58.77682295100001,57.66217199592795,0.14843007709456937,2.211963145295588,59.64788315736519,59.75544295468362,draining,1
20.925962924957275,55.183553241000006,57.65315135010653,0.15065118786468762,2.193817855605892,59.6545929893876,59.76216488618273,draining,1
20.962671995162964,54.07028645100001,57.64931842714528,0.2149168848111273,2.1756936461158856,59.66537913642125,59.772970483291175,draining,1
21.002342700958252,59.606119940999996,57.6527671116443,0.3288670896563573,2.1575919809385082,59.66549542043118,59.77308697698976,draining,1
21.002630710601807,61.49241563100001,57.66500183740848,0.4786337182560843,2.1395143092448805,59.68511834513338,59.79274528664935,draining,1
21.037405729293823,58.80574580100001,57.68692104575538,0.6499307191057259,2.1214620519811276,59.712886665210604,59.82056367983431,draining,1
21.074954986572266,54.390015411,57.71877346204411,0.8291035995390054,2.1034365902679815,59.713975599373626,59.82165457761333,draining,1
21.07614302635193,54.312712521,57.76006382343632,1.0040575145238062,2.085439255948504,59.75356828394324,59.86131865752679,draining,1
21.11264991760254,62.326445451000005,57.80946580799549,1.164995133526699,2.067471324678598,59.80271319255383,59.91055218648951,draining,1
21.15244483947754,59.210665701,57.864827948514844,1.3049134022891935,2.0495340118994614,59.850307651798005,59.95823247024445,draining,1
21.187379837036133,53.973526371,57.923314396445406,1.4198304116666989,2.0316284719828346,59.85264914965243,59.96057819039514,draining,1
21.188978910446167,54.41262782100001,57.98167949091227,1.5087378951149337,2.0137558007838345,59.90792082432711,60.01594953348739,draining,1
21.22484588623047,60.749887191000006,58.03666781848894,1.5732991858518508,1.995917041755359,59.967683056769886,60.07581953192736,draining,1
21.262306928634644,63.596421501,58.08550421122926,1.617334528927958,1.9781131956598896,59.96963135946283,60.07777134788903,draining,1
21.263500928878784,59.29217555100001,58.12636518880956,1.6461534016806398,1.9603452337556901,60.029602762085474,60.13785089369413,draining,1
21.299715995788574,53.30093864100001,58.158687735929284,1.665805279606821,1.9426141141424826,60.09232296973281,60.20068420129515,draining,1
21.33718180656433,53.96195723100001,58.18324770285207,1.6823249942972807,1.9249208007430605,60.155879594517195,60.264355434298935,draining,1
21.374751806259155,60.509564601,58.202061026711476,1.7010460624313055,1.9072662841927253,60.15801177076285,60.266491455382535,draining,1
21.375996112823486,64.508805951,58.218187981325116,1.7260454707587298,1.8896516037289908,60.22179985104482,60.33039456125508,draining,1
21.41259479522705,60.953398881000005,58.23543312491301,1.7597674652699957,1.8720778690376148,60.29281947069937,60.40154224674351,draining,1
21.45246410369873,53.135289590999996,58.25786783782569,1.8028536273429887,1.8545711530101974,60.293441139489914,60.402165036555715,draining,1
21.45280408859253,52.840276521,58.28917596022948,1.8541840933266174,1.8371324756925873,60.35788418035226,60.466724284063574,draining,1
21.48703408241272,59.839080351,58.331973664339685,1.9111125760718761,1.819762954027709,60.431461368781214,60.54043415025167,draining,1
21.524950981140137,65.187704121,58.38731327987184,1.969858225780984,1.8024638033620517,60.50647740410202,60.615585457926294,draining,1
21.562497854232788,54.644536491000004,58.45449036590797,2.0260023688256097,1.7852363367023873,60.50874727891759,60.617859425884184,draining,1
21.563604831695557,52.508978421,58.53115402810325,2.0750292996749775,1.7680819613298164,60.58519696652616,60.6944469710741,voiding,1
21.600114822387695,58.189952031,58.61368503906023,2.1128483830785547,1.75100217235099,60.66424514700917,60.773637694859914,voiding,1
21.637321949005127,65.414879961,58.69780273283504,2.1362397712306676,1.7339985427693732,60.666787205860125,60.77618433766793,voiding,1
21.63850998878479,64.015539891,58.77928936454797,2.1431772894907923,1.717072709704992,60.74485539356896,60.854393301511685,voiding,1
21.675023078918457,56.333105061000005,58.85462789242477,2.132998045056107,1.7002263564896989,60.82443500588199,60.93411641542976,voiding,1
21.712565898895264,52.40327855100001,58.921380190083916,2.1064071121583527,1.6834611905236803,60.90750056562221,61.01733176279524,draining,1
21.752388954162598,56.856871581,58.97830001961404,2.065325025549019,1.6667789170000038,60.908016346335835,61.017848473588295,draining,1
21.752641916275024,63.762070551,59.025310884020506,2.0126035518351015,1.6501812088833832,60.98121455271955,61.09117867433335,draining,1
21.789571046829224,64.26322466100001,59.06344484884424,1.951649344738391,1.63366967385548,61.048060734425896,61.15814539613895,draining,1
21.824408054351807,58.941946131,59.094702882403176,1.8860041427498586,1.6172458192922878,61.04970018732876,61.15978780537844,draining,1
21.82529306411743,53.913051321000005,59.12174535282322,1.8189332862956868,1.6009110166924967,61.11564250026357,61.225849028514894,draining,1
21.86221480369568,55.626861651000006,59.147423113286756,1.7530713748097468,1.584666467296997,61.18016362103573,61.29048649672985,draining,1
21.899691820144653,62.21338340100001,59.17429252725439,1.6901654079264599,1.5685131708944944,61.24266347399558,61.3530990522897,draining,1
21.93732976913452,63.630603051,59.20426891746349,1.6309429222150664,1.5524518999632233,61.244457866058106,61.354896680082256,draining,1
21.938449144363403,55.92608168100001,59.23846530627242,1.5751170588022692,1.536483181324935,61.30081944154485,61.411359889345675,draining,1
21.97485089302063,56.315751350999996,59.27717167852747,1.5215240403641352,1.520607287362364,61.359581560376334,61.47022797072364,draining,1
22.014158010482788,60.338130981,59.31993244306847,1.4683730889815458,1.5048242385623238,61.36002371580731,61.470670923469555,draining,1
22.014464855194092,62.553621291000006,59.36571246101843,1.4135760839333198,1.4891338186918242,61.41242965274535,61.52317136119551,draining,1
22.052320957183838,60.02050550100001,59.413124786723415,1.3551155765148823,1.4735356033059581,61.45900575026803,61.5698314468724,draining,1
22.08751893043518,57.060383271,59.46065393444029,1.2914059825580246,1.4580290015498538,61.46101229792437,61.57184161282746,draining,1
22.089115858078003,58.642726101,59.50681901785872,1.2216041282763241,1.4426133103928993,61.503453436675066,61.61435928338516,draining,1
22.124969959259033,60.917113851,59.55027514042379,1.1458315263733054,1.4272877795738013,61.543787500295416,61.654766079238044,draining,1
22.161453008651733,61.113263361,59.58988166667034,1.0652809925499314,1.4120516847001767,61.58320145202323,61.694251104010455,draining,1
22.199953079223633,59.090241471000006,59.624750946635096,0.9821932661898454,1.3969044052001374,61.58441692398563,61.695468767767615,draining,1
22.201244831085205,57.006218661,59.654275581633534,0.8997037119457804,1.3818455032278747,61.64797603554281,61.75914249202847,draining,1
22.27509593963623,59.077620591000006,59.67814684790888,0.8215734037055525,1.3668747992357093,61.648816324393174,61.759984296126206,draining,1
22.276164054870605,62.486835801000005,59.696390476985975,0.7518314562168479,1.3519924397848586,61.648925970835215,61.760094140287734,draining,1
22.276315689086914,61.691194491,59.70942066770683,0.6943651174682349,1.3371989533037507,61.67354012067669,61.78475267549258,draining,1
22.31286597251892,57.515260821000005,59.718071855389645,0.6524999424027537,1.322495289924936,61.696828188847824,61.80808273777582,draining,1
22.34922194480896,56.089627251,59.72356727162787,0.628613817138305,1.3078828422279225,61.722230800296465,61.833531156377944,draining,1
22.389786958694458,62.844427401,59.72742615594205,0.6238256135662834,1.2933634446538675,61.744476857986946,61.85581732917947,draining,1
22.425052881240845,63.53068775100001,59.73133527364685,0.6377921797139772,1.2789393504883242,61.769024047048376,61.88040878285752,draining,1
22.462631940841675,58.855177581,59.736986931491984,0.6686369498158848,1.2646131865638102,61.76971680229695,61.88110278731411,draining,1
22.463634729385376,55.041042471000004,59.74587326952546,0.7130207344951593,1.2503878871368277,61.769968284398516,61.88135472289974,draining,1
22.463974714279175,57.849714141,59.759074199623264,0.7663514738406324,1.2362666096597896,61.798567724013814,61.91000573433562,draining,1
22.499960899353027,62.387446371,59.77712757819646,0.823116237538359,1.2222526363121666,61.83047023799816,61.941965776395676,draining,1
22.53748393058777,63.417625701,59.800036384306594,0.8773068324834981,1.208349266097667,61.86425366725841,61.97581012548428,draining,1
22.575016736984253,60.57003965100001,59.827366619066694,0.92290117239478,1.1945597029871777,61.86549098341914,61.97704967283024,draining,1
22.576334953308105,57.037770861000006,59.85833510708183,0.954356965509619,1.1808869459387645,61.90122657527473,62.01284970474327,draining,1
22.613531827926636,56.732240391,59.89184121285074,0.967072843960521,1.1673336866248987,61.93657737231629,62.04826424796263,draining,1
22.6502628326416,60.388614501,59.92649359555829,0.957774968719311,1.1539022203352052,61.9377380711583,62.04942703982999,draining,1
22.651495933532715,63.073180851,59.96071008185115,0.9247941711929004,1.140594374816631,61.9720309435443,62.08378175069555,draining,1
22.68974781036377,61.133246421,59.99290001267288,0.8682092172398207,1.1274114608020633,62.00129225086659,62.11309582334862,draining,1
22.725043773651123,58.75158119100001,60.021656884045804,0.7898448261686393,1.1143542467245295,62.02911664808913,62.14097039479977,draining,1
22.762568950653076,58.589087361000004,60.0458814210435,0.6931273778579483,1.101422958696097,62.03001178143738,62.14186714229351,draining,1
22.76397204399109,61.221066711,60.06481512393198,0.5828153181863124,1.0886173053395145,62.04886212190081,62.16075147455501,draining,1
22.799964904785156,60.505357640999996,60.0780184701645,0.46463353959041975,1.075936525593391,62.06409374331461,62.176010562326795,draining,1
22.837597846984863,58.875686511000005,60.0853341511242,0.3448498822990314,1.063379456264151,62.06448252555739,62.17640004563954,draining,1
22.838950872421265,59.406289341,60.086856139929075,0.22983590307950366,1.0509446149581485,62.07074693217934,62.18267574852669,draining,1
22.874194860458374,61.675418391,60.082910433127125,0.12565205221969142,1.03863029316907,62.073879572765236,62.1858140380337,draining,1
22.912551879882812,61.375146621000006,60.07404225993793,0.03768913710658159,1.0264346537734899,62.07403126529384,62.185966004101225,draining,1
22.950126886367798,59.140724991000006,60.060994523218966,-0.02961501854781539,1.0143558270324444,62.073976523164134,62.185911163258,draining,1
22.951194047927856,57.979078161,60.04467037913379,-0.07297887492007603,1.0023919994151587,62.07100716808947,62.18293645370615,draining,1
22.987541913986206,58.603285851,60.02610185612356,-0.09040651171543287,0.990541490133393,62.06778954015858,62.17971302360106,draining,1
23.0250301361084,61.751669541000005,60.00645945937663,-0.0812542259106818,0.9788028111588396,62.0677007471158,62.1796240704426,draining,1
23.02642297744751,62.91436811100001,59.98710117793408,-0.04624492317994644,0.9671747076293976,62.06709423706337,62.17901646670344,draining,1
23.062438011169434,60.895553181000004,59.96959828575035,0.012563985540811909,0.9556561768559152,62.06904966712545,62.18097542288665,draining,1
23.099889755249023,57.757686891,59.95565785172349,0.09185999310878545,0.944246465532511,62.07434516711759,62.18628047196714,draining,1
23.13784098625183,57.914922021,59.94692080998683,0.18720868804939883,0.9329450461408737,62.07460531056826,62.1865410845204,draining,1
23.13892388343811,60.265035051000005,59.94470145630654,0.293249575143916,0.9217515748342535,62.0871697255452,62.19912815622641,draining,1
23.174965858459473,61.825291341,59.9497693293195,0.40396055107682494,0.910665834210021,62.1041860540991,62.21617516940403,draining,1
23.21208095550537,59.22907115100001,59.962235605626674,0.5129886102231525,0.8996876652622247,62.10482328250543,62.21681354688983,draining,1
23.21321177482605,58.86885020100001,59.981546435754986,0.6140321165626711,0.888816893393806,62.130556086333485,62.24259275328941,draining,1
23.25234079360962,60.407019951,60.00655928307396,0.7012476746524499,0.8780532536250469,62.155940840515186,62.26802328242355,draining,1
23.28685688972473,61.139556860999996,60.03568140324295,0.769646026480142,0.8673963200413998,62.15733817611854,62.26942313776652,draining,1
23.288619995117188,60.102015351,60.067050390201196,0.8154385740613388,0.8568454440802448,62.21843091461633,62.330626041491016,draining,1
23.36259388923645,58.687950921,60.09873129047717,0.8362992241215123,0.8463997054835847,62.21944330023861,62.33164025269346,draining,1
23.363807916641235,59.639249751,60.12890935641778,0.8315142342721578,0.8360578786874767,62.24905091357859,62.3613012558391,draining,1
23.400058031082153,61.030175901,60.15606699911116,0.8020041033452161,0.8258184161508895,62.25006751726906,62.36231969271595,draining,1
23.401367902755737,62.42425727100001,60.17912651885886,0.7502146535983685,0.8192564425473161,62.27594098063101,62.38823981229314,draining,1
23.437551975250244,60.66732560100001,60.19752105923495,0.679887685815387,0.8127320907975439,62.29986915715349,62.41221113720045,draining,1
23.47506809234619,58.439214411,60.211160480238455,0.5957334804838973,0.8062450179856554,62.30049041245396,62.41283351277696,draining,1
23.47619891166687,58.015889061,60.22030563409273,0.5030367458735527,0.7997948651253548,62.31715285796213,62.429526004770715,draining,1
23.512808799743652,60.10517057100001,60.22542000212397,0.40723347801884285,0.7933812807864786,62.33016890374394,62.44256552168297,draining,1
23.548927783966064,62.283849980999996,60.22707474072734,0.31349807421220316,0.7870039442356801,62.341228027119264,62.453644587376544,draining,1
23.58989691734314,61.405121211,60.2259287174899,0.22637780129327245,0.780662586455194,62.34127879548432,62.45369544728944,draining,1
23.59016704559326,58.961403321,60.22274075968434,0.14950561731968545,0.7743570076815675,62.34536800981226,62.45779203547612,draining,1
23.624980926513672,60.033652251,60.21835646567153,0.08541299674044424,0.7680870904724194,62.34763926681337,62.46006738811197,draining,1
23.662564039230347,60.733585221000006,60.2136481920815,0.03545283032539596,0.7618528077255479,62.34766343063931,62.46009159551123,draining,1
23.663933753967285,59.902184751,60.20942761583373,-0.0001698253432525935,0.7556542255011756,62.34725929762215,62.45968673374289,draining,1
23.699949026107788,59.536705101,60.20636343786185,-0.022272488327302813,0.7494915008970501,62.34623053659791,62.45865611760961,draining,1
23.737515926361084,59.51198921100001,60.204928974563614,-0.03249705706005023,0.7433648755653287,62.344994993812456,62.45741834683676,draining,1
23.775206804275513,61.041745041000006,60.2053891613078,-0.03306484299722371,0.7372746657157243,62.344967913348796,62.45739121754037,draining,1
23.776115894317627,61.976216031,60.20781474468,-0.026512233866269736,0.7312212496072478,62.344213316592175,62.45663526006028,draining,1
23.812095880508423,60.750413060999996,60.212090466346424,-0.015433127236563104,0.7252050535875703,62.34387797583898,62.45629931460527,draining,1
23.85002112388611,58.87253129100001,60.21788747783539,-0.002251176057497124,0.7192265377010616,62.34388343029987,62.456304778901895,draining,1
23.851273775100708,57.78766148100001,60.224609808384244,0.010959842648040733,0.7132861817690126,62.34452904144502,62.45695155424266,draining,1
23.889754056930542,60.013669191,60.2313715632508,0.022595584415088247,0.7073844726697913,62.34549007089574,62.45791431666574,draining,1
23.9252347946167,61.857895281000005,60.23706557806539,0.0315763135438688,0.7015218933376748,62.34675075067023,62.45917726975579,draining,1
23.961819887161255,61.450346031,60.24053004018297,0.03734136230749316,0.6956989137824519,62.34679695646752,62.4592235588735,draining,1
23.96301794052124,59.940573261000004,60.24075096062154,0.039793427898092204,0.6899159842311636,62.34825705362359,62.46068628894369,draining,1
23.99998188018799,60.309208131,60.23701422739145,0.039207737520437984,0.6841735303276035,62.34966881864965,62.46210059972916,draining,1
24.037463903427124,60.665222121000006,60.228953905211355,0.03612250903780783,0.6784719502074004,62.34970969999883,62.46214155479747,draining,1
24.03867793083191,60.01682441100001,60.216497706716495,0.031225804556353078,0.6728116132024843,62.3507325487609,62.46316624800732,draining,1
24.074899911880493,59.175958281,60.199750786048966,0.02525088349116091,0.6671928599171533,62.35156957006107,62.46400477866267,draining,1
24.112826108932495,59.06184449100001,60.17887658839879,0.018888596089324635,0.6616160034509473,62.352155972250486,62.46459223827939,draining,1
24.149927854537964,60.410701041,60.15402911263539,0.012721894460139225,0.6560813316080918,62.35216975952665,62.46460605041741,draining,1
24.151313066482544,61.54289915100001,60.12536169739438,0.0071844833592946905,0.6505891100130827,62.352345375895894,62.46478198346613,draining,1
24.187419891357422,61.284696981,60.093092617483315,0.0025431163313687517,0.6451395861295659,62.3523734538718,62.464810112073536,draining,1
24.22630286216736,58.495482501000005,60.05757787211191,-0.0010988863602582409,0.6397329942385215,62.35228493836115,62.464721436947656,draining,1
24.262583017349243,59.099707130999995,60.019351413514826,-0.003780668879072084,0.6343695614584356,62.35210892538437,62.46454510657621,draining,1
24.2999107837677,60.540065061,59.97912875614049,-0.0056500039776264215,0.629049514875743,62.35187203932047,62.464307793348496,draining,1
24.337596893310547,60.805629411000005,59.93779055786361,-0.006921527909219043,0.623773089795232,62.35159614893679,62.464031405466635,draining,1
24.37499690055847,59.657129331,59.896350456933554,-0.007831965684977689,0.6185405390204082,62.351284638840674,62.46371933364123,draining,1
24.41291904449463,60.582134661000005,59.85589071113955,-0.008596962839734795,0.6133521429420781,62.35127314775144,62.46370782183074,draining,1
24.41419792175293,60.018927891,59.817450329879854,-0.009373626843448498,0.6082082200639806,62.35092127079914,62.463355310357784,draining,1
24.450093030929565,58.94457548100001,59.781875266397805,-0.010232216981489498,0.6031091374451173,62.35052046279363,62.46295377959691,draining,1
24.487601041793823,58.351919990999995,59.74967067251065,-0.011139644456856425,0.5980553204095005,62.35050647886465,62.46293977045146,draining,1
24.48881196975708,59.34634016100001,59.720911687904824,-0.011956574976207309,0.5930472607848637,62.35006463026167,62.46249712508683,draining,1
24.525020837783813,60.841388571,59.69525644603647,-0.012448971347695204,0.5880855228995601,62.34960057308055,62.46203223109653,draining,1
24.562500953674316,60.128834721,59.67206253667559,-0.012313875302598634,0.5831707466037112,62.34915977304693,62.46159063619208,draining,1
24.59996485710144,59.56457621100001,59.65056110580064,-0.011218111132136872,0.5783036466926093,62.34914880573904,62.461579649107435,draining,1
24.60105800628662,59.731277001,59.63002328459331,-0.008847417046433022,0.5734850082957109,62.348897552063654,62.4613279423599,draining,1
24.63744592666626,59.94635783100001,59.60986866269862,-0.004962312817902562,0.5687156780435388,62.3488145787984,62.46124481947345,draining,1
24.67500591278076,59.835399261,59.58969506590478,0.0005441394457120606,0.5639965511199985,62.3488196963455,62.46124994624875,draining,1
24.6762638092041,59.518299651,59.569234347340576,0.0075925354193409665,0.5593285546252114,62.34924868850302,62.461679711984594,draining,1
24.712826013565063,58.91197154100001,59.54825812178594,0.015873892003038455,0.5547126279858446,62.34998918172757,62.46242154050047,draining,1
24.749215841293335,58.88515217100001,59.5264725075209,0.024823922236793194,0.5501497014264715,62.35111014181519,62.46354452195471,draining,1
24.787575006484985,59.446255461,59.50344600525857,0.03362156697132976,0.5456406737288582,62.35115627504218,62.46359073837125,draining,1
24.78880786895752,59.50147181100001,59.47860130472297,0.04121764342729535,0.5411863906334555,62.35274058131433,62.465177901537096,draining,1
24.8249728679657,59.961608061,59.45127229066577,0.046397803308458746,0.5367876252641847,62.35451883343923,62.466959360287746,draining,1
24.862695932388306,60.24925895100001,59.42079690909964,0.047881500460502865,0.5324450618798031,62.35459168051044,62.46703233872014,draining,1
24.8642737865448,59.484118101,59.38660245688023,0.04445538747205171,0.5281592840803429,62.356017801095625,62.46846103095134,draining,1
24.900110006332397,58.68321809100001,59.34825062548733,0.03513562930609109,0.5239307683441627,62.35703868277474,62.4694837535311,draining,1
24.937583923339844,58.734227481,59.30543848627144,0.019349290373553808,0.5197598834674915,62.35734713877123,62.46979276574958,draining,1
24.975040912628174,59.61505973100001,59.25797882579404,-0.002879413731037477,0.5156468961551447,62.35732498935584,62.46977057639335,draining,1
24.97635793685913,60.146714300999996,59.20579044597786,-0.03075613354172493,0.511591982696775,62.355621413675294,62.46806392874704,draining,1
25.01286292076111,58.875686511000005,59.14891774803296,-0.0625777347936932,0.5075952463767973,62.352677901245194,62.465115108440386,draining,1
25.050068855285645,57.381689841000004,59.087589055653424,-0.09565037949587642,0.5036567400148364,62.352521885098895,62.46495881095862,draining,1
25.051474809646606,57.413767911,59.022325422294514,-0.12628590894632968,0.4997764928131691,62.34753463305554,62.459962565673756,draining,1
25.08759069442749,59.751260061,58.954107512109736,-0.14989461791135655,0.49595454048875215,62.34167088290537,62.4540882417405,draining,1
25.125289916992188,61.741678011,58.884571313117505,-0.16118607560206114,0.49219095748190056,62.33570571881183,62.448112320989615,draining,1
25.163084030151367,60.792482661,58.816144433191745,-0.15448023297960103,0.4884858898604973,62.33553092607869,62.447937213062204,draining,1
25.16433882713318,58.192055511,58.752007799145204,-0.12411899171894619,0.4848395873874277,62.33208854174604,62.44448862126431,draining,1
25.200752019882202,56.437227321,58.69581720193942,-0.06495447714043669,0.48125243311079163,62.33138200496131,62.44378081042007,draining,1
25.238105058670044,58.689528531,58.65122313919602,0.027124259966320903,0.47772496880080695,62.33150707683709,62.44390610783119,draining,1
25.23948097229004,60.11936906100001,58.62131187165314,0.1546776699857004,0.4742579146255,62.339891369500066,62.45230551943505,draining,1
25.274935960769653,57.09929765100001,58.60810697038251,0.3182765191150318,0.4708521816533591,62.35593839162925,62.468381478290176,draining,1
25.313395977020264,55.823011161000004,58.61223846170585,0.5162016581493981,0.4675088761036643,62.37971280826307,62.49219876604195,draining,1
25.35111689567566,58.01115623100001,58.632846244106325,0.7443411643103696,0.4642292947228147,62.3806388968899,62.49312652463424,draining,1
25.35218095779419,61.379353581,58.667735509916724,0.996325307506445,0.461014911217327,62.42119193640503,62.53375269124928,draining,1
25.388064861297607,61.945715571,58.71372747128941,1.2639103723306395,0.45786735427684866,62.473836419091995,62.58649210488078,draining,1
25.425647974014282,58.811004501000006,58.767080286004344,1.537586304319623,0.45478837832156294,62.473836419091995,62.58649210488078,draining,1
