# expected_volume_mL=140.46,sensor_cal_factor=0.00052587,source_duration_s=25.00
time_s,mass_g,filt_mass_g,filt_inflow_g_s,kz_flow_g_s,cum_volume_g,cum_volume_mL,zone,is_roi
0.0,-0.011113385999998115,-0.013101633819597183,0.1689517598394887,0.08500633820737649,0.006053677866226804,0.006064594135671012,empty,0
0.0372922420501709,-0.029518835999997606,-0.00670578331490671,0.15570975330217351,0.08557849693778853,0.012202464123007625,0.012224468165705896,empty,0
0.07857322692871094,0.06776711400000224,-0.0006175120639688355,0.14218945016267764,0.08615964676949024,0.012241952880821074,0.012264028131457699,empty,0
0.07886528968811035,0.0966899639999994,0.004987520135055081,0.12822337408545798,0.08675129524213984,0.016357297673462813,0.01638679390248729,empty,0
0.1128849983215332,-0.0826317060000008,0.009986549520930818,0.11371548770706168,0.08735514111634837,0.02044171224387895,0.020478573676496643,empty,0
0.15134716033935547,0.149276964000002,0.014304318392943521,0.09867062665247618,0.08797303639010166,0.02068179626207505,0.02071909062520041,empty,0
0.15398716926574707,0.08880191400000115,0.01789771154398324,0.08321059033587172,0.0886069376309287,0.02319668821618263,0.023238517547768615,empty,0
0.18734431266784668,-0.2367116160000009,0.020734153285719918,0.06757522029498007,0.08925884878523606,0.025503484853026663,0.02554947390605757,empty,0
0.2258923053741455,0.008869673999999605,0.022770610509669605,0.0521091769923058,0.08993075837119742,0.027173634996199875,0.027222635740532835,empty,0
0.2632782459259033,-0.02846709599999997,0.023941612211127564,0.03723725209437319,0.09062457452067213,0.027204871707088768,0.02725392877889077,empty,0
0.26430797576904297,-0.08999388599999847,0.02416287065472186,0.023432468409504373,0.09134206166100291,0.027837757508230587,0.027887955828722288,empty,0
0.3008761405944824,0.16505306400000208,0.023351569839065278,0.011181562902317829,0.0920847826895156,0.028064248050074136,0.028114854788693786,empty,0
0.3382101058959961,0.18345851400000157,0.02145755456850129,0.0009516535944770787,0.09285405028277575,0.02806129232653217,0.028111893735255633,empty,0
0.3392140865325928,0.08301734400000171,0.018494894280225525,-0.006839662654065402,0.09365089051078027,0.02771752964286233,0.02776751116295565,empty,0
0.37600016593933105,-0.028992966000000564,0.014563153286792736,-0.011850161823770815,0.09447602122489474,0.027210937522309294,0.027260005532267376,empty,0
0.41544604301452637,-0.10524411599999794,0.009852492873309464,-0.01383526631805111,0.09532984680673254,0.02674203534010551,0.026790257804152985,empty,0
0.45083117485046387,-0.038458626000000606,0.004633492707660071,-0.01266751368445623,0.09621246986655706,0.026730851467698196,0.026779053764474252,empty,0
0.45189523696899414,0.15348392399999966,-0.0007631685760172889,-0.008353575615785836,0.09712371943657941,0.02655902331798201,0.026606915766361462,empty,0
0.4884471893310547,-0.07737300599999841,-0.005972180124683171,-0.0010482833062309734,0.09806319419229446,0.026703363779506592,0.026751516509223194,empty,0
0.5250461101531982,-0.035829275999997634,-0.010621572595234292,0.008935972794455066,0.09903031832586587,0.02671263863881341,0.026760808093381497,empty,0
0.5256631374359131,-0.021630785999999347,-0.014361973663506885,0.021127071633686545,0.10002440695192294,0.027734569313403363,0.027784581560211744,empty,0
0.5621421337127686,0.028326864000000285,-0.0168958566260498,0.03490137097115186,0.10104473739564372,0.029318458033326115,0.029371326420883706,empty,0
0.5996720790863037,0.11194019400000244,-0.018005356611384426,0.04950529171691366,0.10209062242547352,0.031451479070635315,0.031508193819510436,empty,0
0.6372261047363281,-0.11576151599999918,-0.017577269839625796,0.06409217222409615,0.10316148145888841,0.034138423763131844,0.03419998373385278,empty,0
0.6751060485839844,-0.20778876600000018,-0.015622875407886408,0.0777741781222906,0.1042569059811291,0.037375856604146655,0.037443254462178575,empty,0
0.7137711048126221,0.15348392399999966,-0.012288321425822724,0.08968621929034654,0.10537671584879447,0.03740416138234053,0.03747161028084606,empty,0
0.7140710353851318,-0.022682526000000536,-0.007850689874342294,0.09905598165987185,0.1065210037637467,0.03740684074222619,0.037474294472276286,empty,0
0.714097261428833,-0.17676243600000063,-0.0026967654626642835,0.10527219808288092,0.10769016594909771,0.041172297269187044,0.041246541043064563,empty,0
0.7494180202484131,-0.06580386599999954,0.00271547639442116,0.10794273006716064,0.1088849178835628,0.04522101903653857,0.04530256365111057,empty,0
0.7871019840240479,-0.05896755599999892,0.00790981946612174,0.10693497183580626,0.11010629479731317,0.04916490235167499,0.04925355875743838,empty,0
0.8247833251953125,0.4337726340000003,0.012452561260669496,0.10239320983432894,0.11135563744860913,0.04926096613109739,0.04934979576347164,empty,0
0.8257579803466797,0.15874262400000205,0.0160096056415436,0.09473041750739696,0.11263456443939347,0.052542098101186346,0.052636844421144406,empty,0
0.8623521327972412,-0.2140992060000002,0.0183865006938209,0.08459506213155596,0.11394493295231273,0.05551048168637604,0.05561058073169309,empty,0
0.9000670909881592,-0.07158843599999898,0.019542897592360445,0.07281641212559992,0.1152887902747157,0.055583194936716096,0.05568342510189952,empty,0
0.9011592864990234,0.1634754540000003,0.019582140915728314,0.060334199860554355,0.1166683188015283,0.057553692380969544,0.057657475837477004,empty,0
0.9374971389770508,0.06829298399999928,0.018723282558398047,0.04812005980957676,0.11808577737343502,0.05916424028130674,0.05927092795161966,empty,0
0.9752950668334961,-0.22146138599999787,0.01726360180445944,0.03709878639035149,0.11954344181367867,0.05919611884253896,0.059302863997734885,empty,0
0.9762732982635498,0.13875956400000078,0.015537956346735306,0.028077122403474066,0.12104354738807625,0.0601412998811972,0.06024974943017151,empty,0
1.0142600536346436,-0.020579045999998158,0.01388012703089451,0.021686592840154145,0.1225882356470535,0.06087529826761665,0.060985071396129686,empty,0
1.0509309768676758,0.08406908399999935,0.01259018513968564,0.018345035584094865,0.12417950773916461,0.06155957237040438,0.06167057941334841,empty,0
1.08833909034729,-0.15204654599999756,0.011910119531146549,0.018239225910974977,0.12581918583980115,0.06158044918741766,0.06169149387639517,empty,0
1.0893943309783936,-0.03898449599999765,0.012008540844472079,0.021328653486255112,0.12750888384571132,0.06246507063122214,0.0625777105101404,empty,0
1.1257259845733643,0.24025247400000183,0.012974319987086378,0.027368356215881715,0.1292499879748925,0.0636520783551179,0.0637668587007793,empty,0
1.1632211208343506,0.15138044400000084,0.014817437739348488,0.0359469343665307,0.1310436474100592,0.06379799361931197,0.0639130370860669,empty,0
1.1667592525482178,-0.22566834599999908,0.017474001869096097,0.04653459882353201,0.13289077465651056,0.06558150001765277,0.0656997595849056,empty,0
1.2007081508636475,-0.062122775999998936,0.020813822134741984,0.05853546158135601,0.1347920548714964,0.06803520574556196,0.06815788994746741,empty,0
1.2384941577911377,0.03305969400000208,0.024652570818520868,0.07133831590551919,0.13674796307664377,0.07108247866207643,0.0712106578461996,empty,0
1.277637243270874,-0.030570575999998795,0.02877201718346574,0.08436085186151732,0.1387587878972444,0.07109824682399213,0.0712264544419877,empty,0
1.277811050415039,0.24130421399999946,0.032948554841014374,0.0970834954517214,0.14082466028740356,0.0749557142603196,0.07509087784043239,empty,0
1.3152341842651367,0.0009816240000013465,0.036984938322433755,0.10907066853566569,0.14294558559964093,0.08334603100639196,0.08349632439029449,empty,0
1.3884961605072021,0.03516317400000091,0.04073724362954879,0.1199790289049233,0.14512147733958672,0.08349051047714848,0.08364106439305598,empty,0
1.3896541595458984,0.17031176400000092,0.044130226815674516,0.12955394293447398,0.1473521910059079,0.0835089511880743,0.08365953835711712,empty,0
1.3897922039031982,0.07723277400000228,0.047157999956285356,0.1376168605165252,0.14963755654465352,0.08872550387784126,0.08888549777383416,empty,0
1.426833152770996,-0.05791581599999773,0.04987123028455185,0.14404723552946205,0.1519774081353841,0.0941136534662528,0.09428336352058987,empty,0
1.4636361598968506,-0.09945954599999851,0.052355971050446,0.14876305412897814,0.15437161026118973,0.09427200682028027,0.09444200242464462,empty,0
1.4646902084350586,0.06198254399999925,0.05471183792269699,0.1517038566200921,0.15682007928179278,0.09975615013270707,0.09993603499569934,empty,0
1.5007081031799316,0.057249714000001006,0.05703673276857742,0.1528194005704155,0.15932280001312538,0.10549152579767009,0.10568175295298546,empty,0
1.5383312702178955,0.10300040399999943,0.05942109475358947,0.1520659196460195,0.1618798371023962,0.10564494846735994,0.10583545228146658,empty,0
1.53934907913208,0.08669843400000232,0.061949102489970743,0.14941045288658938,0.16449134125942322,0.1110639185437407,0.1112641940931083,empty,0
1.576181173324585,0.21448484400000112,0.06470066155814846,0.14484216539018957,0.16715755064879728,0.11630876999274993,0.11651850329868757,empty,0
1.6132171154022217,0.1014227940000012,0.06774789465965417,0.13838818625118054,0.16987878795135053,0.12148390964365886,0.12170297499865645,empty,0
1.6517629623413086,-0.052657115999998894,0.07114288872383046,0.13013047720364435,0.17265545375872735,0.12153473410985628,0.12175389111386123,empty,0
1.6521689891815186,-0.08894214600000083,0.07489830901026194,0.12021980097566944,0.17548801706702682,0.12568322252988018,0.12590986027838127,empty,0
1.6883840560913086,0.23657138400000122,0.07896659536051553,0.10888309867422379,0.17837700368448228,0.1295578585666826,0.1297914832365083,empty,0
1.7261292934417725,0.20238983400000166,0.08322410783632267,0.09642153358051503,0.18132298336811017,0.1296667830385625,0.12990060412598928,empty,0
1.727342128753662,-0.06107103599999775,0.08746409335483156,0.08319802533585283,0.1843265564623473,0.13232221915144216,0.13256082864299956,empty,0
1.7620961666107178,0.04568057400000214,0.09140024325478496,0.06961507360830686,0.1873883407375886,0.13467182058592755,0.13491466698650326,empty,0
1.7994801998138428,-0.014794475999998724,0.09468294798092748,0.05608572607368051,0.19050895902715528,0.136587382648925,0.1368336832788269,empty,0
1.838144063949585,0.03411143399999972,0.09693078531476737,0.0430022521104053,0.19368902814583866,0.13659733825362774,0.13684365683593241,empty,0
1.838414192199707,0.24077834400000242,0.0977771130771805,0.030707955527975048,0.19692914944897583,0.13751672843777046,0.13776470490660236,empty,0
1.875054121017456,0.041473614000000936,0.09692613837878294,0.019477195688659434,0.20022990126404172,0.13805551674537284,0.1383044647819804,empty,0
1.9122321605682373,0.22710572400000117,0.09420764928232388,0.009507028015038173,0.20359183330198946,0.13806116443539732,0.13831012265617845,empty,0
1.9133152961730957,0.3874960740000013,0.0896175906041667,0.0009213800239104268,0.20701546303731158,0.1379651380156937,0.13821392307723274,empty,0
1.9496030807495117,-0.14626197599999813,0.08333391559187964,-0.006213872846193102,0.21050127393792456,0.1376263978904618,0.13787457212027832,empty,0
1.9870693683624268,-0.050027765999999474,0.07570319073953248,-0.011868523185761428,0.21509261407575508,0.1371007562465377,0.13734798261524514,empty,0
2.024761199951172,0.24919226400000127,0.06720096228698201,-0.016023018390639816,0.21979657378099857,0.137080922758751,0.13732811336280404,empty,0
2.0259053707122803,0.14349239399999902,0.05837403527286831,-0.01864573641567202,0.2246149365554482,0.13638627092608546,0.13663220890210925,empty,0
2.0621581077575684,-0.012690995999999899,0.049773886535791616,-0.01967698839254117,0.22954942078114277,0.1356502514299139,0.13589486218184121,empty,0
2.1001951694488525,-0.1404774059999987,0.041890267739297125,-0.0190231352997259,0.23460167053718423,0.1356314628738224,0.13587603974536408,empty,0
2.1012511253356934,-0.15888285599999818,0.03509530206503132,-0.01656273779524672,0.23977324754786217,0.13511406328525144,0.13535770715813608,empty,0
2.1372721195220947,0.11299193400000007,0.029608781221185737,-0.01216493062464977,0.24506562485250372,0.13477493371811342,0.13501796605701605,empty,0
2.175199031829834,0.26496836400000134,0.02549121808375193,-0.0057183900309482885,0.25048018275030803,0.13477351529484022,0.135016545075977,empty,0
2.1761820316314697,-0.19832310600000014,0.02266353434485339,0.002832482483769779,0.25601820747391796,0.13507569306553996,0.13531926774748543,empty,0
2.213301181793213,-0.13364109599999807,0.02094623345195667,0.013449020157483229,0.2616808928898878,0.13578903786794924,0.13603389888594394,empty,0
2.249500274658203,0.22763159400000177,0.020109185340453955,0.025963282524786673,0.26746934532610805,0.13703539134901882,0.13728249984874658,empty,0
2.287259340286255,0.2944170839999991,0.01992303503197981,0.0400528362715245,0.27338459140460053,0.13708987917471913,0.13733708592939203,empty,0
2.288403034210205,-0.13627044600000104,0.02020235038192901,0.055231093387042865,0.2794275885345861,0.13937650396342033,0.13962783406473686,empty,0
2.3246731758117676,0.045154704000001544,0.02083144070661283,0.07085745701457402,0.2855992375169696,0.1423361287896395,0.1425927958221193,empty,0
2.3623690605163574,0.010973154000001983,0.02176886884492928,0.08616895843702102,0.2919003965463889,0.14242957248520374,0.14268640801963908,empty,0
2.3633711338043213,0.11667302400000068,0.023033373596414636,0.10033176299045628,0.2983318957852534,0.14629549303234543,0.1465592997719349,empty,0
2.399698257446289,-0.16782264599999763,0.02467803315338197,0.11250757905288146,0.3048945516345751,0.15068775694656078,0.1509594840177928,empty,0
2.437169313430786,-0.024260135999998766,0.02676051308523894,0.12192744279611979,0.31158917984132534,0.16011803614912318,0.160406768332121,empty,0
2.5126442909240723,0.06356015400000103,0.029316493398133258,0.12796409783802695,0.31841660665740984,0.1602538149244548,0.16054279194996476,empty,0
2.5136961936950684,0.13244912400000075,0.03234092165555108,0.13019431580141289,0.32537767739074785,0.16028057715634686,0.1605696024407402,empty,0
2.5139031410217285,0.08880191400000115,0.035777961326733575,0.12844378621168517,0.33247326184876846,0.16483569230008532,0.1651329315769238,empty,0
2.5501623153686523,-0.0789506160000002,0.03951782547309698,0.12280932287213582,0.3397042563499514,0.16492767246921317,0.1652250776089092,empty,0
2.5509402751922607,-0.03109644599999939,0.043399064736114996,0.11365576526366962,0.34707158215054806,0.16882130210623048,0.16912572841738177,empty,0
2.5871191024780273,-0.008484035999998696,0.04721687874355489,0.1015877862347028,0.35457618028555926,0.17241168868345302,0.17272258934427273,empty,0
2.625115156173706,0.39170303399999895,0.05073835710740316,0.0873995547128058,0.36221900294782117,0.17538576142771078,0.1757020250728419,empty,0
2.6624293327331543,-0.11681325600000037,0.05372338937508816,0.07200756710962199,0.37000100163074506,0.175449243415217,0.17576562153397818,empty,0
2.6634182929992676,-0.09420084599999967,0.05594815540976495,0.056373702960437644,0.37792311235489295,0.17721970855571714,0.17753927925838223,empty,0
2.6996240615844727,0.186087864000001,0.05722905136738954,0.04142646589020257,0.3859862384092823,0.17853952756820868,0.17886147822902093,empty,0
2.7376511096954346,-0.033199925999998214,0.057446868116980826,0.02798828377116178,0.3941912311864632,0.17857710319450823,0.17889912161341237,empty,0
2.7393321990966797,-0.047398416000000054,0.05657074311838147,0.01671561629712432,0.4025388698861041,0.17903540064433404,0.1793582454862092,empty,0
2.7763330936431885,0.2591837940000019,0.05467864153621937,0.008056619911908787,0.4110298410969805,0.17941950576930019,0.17974304324714505,empty,0
2.8510231971740723,0.17767394400000214,0.051968066462841814,0.0022286818029918338,0.41966471951325046,0.179419776637735,0.17974331460402226,empty,0
2.851398229598999,0.18766547399999922,0.04874938804186358,-0.0007841750519683639,0.4284439512512601,0.17941937062355903,0.1797429078577029,empty,0
2.851804256439209,0.013602504000001403,0.04541653110504205,-0.0012157625668148349,0.4373678413512671,0.17940699533281115,0.17973051025126344,empty,0
2.8870291709899902,-0.2761518659999993,0.04239656897234788,0.0005131183784218496,0.4464365470197523,0.17949033008288146,0.17981399527437533,empty,0
2.9253382682800293,0.05882732399999924,0.04008812799059961,0.0038375323006775617,0.45565007795405765,0.17949535483550777,0.17981902908786593,empty,0
2.926180124282837,0.058301454000002195,0.03880287764006847,0.008099788594031114,0.4650083046825449,0.179867443051156,0.1801917882700421,empty,0
2.96212100982666,0.08827604400000055,0.03872180529990696,0.012605778896483379,0.4745109752758303,0.18041780252398132,0.18074314017629867,empty,0
2.9997031688690186,0.03516317400000091,0.039871245422286414,0.016682558274619314,0.48415774009541696,0.1811275861114266,0.1814542036780471,empty,0
3.0386853218078613,-0.024260135999998766,0.04211816589211438,0.019733264553782968,0.4939481835245081,0.18115420625165593,0.18148087182093361,empty,0
3.0399832725524902,0.12771629399999895,0.04518246165778432,0.02128545721124512,0.5038818609599821,0.18192545332616616,0.18225350964352452,empty,0
3.0764360427856445,-0.08631279599999786,0.04866436539424829,0.021029410469717534,0.5139583388181781,0.18267917957888885,0.18300859504997882,empty,0
3.1142420768737793,-0.007958165999998101,0.05208519453390385,0.018843920383530166,0.5241772349886011,0.18328813813756994,0.18361865171064912,empty,0
3.15043306350708,0.17977742400000096,0.0549385210871599,0.014808577949896153,0.5345382571031455,0.18373521860210468,0.1840665383711728,empty,0
3.1876721382141113,0.14664761399999904,0.05674655106338096,0.00920278474114912,0.5450412361885417,0.18374434781162816,0.1840756840429054,empty,0
3.1892333030700684,-0.0011218560000010314,0.057114172122831076,0.00249259706128322,0.5556861537193188,0.18374423473494197,0.18407557076231415,empty,0
3.189336061477661,0.14875109400000142,0.0557727909933718,-0.004693423034015546,0.5664731607402216,0.183455759670712,0.18378657550662394,empty,0
3.2247490882873535,-0.005328815999998682,0.05260856931827741,-0.011598607905910618,0.5774025885081928,0.18291570768383705,0.1832455496732489,empty,0
3.2620182037353516,0.04568057400000214,0.04767342161054649,-0.017382599744616842,0.588474950925285,0.18217683778458346,0.18250534740992133,empty,0
3.3003430366516113,-0.0042770760000010455,0.04118005407362913,-0.021175684429408394,0.5996909397998286,0.18215365690514684,0.18248212472966024,empty,0
3.3014132976531982,0.10878497400000242,0.03348355640936695,-0.022142495719623997,0.6110514145951248,0.18140940685576146,0.1817365326144675,empty,0
3.3371121883392334,0.01465424399999904,0.02505188933161634,-0.01955348054646851,0.6225573887334559,0.1807756400684288,0.18110162298981047,empty,0
3.376216173171997,0.05199101400000217,0.016426960516391118,-0.01286095445513441,0.6342100146783306,0.1807657981739944,0.18109176334802085,empty,0
3.377561092376709,0.1640013240000009,0.008178035507093813,-0.0017747119847795563,0.6460105699132913,0.18098008165253282,0.18130643323235104,empty,0
3.4135901927948,-0.3224284259999983,0.0008506699704988799,0.013669734400094391,0.6579604455955665,0.18185220064865085,0.182180124873423,empty,0
3.4509172439575195,0.06198254399999925,-0.005083283050717178,0.0330587892283161,0.6700611391340536,0.18353439395351165,0.1838653515863671,empty,0
3.4888761043548584,0.07197407399999989,-0.009267476168423,0.05557365585840311,0.6823142512830042,0.1836125502516609,0.18394364881953607,empty,0
3.4900290966033936,-0.14731371599999932,-0.01148857472350921,0.07999759060668511,0.6947214876196653,0.18692488470756402,0.1872619562287758,empty,0
3.5258841514587402,0.005714453999999591,-0.011686511591817642,0.10476489096063513,0.70728466354983,0.19131842493375442,0.19166341908811302,empty,0
3.5636260509490967,-0.00743229600000106,-0.009947655393012289,0.1280554114363341,0.7200057113204991,0.19150737187745437,0.19185270674960367,empty,0
3.564995288848877,-0.1657191659999988,-0.006483269523684937,0.14793306906112863,0.7328866869703169,0.19717451273730707,0.19753006685765084,empty,0
3.60150408744812,0.3617284440000006,-0.0015977685447345765,0.16252036010047577,0.7459297747682748,0.2031754027254987,0.20354177792576508,empty,1
3.6375763416290283,-0.0016477259999980731,0.004346615888476542,0.1701946378642309,0.7591372865252356,0.20959284475277717,0.20997079217869885,empty,1
3.675328016281128,-0.19464201599999953,0.01096177780882793,0.16978720857931776,0.7725116532463184,0.20975996045288825,0.21013820922950135,empty,1
3.6763391494750977,0.11614715400000009,0.01785812152812452,0.16076409980961107,0.7860554069434047,0.2152147232135763,0.2156028082684595,empty,1
3.712210178375244,-0.034777536,0.024661665774833367,0.14336783774213033,0.7997711510415226,0.22027845485526681,0.22067567106318053,empty,1
3.750854253768921,0.15190631400000143,0.031026675281419478,0.11870243254406626,0.8136615186599063,0.2203428519772124,0.22074018430896855,empty,1
3.7514750957489014,-0.023208395999997578,0.036646200389084393,0.08874849384985274,0.8277291190713214,0.22293351985918844,0.22333552380203212,empty,1
3.787196159362793,0.10247453400000239,0.041261948634385745,0.05630137980332391,0.8419764737626937,0.22445793715280288,0.2248626899947935,empty,1
3.8247742652893066,-0.23040117600000087,0.04467539139305629,0.024831889478291454,0.8564059446412784,0.22490496093699053,0.22531051987276152,empty,1
3.8634650707244873,0.10562975400000241,0.04676298068772605,-0.0017243951183423267,0.8710196579516862,0.224889533373205,0.2252950644892857,empty,1
3.8649370670318604,0.15663914399999967,0.047497480723862014,-0.019237021304037663,0.8858194282905075,0.22411786563729755,0.22452200524674168,empty,1
3.9008872509002686,-0.0521312459999983,0.0469738382194447,-0.0236928139775869,0.9008066876395477,0.22345154873895567,0.22385448681522307,empty,1
3.9387221336364746,0.18713960400000218,0.04543370135675279,-0.011529544341195684,0.9159824245189728,0.2234570333590518,0.22385998132543758,empty,1
3.940012216567993,-0.015320345999999319,0.0432805129896707,0.02003228468775545,0.9313445274936891,0.2251468001948992,0.22555279522630656,empty,1
3.9764621257781982,0.25970966399999895,0.04107782916609448,0.07268491941295149,0.9468927975679744,0.22920157969554283,0.22961488649122705,empty,1
4.013413190841675,0.025697514000000865,0.03952617255344787,0.14678261115365798,0.9626264989407611,0.23648460982410974,0.23691104971359422,empty,1
4.05095911026001,-0.06107103599999775,0.039417789511407605,0.24117060674039306,0.9785443772178921,0.23694637458758136,0.2373736471524558,empty,1
4.052513122558594,-0.09735606599999969,0.041573789545649775,0.35311653486379857,0.994644703197452,0.25180323679110994,0.2522572999309857,empty,1
4.088249206542969,0.17031176400000092,0.046772395264082584,0.47836025537569626,1.0109253413614128,0.2725523506448006,0.27304382953796896,empty,1
4.126333236694336,0.030956213999999704,0.05567786861656479,0.6112888059879293,1.0273838405316473,0.2734904296916712,0.27398360017198076,empty,1
4.127716302871704,0.20291570400000225,0.06877714531029117,0.7452320347656061,1.0440175425708036,0.30251411547899615,0.30305962280003623,empty,1
4.1635901927948,-0.08683866599999845,0.08632846764577416,0.8728632344981497,1.0608237036490151,0.33725120303777434,0.3378593498675359,empty,1
4.200951099395752,-0.1231236960000004,0.10832587701864224,0.9866787691154835,1.0777996215615904,0.37603794105855426,0.37671602991239656,empty,1
4.238495111465454,0.4674283139999993,0.13448407057873632,1.079522251104232,1.094942761952993,0.3773413852934409,0.37802182457768074,empty,1
4.239666938781738,0.060930804000001615,0.16424679388446994,1.145113097079706,1.1122508761313383,0.4200385450233807,0.42079597778339084,empty,1
4.276417016983032,-0.13311522600000103,0.1968182791566996,1.1785369096534222,1.1297221034643004,0.46361460789313835,0.4644506190073516,empty,1
4.313421249389648,0.028326864000000285,0.23121355292110476,1.1766565390811807,1.1473550521159508,0.46506597198238087,0.465904600262854,empty,1
4.3146750926971436,0.8176577340000009,0.2663196546046059,1.1384079997917393,1.16514885306524,0.504765121489599,0.5056753370963725,empty,1
4.350710153579712,1.488141984000002,0.30095391580180825,1.0649544219669096,1.1831031838615047,0.5420195682771771,0.5429969628102356,empty,1
4.387511253356934,-0.0826317060000008,0.33390211296259403,0.9596832662055022,1.2012182603179307,0.5429052698230952,0.543884261493784,empty,1
4.38850212097168,-1.2747789959999984,0.36392960479686703,0.828046058553935,1.2194947962023777,0.5705833496518251,0.5716122517048939,empty,1
4.425276279449463,0.4758422340000017,0.3897820472800325,0.6772544554171139,1.2379339328326253,0.5925789802461059,0.5936475458285974,empty,1
4.462147235870361,1.512332004000001,0.4102073809156729,0.5158597314345038,1.2565371422004072,0.6091441746770712,0.6102426113775508,empty,1
4.500267028808594,0.8471064540000022,0.4240191786900243,0.3532527770099533,1.2753061087288644,0.6093422476321783,0.6104410415068907,empty,1
4.500984191894531,-0.49438791600000087,0.4301967136865467,0.19912633728367224,1.2942425959248667,0.614071452367415,0.6151787741609046,empty,1
4.537075996398926,-0.7483831260000002,0.4280082486017732,0.06293895982060384,1.3133483049595045,0.6143866073616007,0.6154944974570233,empty,1
4.575627088546753,0.9580650239999997,0.41715310740032585,-0.04658896937275222,1.3326247325632048,0.6143257577838728,0.6154335381525474,empty,1
4.576349258422852,1.346682954000002,0.3979183978079151,-0.1219297676775056,1.352073035550556,0.6093420101139031,0.6104408035603117,empty,1
4.612065076828003,0.3059862240000015,0.37132473985064407,-0.15714812511695533,1.3716939088146203,0.6035817652386314,0.6046701715474168,empty,1
4.6497883796691895,0.06461189400000222,0.33921265846580734,-0.14824638922459876,1.391487482794963,0.5990237892791104,0.6001039764366964,empty,1
4.687504291534424,1.2157413239999997,0.30422153597869095,-0.0934540355620267,1.4114532452900554,0.5989821215848539,0.6000622336053435,empty,1
4.68846321105957,1.396114734000001,0.2696343501897025,0.006548527510993727,1.4315899911287675,0.6018825671036502,0.6029679093404631,empty,1
4.7258782386779785,-0.652148915999998,0.23908979058933325,0.14849321391855394,1.4518958017205543,0.6105928676047327,0.6116939166547113,empty,1
4.7625532150268555,-1.3962549660000008,0.21619529466305432,0.3265064380634579,1.4723680549552263,0.6110316314154235,0.6121334716644194,empty,1
4.763575077056885,1.1032051440000004,0.20410656638217875,0.5322470879446592,1.4930034644035082,0.6344754788081185,0.6356195940774579,empty,1
4.799993276596069,0.8302786140000009,0.20515315591584035,0.7552326715898743,1.5137981453547946,0.6668099347753299,0.6680123570179622,empty,1
4.837189197540283,-1.100190156,0.2205748351275292,0.9833695808294917,1.5347477039846098,0.7097415465784369,0.7110213850715658,empty,1
4.876449108123779,-0.9566276459999976,0.25040651888201576,1.2036762460733545,1.5558473449256105,0.7101573415917914,0.7114379298655494,empty,1
4.876768112182617,0.17662220400000095,0.29352804281869593,1.4031558730494418,1.5770919917637067,0.762837482395022,0.7642130659136667,empty,1
4.912208318710327,2.038727873999999,0.3478697449837,1.5697467121564899,1.5984764145223067,0.8246371648066925,0.8261241883457148,empty,1
4.950087308883667,1.2988287840000012,0.4107242023474845,1.6932590928486606,1.6199953580454014,0.8263543983351759,0.827844518468419,empty,1
4.951080083847046,-0.10997694599999974,0.47907960175245606,1.7662027022771123,1.6416436653420055,0.9590535490730848,0.9607829583982016,empty,1
5.025827169418335,0.1845102539999992,0.5498932417988486,1.7844146822990095,1.6634163903935038,1.0254642723007343,1.0273134364864098,empty,1
5.06343412399292,2.2527569639999996,0.6202632725637983,1.7474173407348552,1.6853088956212519,1.0276526788434082,1.0295057892640835,empty,1
5.064719200134277,0.2065967939999993,0.6875011191388117,1.6584610694926083,1.70731693012193,1.084048199681686,1.0860030050908496,empty,1
5.100157976150513,-0.5616992759999988,0.7491362569149802,1.5242403202191395,1.7294366858511594,1.1391078790057028,1.1411619705526976,empty,1
5.138413190841675,-0.48755160600000025,0.8029031792304168,1.354304723562144,1.7516648301140776,1.1406743971059667,1.142731313470213,empty,1
5.13965916633606,1.530211584,0.846765483085411,1.1602200119946988,1.7739985139446466,1.179707778552752,1.1818350816998118,empty,1
5.176573991775513,3.231401034000001,0.8790090231270303,0.9545607560090416,1.7964353571630673,1.2100181564594132,1.2122001166694183,empty,1
5.212141275405884,-0.32190255599999773,0.8983917230629558,0.7498358024494671,1.8189734120349896,1.234778831218597,1.2370054410124194,empty,1
5.2500221729278564,-0.8714367060000008,0.9043091579626816,0.5574550158222749,1.8416111084638427,1.2353912055560758,1.2376189196113763,empty,1
5.251319169998169,1.8993723240000016,0.8969433448387231,0.3868406213781885,1.8643471844813368,1.2467219123783202,1.2489700584835908,empty,1
5.287198066711426,1.9724682540000025,0.8773807504243474,0.24476780921536945,1.887180606422116,1.2540827793256513,1.256344198883642,empty,1
5.3259642124176025,0.5184377040000001,0.8476819107586315,0.134989673157105,1.9101104835476534,1.2541421634691092,1.2564036901113096,empty,1
5.3265790939331055,-0.3455667059999996,0.8108693807511819,0.0581667056273492,1.9331359820046516,1.2554061237383944,1.2576699296116955,empty,1
5.362561225891113,0.9233576039999996,0.7708003635091356,0.01208817925608468,1.9562562428600723,1.2554845908053456,1.257748538174059,empty,1
5.399614095687866,4.287347994000001,0.7319020985926824,-0.007852768213341747,1.9794703085576901,1.2551845344460644,1.2574479407393953,empty,1
5.43750524520874,2.049771144000001,0.698756097682972,-0.007985038930301376,2.0027770615126,1.2551827421631943,1.2574461452245986,empty,1
5.438519239425659,-1.784347025999999,0.6755386852851757,0.00444994407421222,2.0261751777359627,1.2556727876261693,1.2579370743600173,empty,1
5.475329160690308,-3.159497076000001,0.6653886201577187,0.022175783237282008,2.0496630974098227,1.2568063756357615,1.259072706507475,empty,1
5.512536287307739,0.34542647399999993,0.6698515213565575,0.038758135215909637,2.0732390132674943,1.2568485553285804,1.2591149622606497,empty,1
5.513493061065674,3.169874243999999,0.6885680103287258,0.04941253725305483,2.0969008765418082,1.258705331417349,1.2609750865731808,empty,1
5.550229072570801,1.1479040940000012,0.719293312423352,0.051674979474743726,2.120646419186915,1.2605283577619202,1.2628014002824286,empty,1
5.587607145309448,-2.0393939759999995,0.7582223560176431,0.0458702501746233,2.1444731901230494,1.2605643726520108,1.26283748011622,empty,1
5.588494300842285,2.625598794000002,0.8005306435255356,0.03532157867072395,2.1683786024548573,1.2616949420232972,1.2639700881820248,empty,1
5.625211238861084,2.8922148840000013,0.8410381666177028,0.026261409034166718,2.192359988019105,1.263715625871763,1.2659944158202394,empty,1
5.7004852294921875,-2.8965620759999986,0.8749170571322166,0.02742735733850144,2.2164146552595145,1.2637583174724665,1.2660371844043945,empty,1
5.701597213745117,0.29389121400000207,0.8983716192222418,0.0493571845125835,2.240539946322738,1.266481863908708,1.268765642064424,empty,1
5.737249135971069,4.5423949440000015,0.9092236165028283,0.10342820635529783,2.2647332894220704,1.272312755599914,1.2746070482868304,empty,1
5.775592088699341,3.2082627539999997,0.9073264219075226,0.20071590755936075,2.288992242911478,1.2725328606048154,1.2748275501951667,empty,1
5.776390314102173,-0.2798329559999999,0.8947178264294897,0.35076993621462194,2.313314528124945,1.2888855176383358,1.291209695089497,empty,1
5.812283277511597,-1.291080965999999,0.8754498312010959,0.5604201957891901,2.3376980488258434,1.3151984944485922,1.3175701206657906,empty,1
5.850058078765869,1.3451053440000003,0.8551177901760818,0.8327295197122414,2.3621408960284223,1.352689559135925,1.3551287909596523,empty,1
5.887569189071655,2.460475614,0.8401899090567663,1.1662016972904035,2.386641337941808,1.3540620527637823,1.3565037595309382,empty,1
5.888578176498413,0.232364424,0.8372557309523495,1.5543349347022535,2.4111977957848314,1.4196588786160622,1.4222188725867184,empty,1
5.925639390945435,-1.2521665859999977,0.8522890012452232,1.9855828381516094,2.43580880716562,1.5033438689571221,1.5060547675386917,empty,1
5.963426113128662,0.038844264000001516,0.890003766552146,2.4437502982486294,2.4604729795539737,1.5064142874311206,1.5091307227320383,empty,1
5.964573383331299,2.8012393740000014,0.9533727975491799,2.9088134952534013,2.48518890182527,1.6176643806562914,1.620581427225297,empty,1
6.000077247619629,3.4359644640000013,1.0433453886796151,3.3581152154750296,2.509955127206122,1.7514976467661203,1.7546560276158287,empty,1
6.037639379501343,-1.4509454459999986,1.1587566579446837,3.7678523164680735,2.5347701182503206,1.9001661070330327,1.903592573665631,empty,1
6.075360059738159,-1.2211402559999982,1.2964070705061677,4.114744674548428,2.559632196743381,2.0857362898134033,2.089497385106595,empty,1
6.119062185287476,2.7817821840000008,1.4513153224079678,4.377756797534919,2.5845395020969857,2.223859178681408,2.2278693434997074,empty,1
6.150040149688721,2.150212314000001,1.617157317103931,4.539736106708522,2.6094899612780513,2.2286385997659317,2.2326573830554315,empty,1
6.151087284088135,2.032943304,1.786862353345506,4.588836285141216,2.634481272616826,2.39246256082833,2.39677675899452,empty,1
6.187059164047241,2.480458674000001,1.9532784327823436,4.519609603627283,2.659510905000737,2.5595905403378274,2.5642061113382364,empty,1
6.224814176559448,3.617915484000001,2.1097958388736506,4.333677331741157,2.6845761130375276,2.716770775103135,2.7216697807084103,empty,1
6.2623560428619385,1.6369631939999998,2.250843022176547,4.039919947565199,2.7096739678172383,2.7210146896673297,2.7259213480938986,empty,1
6.263459205627441,0.7918901040000002,2.37221905542193,3.654165996787888,2.734801401972088,2.8454465134934277,2.850577553088988,empty,1
6.299776077270508,1.5770140139999995,2.4712773981239784,3.198396913864377,2.7599552668784413,2.9568674727167545,2.9621994316938034,empty,1
6.337559223175049,3.889264404000002,2.5470007131309784,2.69952167157218,2.7851323991129835,2.9590761660123803,2.964412107806432,empty,1
6.338463068008423,4.642836114000001,2.5999898409887914,2.187806803561314,2.810329692706745,3.0305565927013807,3.0360214312776805,empty,1
6.37528133392334,2.493605424000002,2.632352575659353,1.6950717032202907,2.835544173368134,3.0852701753750447,3.09083367599183,empty,1
6.412402391433716,1.1047827540000021,2.647467597115807,1.2527744166468855,2.8607730706921735,3.1258562522123308,3.131492939503437,empty,1
6.450282096862793,2.248550004000002,2.6496361405545024,0.8901185323638263,2.886013884449247,3.1264751238770168,3.1321129271458794,empty,1
6.451095104217529,2.5919431139999993,2.6436837378195444,0.6323072146622438,2.911264441352652,3.16887526962406,3.174589530779463,empty,1
6.5260491371154785,2.792299584000002,2.634588487784004,0.49905674556045604,2.936522939227881,3.169424056726366,3.1751393074798298,empty,1
6.527143955230713,2.3637155340000007,2.6271839483809445,0.5034606491922824,2.961787976223849,3.1899096550293806,3.1956618463528157,empty,1
6.562625169754028,3.5711130540000013,2.625945019604018,0.6512686112479404,2.9870585635816145,3.2197613692323532,3.225567390535317,empty,1
6.600130081176758,2.586158544,2.6348416729982,0.9406143219767085,3.012334121463064,3.2628434118021477,3.2687271206192623,empty,1
6.637547016143799,1.5128578740000016,2.65724324801883,1.3621954943668078,3.037614458383579,3.2644373886823472,3.2703239718316444,empty,1
6.638524293899536,2.5482959039999997,2.695866510965676,1.8998799408749887,3.062899735821655,3.345729699017857,3.351762872187795,empty,1
6.675212144851685,3.196693614000001,2.752768395373575,2.531685726001409,3.0881904205190884,3.453328927039085,3.4595561280696105,empty,1
6.712555170059204,4.047025403999999,2.829376385393751,3.2310626010709966,3.113487227757718,3.4568674559051007,3.463101037773092,empty,1
6.71353816986084,2.293248953999999,2.926531665795844,3.968387205790759,3.1387910594270427,3.6151469582414975,3.6216659569640326,empty,1
6.750004053115845,2.6008829040000023,3.0445142076264813,4.712576380340015,3.164102940921907,3.812301957008176,3.8191764746625685,empty,1
6.788870334625244,2.9810869140000023,3.1830340182766714,5.432721348695304,3.189423960799018,3.820021266974173,3.826909704442169,empty,1
6.790209054946899,5.180801124000002,3.341192227748491,6.099650037813063,3.2147552166799414,4.048301482246236,4.05560156506335,empty,1
6.825914144515991,3.4123003139999994,3.517422841638357,6.687334564498363,3.24009777015981,4.30865996565094,4.316429538820818,empty,1
6.863480091094971,2.6313833640000013,3.7094296587380433,7.174074882875492,3.2654526125446517,4.584747133841212,4.593014560049301,empty,1
6.90099835395813,2.3279563739999993,3.9141500130605604,7.543406531295947,3.2908206422014388,4.592187706354023,4.600468549743562,empty,1
6.9019691944122314,4.288925603999999,4.127797827050131,7.7846990938392455,3.3162026532806115,4.878846063287842,4.887643822167744,voiding,1
6.938537120819092,4.720664874000001,4.346031612772623,7.893431174987782,3.3415993346706934,5.177727402418342,5.187064117830437,voiding,1
6.976455211639404,5.015677944,4.564248401631526,7.871146242522446,3.3670112773540564,5.185939571418146,5.195291095389848,voiding,1
6.977508306503296,5.358019314,4.777950675751,7.725110621663618,3.392438987900602,5.4490562297927925,5.458882217784805,voiding,1
7.012145280838013,5.578358844,4.983106493669303,7.4677093880751375,3.4178829056712283,5.72537374020386,5.735697996597736,voiding,1
7.050040245056152,4.973082474000002,5.176434164456686,7.1156272695591465,3.4433434213793577,5.984220561532993,5.99501158238128,voiding,1
7.0875420570373535,4.450893564000001,5.355578442173928,6.688869508297207,3.4688208949242227,5.990787767027352,6.001590630161643,voiding,1
7.088560342788696,5.341191474000002,5.519183348704509,6.209681778901134,3.494315670796447,6.207056444575974,6.218249293303921,voiding,1
7.124874114990234,5.745585504000001,5.666887279932569,5.701428768818938,3.519828089792894,6.4123511328244645,6.423914178345487,voiding,1
7.162581205368042,6.937732794000002,5.799260288150667,5.1874882062927865,3.5453584961978204,6.417102400041487,6.428674013265365,voiding,1
7.163543224334717,6.680582363999999,5.91768329678951,4.690211468267235,3.570907239940038,6.578688059168664,6.590551051060573,voiding,1
7.199772357940674,4.771148394000001,6.024160157204469,4.229994070438135,3.596474673490583,6.730772160361893,6.742909397276992,voiding,1
7.237536191940308,5.221818984000002,6.1210706323176485,3.8244900793811234,3.6220611434160754,6.869164936495896,6.8815517296091935,voiding,1
7.275387287139893,7.524603714000001,6.210901471823181,3.4879945609851553,3.647666976566296,6.8728293630791315,6.885222764054429,voiding,1
7.276478052139282,6.516510924000002,6.296005580047699,3.2310083136676444,3.6732924608871014,6.985347426114642,6.997943724819317,voiding,1
7.312249183654785,4.858442814,6.378428985391381,3.059989944899956,3.698937820859686,7.102202256845688,7.115009273538057,voiding,1
7.3509602546691895,4.911555684,6.459830852127551,2.9772922934325448,3.7246031876245063,7.103957448671102,7.116767630405833,voiding,1
7.351549386978149,7.223806074000002,6.541510625111855,2.9812735455809043,3.7502885639936023,7.211980886420261,7.2249858609700075,voiding,1
7.387272357940674,9.127981344000002,6.624530282779476,3.066568212176703,3.775993784809808,7.330148839517732,7.34336689993762,voiding,1
7.42483925819397,7.745469114000002,6.709875222292745,3.224499312730605,3.8017184734726546,7.456058713363167,7.4695038202395985,voiding,1
7.46260404586792,5.505788784,6.798572583356656,3.4436104053751984,3.827461995892918,7.459457168715904,7.472908403842821,voiding,1
7.46355414390564,4.914185033999999,6.891716881986484,3.7102941767093274,3.8532234136189074,7.600807009425534,7.614513133065051,voiding,1
7.500174283981323,7.181210604,6.990417898902697,4.009492826699124,3.8790014383476543,7.756928697985725,7.770916347411065,voiding,1
7.5376362800598145,8.449083174000002,7.095722593996787,4.3254441709494476,3.9047943904422024,7.76147966863127,7.775475524575506,voiding,1
7.53865122795105,8.234002344,7.208542209393142,4.642446072176239,3.9306001643749338,7.937535997520249,7.951849326307603,voiding,1
7.575375318527222,6.653762994000001,7.329574139108511,4.945610493788766,3.956416204165426,8.125028719539486,8.139680143798323,voiding,1
7.612257242202759,6.306162924000002,7.459198300822201,5.221577295474856,3.982239491846406,8.329409648527278,8.344429621846603,voiding,1
7.650528192520142,8.126198994,7.597355683260319,5.459157167236515,4.008066551747032,8.336375464537706,8.351407998935791,voiding,1
7.651782274246216,8.685198804000002,7.743444796307114,5.64987323421034,4.033893472912411,8.545415113469291,8.560824597745233,voiding,1
7.68833327293396,7.192253874000002,7.896273584274037,5.788372309634563,4.059715951277521,8.768233774635446,8.78404505573577,voiding,1
7.72654914855957,6.318783804000002,8.054092399276072,5.872679937292568,4.0855293522953575,8.77477043943735,8.790593507751304,voiding,1
7.727659225463867,7.553000694000001,8.214726331265936,5.9042785357709375,4.111328793617265,8.985787358484059,9.001990942179983,voiding,1
7.763448238372803,9.834750624000002,8.375812132385185,5.887995231803243,4.137109246195022,9.206310574970868,9.2229118162401,voiding,1
7.80108118057251,10.385336514000002,8.535107820347934,5.83169520943602,4.16286565089692,9.212787588204575,9.229400509120993,voiding,1
7.802200078964233,8.958651204000002,8.690798460790067,5.74578721723879,4.188593046496941,9.41829107941686,9.43527457364943,voiding,1
7.838290214538574,7.5719320140000015,8.841713404393346,5.642559650507195,4.21428670380727,9.632310143109258,9.64967956632865,voiding,1
7.8765833377838135,7.920583824000001,8.98741447943169,5.535377564055522,4.239942259877859,9.855081319891234,9.87285245430899,voiding,1
7.917186260223389,9.562875834,9.128173822343468,5.437782169138633,4.265555845668499,9.857355043471943,9.875130277972293,voiding,1
7.917607307434082,10.858093644,9.264883898291627,5.362543889142453,4.291124200473935,10.030846276308276,10.048934358152952,voiding,1
7.950086355209351,9.795310374,9.398924246437549,5.320727002095936,4.316644766687847,10.229268721031683,10.247714607324868,voiding,1
7.987378358840942,7.586130504,9.531988953071773,5.320827508282536,4.342115759231089,10.235829643567643,10.254287360817113,voiding,1
7.988605976104736,8.700449034000002,9.665887929018155,5.368045529692365,4.367536205112992,10.432432865148538,10.45124510633995,voiding,1
8.024907112121582,10.881231924000001,9.80235770939895,5.463748907245458,4.392905950077979,10.639506243164423,10.658691888563839,voiding,1
8.06232237815857,12.500385654000002,9.942915324577724,5.605175622714044,4.4182256310212535,10.855304708760665,10.874879491845988,voiding,1
8.100213050842285,7.688149284000001,10.088759966421712,5.785409463888822,4.443496614723496,10.861125005424828,10.880710283935914,voiding,1
8.101201295852661,8.260821714000002,10.240710768250604,5.993646545611538,4.468720905330036,11.081876684078145,11.10186003213599,voiding,1
8.137362241744995,11.192546964000002,10.399181963164676,6.215750814213345,4.493901024757934,11.323900461738777,11.344320238167478,voiding,1
8.175624370574951,13.612074834000001,10.564203322800486,6.435075737347901,4.519039871736153,11.565000546351154,11.585855085505063,voiding,1
8.212522029876709,10.827593184000001,10.735466664226115,6.633508512975621,4.544140566369179,11.570499952575242,11.591364408510561,voiding,1
8.213341236114502,8.376513114000002,10.912353162841601,6.792673980224603,4.5692062878877655,11.829317498936295,11.85064866653606,voiding,1
8.251158237457275,9.827388444,11.093916282776375,6.895219674543506,4.594240113568222,12.08728509734154,12.109081443940633,voiding,1
8.288487195968628,13.405933794000003,11.278839427624813,6.926092716306764,4.619244866652616,12.095495617977237,12.117306770163532,voiding,1
8.289677143096924,14.701151604,11.465396873659163,6.873714754893537,4.644222980509026,12.682836828912428,12.70570710169548,voiding,1
8.376021146774292,9.937295274,11.651418891779363,6.730963877564642,4.669176385285233,12.68561508525625,12.708490367918504,voiding,1
8.376441240310669,8.310779364000002,11.834257835652211,6.495882542318987,4.694106422007462,12.686089267641245,12.708965405370913,voiding,1
8.376516103744507,10.799722074000002,12.010797339889706,6.1720478660643385,4.719013787551229,12.839550879282152,12.862703746024998,voiding,1
8.402220249176025,14.601236304,12.177581640104158,5.768563974135702,4.743898512266334,13.04154459248844,13.06506170355484,voiding,1
8.438719987869263,14.731126194000002,12.331101898968504,5.299663933134999,4.76875997037528,13.227643779980617,13.251496473633157,voiding,1
8.47563123703003,9.224741424000001,12.46818918887956,4.783938855902266,4.793596921679299,13.232445444209729,13.256306796443328,voiding,1
8.47669506072998,12.215364114,12.586414096847765,4.24324154876665,4.818407581680189,13.377652719552724,13.401775916201888,voiding,1
8.51325011253357,16.977116964,12.684407811010521,3.7013389225289095,4.84318971602258,13.50451030595113,13.528862258015558,voiding,1
8.55010724067688,14.076943914000001,12.762052633705416,3.1824088239123607,4.867940754222584,13.507217939140299,13.531574773733018,voiding,1
8.551026344299316,8.055206544,12.820516470074738,2.7094908989759614,4.8926579169974,13.59812411089774,13.62264487166674,voiding,1
8.587298154830933,9.865776954000001,12.862150931069516,2.3030061572822773,4.9173383511498745,13.678296008233216,13.702961338642774,voiding,1
8.62474012374878,15.088191924000004,12.89032375460511,1.9794554574573597,4.941979265881075,13.748939686633294,13.773732404962226,voiding,1
8.662620306015015,18.650961174,12.90924479061817,1.7503934595077073,4.966578064580002,13.750538003502015,13.775333603989196,draining,1
8.663568258285522,12.424134504000001,12.923762911428506,1.621752836137321,4.991132466543691,13.809334817015875,13.834236442612578,draining,1
8.700141191482544,8.140923354000002,12.939059426294579,1.59356561792903,5.015640613680633,13.871658418685982,13.896672429058286,draining,1
8.73845100402832,11.735244804,12.960217187546602,1.6600969571951205,5.040101158012847,13.872199968212085,13.897214955131322,draining,1
8.738763093948364,16.806209214000003,12.991738025770564,1.8103741559193705,5.064513326685497,13.948865983199104,13.974019217791128,draining,1
8.778699159622192,16.266140724,13.03710099771662,2.029063389740623,5.0888769621870855,14.023975036730938,14.049263711411479,voiding,1
8.81341814994812,9.349372614,13.098403161221997,2.2976208154590076,5.113192536548494,14.116010171608279,14.141464808263153,voiding,1
8.851035356521606,8.479057764,13.176104408089273,2.5956258267416765,5.137461139395182,14.119376915921979,14.14483762364454,voiding,1
8.852260112762451,14.834196713999997,13.268939725185852,2.902193578330898,5.161684440841307,14.229574695013202,14.255234116422763,voiding,1
8.88839316368103,18.339120263999998,13.374079077609784,3.1973621630062614,5.185864631301531,14.355188591069858,14.381074525215245,voiding,1
8.926110982894897,8.870830913999999,13.487546400021955,3.4633567584351597,5.210004341316015,14.359578416113168,14.385472266192314,voiding,1
8.92733907699585,12.352616184000002,13.604817885211583,3.685647605165303,5.2341065453932725,14.492754707472248,14.51888870714511,voiding,1
8.962667226791382,16.798847034,13.721485322938449,3.853739095234284,5.258174454628948,14.643356837486799,14.669762409824484,voiding,1
9.001207113265991,17.044428324,13.83387466091004,3.9616513374163644,5.282211403411922,14.648170822508169,14.674585075644329,voiding,1
9.002415180206299,12.881115534,13.939509184724477,4.008080902991433,5.306220735842135,14.792505539923232,14.819180064038502,voiding,1
9.038479328155518,10.691918724,14.037326938025789,3.9962516889388353,5.3302056975248435,14.944882951807271,14.971832249857014,voiding,1
9.076911211013794,15.061372553999998,14.127633932803468,3.933487920538774,5.35416933815268,15.097970171704587,15.125195523647152,voiding,1
9.11634612083435,17.254776324,14.211848994980695,3.830557722974459,5.378114429734192,15.098267347923544,15.125493235747891,voiding,1
9.116425037384033,14.860490213999999,14.292112306370704,3.7008465300692976,5.402043404485926,15.223594883572867,15.251046767754826,voiding,1
9.150949239730835,11.604829044000002,14.370813501929913,3.559424649573662,5.425958315305135,15.354546734358959,15.382234756921417,voiding,1
9.18846321105957,12.408884274000002,14.450110742241714,3.4220729710626308,5.4498608204299614,15.358363536742987,15.386058441938477,voiding,1
9.189598083496094,14.369853504000002,14.53155346714265,3.3043259812659307,5.4737521924409105,15.475939508868144,15.503846432446549,voiding,1
9.225637197494507,15.312738413999998,14.615919899777133,3.220583156641026,5.4976333502436106,15.5978149722024,15.625941667203367,voiding,1
9.263700008392334,16.025292264000004,14.703307345937699,3.1833297683086417,5.521504911192238,15.716904910153476,15.745246353589938,voiding,1
9.300998210906982,13.302863274,14.793419461395326,3.2024974256052716,5.54536725916504,15.72065419866695,15.749002402992335,voiding,1
9.302154064178467,15.218607684000002,14.885942767628501,3.284984343871825,5.569220623286205,15.84315774573565,15.871726854072982,voiding,1
9.338617086410522,17.439356694,14.980904072103554,3.4343460664859182,5.593065161191521,15.977574750199052,16.006386245440847,voiding,1
9.376561164855957,16.251416364000004,15.078922079409212,3.6506595507515427,5.616901040331201,15.981562101624947,16.010380787041623,voiding,1
9.377613067626953,12.618180534,15.181298219728289,3.930557146907861,5.640728510841104,16.128360570779073,16.157443969924937,voiding,1
9.413426399230957,12.752277384,15.289943084655846,4.2674217944154735,5.664547964012312,16.295824971783777,16.325210350414523,voiding,1
9.45097804069519,17.305785714,15.407188617072341,4.651730310517631,5.688359971334568,16.47840334504055,16.508117957363805,voiding,1
9.488533020019531,18.840800244000004,15.535545058381857,5.071527512630046,5.712165300432044,16.485051638406876,16.514778239237504,voiding,1
9.489789247512817,15.495741173999999,15.677419505976887,5.513009765618068,5.735964905868151,16.693319025973125,16.723421184104513,voiding,1
9.5260910987854,12.509325444000002,15.834783529916729,5.961192252478041,5.759759894658093,16.92503039461448,16.955550385308037,voiding,1
9.563579320907593,16.554843354000003,16.00881088425203,6.400629969237062,5.783551468261821,17.172513680472857,17.203479944372727,voiding,1
9.60102915763855,16.995522414000003,16.199565424227018,6.8161585383506855,5.807340844691908,17.43443976955333,17.465878350584383,voiding,1
9.638421058654785,14.639098944,16.405833730309183,7.193618015494266,5.831129166017427,17.715133562273998,17.747078303219794,voiding,1
9.676573991775513,15.567259494000002,16.62515730590282,7.520521619981176,5.8549173978450355,17.72447995715126,17.75644155194476,voiding,1
9.677795171737671,18.526329984000004,16.85406518647838,7.786632389890256,5.878706228203987,18.023017699469627,18.0555176312058,voiding,1
9.715654134750366,18.526855854,17.08846078896246,7.984414599339572,5.902495973578113,18.307402471847208,18.340415219241844,voiding,1
9.75099515914917,16.664750184000003,17.32408033235628,8.109333514380031,5.926286499579241,18.31602528466504,18.349053581111043,voiding,1
9.752055168151855,16.642137774000002,17.556931476986893,8.159986455519247,5.950077162951064,18.631090231018554,18.66468666701919,voiding,1
9.790718078613281,18.077237004,17.783648679005918,8.138059531880211,5.973866780280914,18.915975616402214,18.950085770789634,voiding,1
9.825919151306152,19.320919554000003,18.00173838977937,8.048116830941582,5.997653627069822,19.215446434954735,19.25009660885067,voiding,1
9.863481283187866,18.902852904000003,18.209702764726195,7.897241089401056,6.021435468791601,19.225345801999723,19.260013826888123,voiding,1
9.864751100540161,17.283699174000002,18.40703428330487,7.694555679001145,6.0452096234052926,19.49946744451732,19.534629778117935,voiding,1
9.900950193405151,16.875098184,18.594092142622905,7.45066597282168,6.068973052629069,19.774292923819182,19.809950835322763,voiding,1
9.938526153564453,19.963532693999998,18.771900645278983,7.177062933465739,6.092722477293044,19.78216693714027,19.81783904742564,voiding,1
9.939646005630493,20.791777944,18.94191890293038,6.885532582268999,6.116454510405433,20.03407623899379,20.070202603680418,voiding,1
9.97704029083252,18.218696034,19.10581120567215,6.58761180289862,6.14016580030876,20.28548069014123,20.32206039885918,voiding,1
10.016072988510132,17.164326684,19.265230121132888,6.294124080380427,6.163853175554748,20.500887723149418,20.537855863704085,voiding,1
10.05107307434082,19.330385214,19.421634056032033,6.01481904908558,6.187513782933918,20.508011608328868,20.54499259499987,voiding,1
10.05228328704834,21.116765603999998,19.576173725884498,5.758128194298522,6.211145210463369,20.72488702249568,20.762259088855618,voiding,1
10.090705156326294,19.942497894000002,19.729663095643964,5.531036973480048,6.234745588027778,20.918391346701352,20.956112348929427,voiding,1
10.12630820274353,19.351945884,19.882611572198172,5.339062283643699,6.258313659713708,20.92359593655418,20.961326323937268,voiding,1
10.127297163009644,20.058189293999998,20.03527645828418,5.186314783892848,6.281848823576324,21.30250762782679,21.340921286141846,voiding,1
10.20114517211914,20.980565274000003,20.187709208937374,5.075619040505548,6.305351136512347,21.30826106943476,21.346685102619475,voiding,1
10.20228624343872,20.275373604,20.339792049341916,5.008661423373747,6.328821283954965,21.488602384346006,21.527351617257068,voiding,1
10.238373279571533,18.730893414000004,20.491275882047624,4.986136389753837,6.352260516126708,21.692079013164424,21.731195164460452,voiding,1
10.279093027114868,20.620344323999998,20.64183776577737,5.007866082971316,6.375670554463311,21.86614426649365,21.905574300234072,voiding,1
10.313627243041992,22.001804814,20.791173598072564,5.072875503665442,6.399053473448695,21.874131136120617,21.91357557215049,voiding,1
10.315185308456421,21.598462524000002,20.93912090749507,5.179415000961416,6.4224115643910595,22.064375271512677,22.10416276448876,voiding,1
10.351407289505005,20.918512614000004,21.08578005748561,5.32493235303281,6.445747188559269,22.267237954818047,22.307391259084397,voiding,1
10.388867139816284,19.843108464,21.2315974144476,5.506006992407405,6.469062627548649,22.272525880250033,22.312688719945935,voiding,1
10.389809370040894,21.467520894,21.377396109561747,5.718267699435163,6.492359938743395,22.48095117623673,22.521489857981095,voiding,1
10.425515174865723,22.702789524,21.52436095454602,5.956321180956806,6.515640823301218,22.71520026349674,22.756161353933823,voiding,1
10.464011192321777,22.549761354,21.67398100296629,6.213721474880003,6.53890651323969,22.95280624861551,22.994195801057412,voiding,1
10.501439094543457,21.349200143999997,21.827939837776974,6.483008558850648,6.562157683008621,22.960035953463933,23.001438542841047,voiding,1
10.502531290054321,20.439970914000003,21.987949800348883,6.755838838908988,6.585394389461127,23.208009841105667,23.249859588364725,voiding,1
10.538524150848389,22.820584403999998,22.155554849236307,7.023220795195274,6.608616042473802,23.482081201274674,23.52442516657451,voiding,1
10.576858282089233,22.738022814,22.331948168072298,7.275856882975076,6.631821406708222,23.485783090321924,23.52813373103779,voiding,1
10.577359199523926,21.823534884,22.517843651998426,7.504579136484014,6.655008633252225,23.760035623268262,23.802880808723966,voiding,1
10.613432168960571,21.607402314,22.713416967565895,7.700852366902763,6.678175318229895,24.054660358673665,24.09803682495859,voiding,1
10.65130615234375,24.115276343999998,22.91831219708426,7.8573070389682504,6.701318584020733,24.34770257327152,24.3916074667116,voiding,1
10.688340187072754,24.502842534,23.131694422948012,7.968255406073752,6.724435177568166,24.648159966722915,24.69260665870859,voiding,1
10.725901126861572,23.820789144,23.35231392071764,8.030140541454594,6.747521579457034,24.662665494537876,24.707138343556277,voiding,1
10.72770619392395,21.815646834000002,23.578550103598893,8.041869321548607,6.770574117048986,24.950321090526575,24.99531265330252,voiding,1
10.763558149337769,22.760635224,23.808435466721498,8.004987407377685,6.79358907500585,24.958573464390472,25.003579908225277,voiding,1
10.764594316482544,24.555429534,24.03969775653074,7.9236663923626285,6.816562796995404,25.243512193574844,25.289032451988422,voiding,1
10.800827264785767,25.069204524000003,24.269862714729154,7.8044894728352485,6.839491773221139,25.53708247398462,25.583132111785833,voiding,1
10.838804006576538,24.650086134000002,24.49642489990945,7.656040660432506,6.8623727095788825,25.843771497936014,25.890374171444616,voiding,1
10.879306077957153,23.625691374000002,24.71705631726186,7.488321763370894,6.885202575626733,26.095149439513488,26.14220540925014,voiding,1
10.913275241851807,25.499366184,24.929812324821114,7.312039079013043,6.907978630055153,26.367621777798142,26.415169082146004,voiding,1
10.950988054275513,26.610529494,25.13330455795177,7.137816064295147,6.930698423851731,26.37554768752848,26.423109284240113,voiding,1
10.95211124420166,23.640941604,25.326820425813423,6.9753976421782875,6.953359782767569,26.629178857968324,26.677197814033583,voiding,1
10.988847255706787,25.717602234,25.510375721687144,6.832915239281166,6.975960771922039,26.87416115350237,26.922621872873545,voiding,1
11.025009155273438,26.232428964000004,25.684697854744382,6.716278717331553,6.998499646363536,27.131427320927553,27.180351954445555,voiding,1
11.063565254211426,26.249782674,25.851146297078845,6.6287522640941345,7.020974792092018,27.138442002207526,27.187379284920382,voiding,1
11.06462812423706,26.139875844,26.01157776721433,6.570756821289008,7.043384662424228,27.37611914850684,27.425485021545626,voiding,1
11.100885152816772,24.839399334000003,26.168166228058713,6.539922989483488,7.065727714645328,27.621852440166226,27.671661430741562,voiding,1
11.138484001159668,25.903234344,26.32319965522765,6.531397143427746,7.088002351660393,27.630388935987686,27.68021331996362,voiding,1
11.139790296554565,28.086120714,26.478883688070777,6.538381491332228,7.110206872870385,27.870920866638656,27.92117898881853,voiding,1
11.176537275314331,27.027544404,26.637171857330348,6.5528678450257045,7.13233943779478,28.11539930035931,28.166098277258378,voiding,1
11.213807106018066,25.238008794,26.799623458419106,6.566506678784721,7.154398045098964,28.117712543955992,28.168415692201958,voiding,1
11.2141592502594,26.969698704,26.967286957744406,6.5715391851826945,7.176380528712965,28.35945612524658,28.41059519660046,voiding,1
11.250973224639893,27.531853734,27.14061939433642,6.561711726117006,7.19828457170301,28.6069936329516,28.65857907528712,voiding,1
11.288780212402344,27.408274284000004,27.31945655797646,6.533090179834725,7.220107737528674,28.852158147633894,28.904185681861243,voiding,1
11.326446294784546,28.291210014000004,27.503035043192792,6.4846966021608825,7.24184751733176,28.8595508754986,28.911591740631735,voiding,1
11.327592134475708,27.383032524000004,27.69005400488038,6.418902255034703,7.263501390998595,29.088319937634306,29.14077332962764,voiding,1
11.363448143005371,26.240317014000002,27.878768985268913,6.3415287866107715,7.2850668989504985,29.326928797648467,29.379812460076607,voiding,1
11.401313066482544,29.820965844000003,28.067126132537,6.261632033614126,7.306541720979619,29.333579204052263,29.3864748587981,voiding,1
11.402381181716919,26.781963114000003,28.252952674523947,6.190968940079353,7.327923757986178,29.570104715965552,29.623426884357396,voiding,1
11.440734148025513,28.228631484,28.434209074761334,6.143175439271508,7.349211212210922,29.789381964948767,29.843099544128197,voiding,1
11.47645902633667,29.665834194000002,28.609287596942,6.132709565757815,7.370402661507753,30.017751724341924,30.071881110340538,voiding,1
11.513573169708252,28.180251444000003,28.777321624285577,6.173637214592191,7.391497123371301,30.026019794585,30.080164089946905,voiding,1
11.514901161193848,29.809922574,28.938454979407833,6.2783556374063165,7.412494104817591,30.259510613793935,30.314075950504844,voiding,1
11.551571130752563,30.192230064000004,29.094016310721862,6.456360099680492,7.433393634796862,30.512325737390526,30.567346961921988,voiding,1
11.589965105056763,27.354109674000004,29.24655608906551,6.713160804485876,7.4541962765710315,30.51380558656136,30.568829479624686,voiding,1
11.590180158615112,29.817810624,29.399730065670347,7.049449609309416,7.474903118381051,30.768276933278194,30.823759700739526,voiding,1
11.625255346298218,31.267634214,29.558039812572524,7.460599432532367,7.495515741722312,31.060860392272286,31.11687075963964,voiding,1
11.663260221481323,28.614620064000004,29.72645502478679,7.9365546212272315,7.516036167596246,31.37100158234316,31.4275712105221,voiding,1
11.701085329055786,29.790991254,29.909947006636635,8.46213978884549,7.536466782166681,31.383577127351884,31.44016943233008,voiding,1
11.702524185180664,30.974724624,30.112972636751948,9.017780254992884,7.556810244271561,31.71698887439355,31.774182402718445,voiding,1
11.738378047943115,29.416571813999997,30.33896399826321,9.580592213305762,7.577069378173759,32.11814210963317,32.17605901586172,voiding,1
11.779091119766235,30.932655024000002,30.58988915877821,10.125768288424316,7.597247055728773,32.120447934225446,32.178368998422606,voiding,1
11.779313325881958,28.898063994,30.865950351610284,10.628157270987106,7.617346072754386,32.47645611833234,32.53501915280739,voiding,1
11.812137126922607,30.729669204,31.16547725173615,11.063918163299475,7.637369024767169,32.90443446120567,32.9637692458482,voiding,1
11.850220203399658,33.239646714,31.485047512330475,11.412120143701948,7.657318187371778,33.33908662795381,33.399205197308966,voiding,1
11.887904167175293,30.783307944000004,31.819821187699432,11.656162658818777,7.6771954064342784,33.351381956476935,33.41152269733213,voiding,1
11.88895320892334,32.720087154,32.16402790174084,11.784903525661933,7.6970020027395885,33.77530824553089,33.83621342970436,voiding,1
11.924912214279175,33.736593864,32.51152078389061,11.79340654487288,7.716738695143212,34.2222307821965,34.28394187757613,voiding,1
11.96298599243164,31.535827914,32.85631560625272,11.683251583244303,7.7364055453150735,34.231399520952515,34.2931271498222,voiding,1
11.963778257369995,33.163395564,33.19305452265449,11.462386478328463,7.756001926091689,34.64485688518826,34.70733007933106,voiding,1
12.000356197357178,35.660752194,33.5173568144261,11.14453804397263,7.775526514269413,35.063086074310675,35.12631343849998,voiding,1
12.038563251495361,32.773200024000005,33.82603599258255,10.748235348595287,7.794977307462559,35.494459500953205,35.55846473748067,voiding,1
12.079560995101929,33.617221373999996,34.11717632116039,10.295528951322366,7.814351663495468,35.497254201089056,35.56126447714792,voiding,1
12.079838991165161,35.370997824,34.39008131882473,9.81051214403699,7.833646359774072,35.84217666555766,35.90680892161657,voiding,1
12.11590313911438,32.971453014000005,34.64512856655203,9.317762559931065,7.852857669256784,36.169195858776995,36.234417810836504,voiding,1
12.151921272277832,36.126673014000005,34.88357444905285,8.840823935116228,7.871981449068119,36.48391560915907,36.54970507830001,voiding,1
12.188428163528442,33.985856244000004,35.10734508928464,8.400838644236725,7.891013237501843,36.79394481252739,36.860293340540366,voiding,1
12.22619915008545,36.415901514,35.31883449353298,8.015423234462382,7.909948355151022,37.090132103305976,37.15701472981965,voiding,1
12.263898134231567,35.134356323999995,35.52071670719094,7.697853793405823,7.928782006162383,37.09847656461099,37.16537423823982,voiding,1
12.264999389648438,35.555578194000006,35.71577100687969,7.456598438445874,7.947509376102074,37.39398889142317,37.46141944642674,voiding,1
12.305063962936401,36.257614644,35.90671966174683,7.29520359314884,7.966125723579033,37.63934659698452,37.70721959225057,voiding,1
12.33888840675354,35.742787914000004,36.09608283469768,7.212512003760798,7.98462646352803,37.64634254028989,37.714228150961624,voiding,1
12.339859008789062,36.08197406400001,36.286058791528525,7.203166202823095,8.003007240827671,37.9101647506456,37.97852609762132,voiding,1
12.376345157623291,36.706181754,36.47843698887997,7.258333231077678,8.021263993642155,38.18233606272765,38.251188201490336,voiding,1
12.413565397262573,37.076920103999996,36.674547316963796,7.366575943059063,8.039393006462788,38.190482259066336,38.2593490874237,voiding,1
12.414660215377808,36.159276954000006,36.87524318594096,7.514793346202382,8.057390953237098,38.46822785124162,38.537595523183356,voiding,1
12.451196193695068,37.324079004,37.08091322322285,7.689156566591958,8.075254931183807,38.7586576097937,38.82854899799008,voiding,1
12.488514184951782,37.777904813999996,37.29151721448842,7.875976966678359,8.092982485901452,39.059280895443074,39.12971438132947,voiding,1
12.52623724937439,36.894969083999996,37.506642999896336,8.062456999423887,8.110571628213016,39.06890497733694,39.139355817809,voiding,1
12.52741813659668,37.940924514,37.72558078519541,8.237290702480214,8.128020842898135,39.369171523804006,39.440163818677625,voiding,1
12.563533067703247,37.876242504000004,37.947411950836155,8.39109746091067,8.145329089114778,39.685889362862085,39.75745277786224,voiding,1
12.60099720954895,37.634868174000005,38.17111012900682,8.516688141785625,8.162495791979072,39.69625845651921,39.76784056954439,voiding,1
12.602208137512207,39.403368984,38.39564942297394,8.609175611886357,8.17952082453034,40.008765666185006,40.08091130653678,voiding,1
12.63838815689087,38.311136993999995,38.620108473775275,8.66595110350207,8.196404479223347,40.34954349301922,40.422303639570444,voiding,1
12.67766523361206,38.653478363999994,38.84375496456294,8.686553475859972,8.213147428207296,40.66239489353668,40.735719188075215,voiding,1
12.713710069656372,39.636329394,39.066097896931275,8.672460177738417,8.229750671992047,40.67229156288845,40.745633703554844,voiding,1
12.71485424041748,38.635598783999995,39.28690325384025,8.626827110785245,8.246215476657412,40.98394649451451,41.05785062564067,voiding,1
12.75113320350647,39.682605953999996,39.50617646998027,8.554200409852765,8.262543300493563,41.305452684192474,41.37993657001851,voiding,1
12.788925409317017,39.974463803999996,39.724118532695826,8.460217393102788,8.278735711803794,41.313218532781434,41.38771642234165,voiding,1
12.789849281311035,40.199010294000004,39.94106208621525,8.351307664996348,8.294794300471441,41.60467914993476,41.679702614641116,voiding,1
12.824995279312134,39.829323684,40.157393189260446,8.234399597845679,8.310720586693137,41.91791478342454,41.99350308898472,voiding,1
12.863309144973755,40.115922834,40.37346769149819,8.11663301557962,8.326515930914816,42.22299429139394,42.29913273030849,voiding,1
12.901156187057495,40.468781604,40.58953777482318,8.005076432380793,8.34218144938701,42.231315559105816,42.30746900331178,voiding,1
12.902202129364014,40.469307474000004,40.805706379501984,7.906446908849588,8.357717939815105,42.51124185133859,42.58790007146723,voiding,1
12.937786102294922,42.114754704000006,41.02191925492155,7.826832383841518,8.373125821279357,42.811789534214704,42.88898971570297,voiding,1
12.976322174072266,40.938383513999995,41.23799061878488,7.771419799860048,8.388405091933215,42.820982097888965,42.898198855829456,voiding,1
12.9775071144104,40.705423104000005,41.453650040432,7.744236775275254,8.403555306988121,43.10359187639572,43.181318249244356,voiding,1
13.013991355895996,41.513685294,41.668600849240065,7.747919125421149,8.418575578224416,43.39335960954452,43.47160850485326,voiding,1
13.051305055618286,42.888835344,41.88258588504822,7.783520281843243,8.433464594827969,43.686833703346096,43.765611804594364,voiding,1
13.088848352432251,42.676909734000006,42.09545323026351,7.850380771428833,8.448220663859878,43.693695662761264,43.772486137809324,voiding,1
13.089717149734497,41.291242284000006,42.30720734373102,7.946075772405399,8.462841767253757,43.9832518057653,44.0625644217244,voiding,1
13.125883340835571,41.834465994,42.5180354089139,8.066456052956617,8.477325631033013,44.29021983884487,44.37008599363341,voiding,1
13.163612365722656,42.769988724,42.72831383450947,8.205792381677576,8.491669801568552,44.60006702191655,44.68049190734978,voiding,1
13.201027154922485,44.077827414,42.93860454521176,8.357026209485324,8.505871723248712,44.91667643366476,44.99767224370343,voiding,1
13.238564252853394,44.149871604,43.14963511061308,8.512120805074654,8.519928811966818,44.925023577910125,45.006034439901946,voiding,1
13.23953628540039,42.498113934,43.362241237557484,8.662498030791456,8.533838519361975,45.24783549566425,45.32942846690468,voiding,1
13.276509284973145,42.594348143999994,43.57726035051565,8.799537588953674,8.547598383743749,45.257771281338904,45.33938216924354,voiding,1
13.277631044387817,43.38157553400001,43.79539624266979,8.915108786542417,8.561206065012932,45.60402166992301,45.68625693240133,voiding,1
13.316281080245972,44.94393530400001,44.017094659432864,9.002100390434311,8.574659362539418,45.9144579445206,45.997252999920455,voiding,1
13.350665092468262,45.562884294,44.24245747027444,9.054912420673766,8.587956216724168,45.92431695861225,46.00712979223828,voiding,1
13.351752996444702,43.145459904000006,44.47119614943147,9.069874886212888,8.601094696687912,46.259689560010735,46.34310715288593,voiding,1
13.388779163360596,43.725494514000005,44.70261666388943,9.045562348232307,8.614072978025145,46.59374144710468,46.67776141765646,voiding,1
13.425837278366089,44.713604243999995,44.93564254089947,8.982979418904169,8.62688931568455,46.92162145736958,47.00623267618672,voiding,1
13.462536334991455,47.541207234,45.168892000908535,8.885600343894293,8.639542017663084,46.93385501020289,47.01848828912331,voiding,1
13.46392297744751,44.469600564000004,45.400809166681945,8.759255083531762,8.652029425252891,47.25524712370144,47.34045995161434,voiding,1
13.50092601776123,44.045223474,45.62982808979238,8.611864196057597,8.664349905033754,47.57530063983324,47.66109060291849,voiding,1
13.5384361743927,46.59832232400001,45.854547920188296,8.453034747248195,8.676501856693337,47.58477929606174,47.67058635149443,voiding,1
13.539568185806274,46.237049634,46.07390807026097,8.293538855881629,8.688483739173984,47.889241003464235,47.975597078205006,voiding,1
13.576611280441284,47.925618204,46.28734721002402,8.144704784526725,8.700294115728187,48.20571752894277,48.292644288662366,voiding,1
13.61577320098877,45.945717654000006,46.49491384340373,8.017757171076022,8.711931716391593,48.20678549975128,48.29371418528479,voiding,1
13.615907192230225,45.24683642400001,46.69729826396264,7.92314757630242,8.723395514348129,48.48297468446676,48.57040140699936,voiding,1
13.650883197784424,47.565397254000004,46.89578303510095,7.8699185751479135,8.734684810863584,48.77895174032085,48.866912182248896,voiding,1
13.68850326538086,46.869671244,47.09213480050174,7.865143840430073,8.745799322079144,49.07532878914532,49.16382367175448,voiding,1
13.726070165634155,49.251336474,47.288460206627896,7.913482920156359,8.756739260127047,49.08564441557576,49.17415789979539,voiding,1
13.727365255355835,46.313300784000006,47.487033445927,8.01688276456374,8.767505400848314,49.378981976288024,49.46802442024447,voiding,1
13.763599157333374,46.075081674,47.69010096388943,8.174448817339853,8.778099130890128,49.68754492200632,49.77714378081178,voiding,1
13.800872087478638,49.69569662400001,47.89968649139602,8.38249717621266,8.788522468108772,49.699390024369656,49.78901024280671,voiding,1
13.802264213562012,47.570655954,48.1174331908692,8.634786681620927,8.798778050915004,50.01602531911205,50.10621650882794,voiding,1
13.838332176208496,47.80782332400001,48.34451193258071,8.922916693302469,8.808869094333733,50.36538525180385,50.45620642336591,voiding,1
13.876808404922485,47.27616875400001,48.58160679348174,9.23686374093638,8.81879931293354,50.711950773185386,50.803396887583034,voiding,1
13.91367220878601,50.74112618400001,48.82897450288931,9.565619185923993,8.828572813217361,50.72072820359031,50.812190145852846,voiding,1
13.914574146270752,48.548774154,49.08655785083922,9.897881452254063,8.838193960354577,51.08555493654638,51.17767475109836,voiding,1
13.950838088989258,50.939905044,49.35411158213248,10.22275108833802,8.847667226091954,51.47615945005366,51.568983620570684,voiding,1
13.988481044769287,48.722311254000005,49.63129130297613,10.53037551467452,8.856997026152223,51.48866707256301,51.58151379739833,voiding,1
13.98965311050415,48.681819264,49.91767529935545,10.812493127093074,8.866187556302512,51.884796142747746,51.97835718568197,voiding,1
14.025870084762573,52.352917734,50.21272229182213,11.062833472980822,8.875242636489691,52.303630741383444,52.39794704606636,voiding,1
14.063366174697876,49.285518024,50.515689469987734,11.277341161674165,8.88416557198812,52.73007377830044,52.82515906461675,voiding,1
14.100886106491089,52.032137034,50.82553760224,11.454205327657842,8.892959039432844,52.74354763386744,52.83865721685779,voiding,1
14.102055311203003,49.71567968400001,51.14084931648467,11.593692837153487,8.90162500400906,53.17280695801868,53.268690601100666,voiding,1
14.138915061950684,49.860293934,51.45979424988974,11.697800753765632,8.910164672065202,53.616392286312106,53.71307582279314,voiding,1
14.176719188690186,54.149815524000005,51.78017899785937,11.769760412244285,8.91857848116537,53.62937503872182,53.72608198629715,voiding,1
14.177820205688477,50.237868594000005,52.099602844206444,11.813440264697181,8.926866127262281,54.051671140854836,54.149139592120655,voiding,1
14.21353816986084,53.51456456400001,52.41570549772892,11.832705976737717,8.935026626418459,54.49523103947343,54.59349933828234,voiding,1
14.25102710723877,51.39373085400001,52.726462306018625,11.830802761694999,8.943058406481352,54.93052751167032,55.02958075703298,voiding,1
14.287853240966797,55.95039440400001,53.03046799857927,11.809825679601273,8.95095942245537,54.94584170113109,55.044922561742226,voiding,1
14.289152145385742,51.597768414,53.327147337168135,11.770338091346048,8.958727288106395,55.386802180235144,55.48667820099694,voiding,1
14.326710224151611,55.663269384,53.61683902207166,11.711186714697936,8.966359415644087,55.81737796457741,55.91803041933221,voiding,1
14.36360502243042,52.832511174000004,53.900724496005424,11.62954446851471,8.973853155177153,55.83731187506259,55.93800027555859,voiding,1
14.36532711982727,52.59008510400001,54.180612224193794,11.521190816996166,8.981205926014715,56.248705392875486,56.35013563702213,voiding,1
14.40125322341919,56.957435454000006,54.45862229812052,11.381015472106135,8.98841533274578,56.66969632851605,56.771885722817125,voiding,1
14.438534259796143,51.919074984000005,54.736828652070535,11.203707301363938,8.995479260294264,57.092015367884756,57.194966307237785,voiding,1
14.476601123809814,58.263696534000005,55.016906293845345,10.98456852913406,9.002395943720913,57.10838345738005,57.211363912422414,voiding,1
14.478109359741211,53.904760104000005,55.29981544500375,10.72037716876667,9.009164010313675,57.48196068014974,57.58561478676592,voiding,1
14.513468265533447,53.853750714,55.58555084399427,10.410210127388693,9.015782493354244,57.87223256213165,57.976590424896465,voiding,1
14.551606178283691,57.921355164000005,55.87299341897319,10.056137076125298,9.022250818750997,57.88227982992217,57.98665581038085,voiding,1
14.552625179290771,52.882994694000004,56.15990634932064,9.663701708545512,9.028568767375196,58.22221517266164,58.32720414011385,voiding,1
14.58858609199524,59.74402058400001,56.443102141460415,9.242122263894286,9.034736417330166,58.56061018558672,58.66620936243911,voiding,1
14.626089096069336,54.354378954,56.718775076355044,8.804166095112448,9.040754071444223,58.57032023020123,58.6759369166512,voiding,1
14.627220153808594,56.282744244,56.98296162760053,8.365681698660172,9.046622175952587,59.173181130578264,59.279884923440456,voiding,1
14.701143264770508,61.24485356400001,57.23207005679177,7.944803413029233,9.052341236593529,59.45644610667424,59.56366069592691,voiding,1
14.737680196762085,54.431155974000006,57.463407213664766,7.560875945121646,9.057911738188082,59.467897085444356,59.57513232362689,voiding,1
14.739228248596191,58.88054204400001,57.675627534311914,7.233174897142601,9.06333407322598,59.72555217576682,59.83325202941978,voiding,1
14.775485277175903,59.01043193400001,57.86904405358346,6.979522635751264,9.068608484091731,59.980983993708534,60.08914445372524,voiding,1
14.812519311904907,55.238366424000006,58.045768518738434,6.814913742074291,9.073735022402573,59.98877031008139,60.09694481074073,voiding,1
14.813667297363281,61.596660594,58.20967050118759,6.750269189571123,9.078713527578406,60.235058704901306,60.34367732408466,voiding,1
14.85004210472107,55.641182844,58.3661567333182,6.7914324830940895,9.083543625316034,60.49149268441963,60.600573717110436,voiding,1
14.887396097183228,61.363174314000005,58.521776860987,6.938504405344864,9.088224745193124,60.76210231119151,60.87167131956674,voiding,1
14.92571496963501,58.36308596400001,58.68366840553467,7.185586908270529,9.092756155275772,60.773655626209205,60.8832454680517,voiding,1
14.927286148071289,57.438080634,58.858870130040536,7.520973149988817,9.097137010434087,61.05351051077011,61.163604999769696,voiding,1
14.963516235351562,62.261886144,59.05356176871458,7.927782598015031,9.10136641015577,61.36342704431435,61.474080389014574,voiding,1
15.001513004302979,55.876246734000006,59.27232148248073,8.385000941054086,9.105443461044619,61.683607955429814,61.794838665026866,voiding,1
15.03862714767456,58.256334354,59.51751874041112,8.868847970928316,9.109367338933636,62.02850964175326,62.14036229388225,voiding,1
15.076480150222778,59.52736214400001,59.78896744027301,9.354366205231573,9.113137345644219,62.414969101913165,62.52751863545699,voiding,1
15.116796255111694,57.79777571400001,60.083934846830786,9.817101932612108,9.116752955871599,62.41895862265571,62.53151535028623,voiding,1
15.117194175720215,65.06687672400001,60.397527027985014,10.234740857719919,9.120213850439018,62.774339108123755,62.8875366741372,voiding,1
15.151327133178711,58.309973094,60.72337482873923,10.588563768032007,9.12351993318326,63.17443929902165,63.28835834404092,voiding,1
15.188627004623413,63.085398564,61.05447538261321,10.864603516528174,9.12667132994006,63.18952124773632,63.303467489216914,voiding,1
15.190003156661987,61.09182539400001,61.38403461999275,11.054411667720801,9.12966836940396,63.59469610711857,63.70937297847984,voiding,1
15.226489305496216,59.881798524000004,61.70619407998647,11.155378750178526,9.132511546950967,63.993628147262505,64.10902439116661,voiding,1
15.262226343154907,66.290576214,62.01657301433383,11.170592638606069,9.135201473741086,64.42104411936562,64.53721109934445,voiding,1
15.300595998764038,58.89526640400001,62.31258945532712,11.108261071063737,9.13773881447479,64.43175867857465,64.54794497953782,voiding,1
15.301566123962402,65.38187285400001,62.593545195496844,10.980762545902595,9.140124217988747,64.82213162494818,64.93902186430394,voiding,1
15.337406158447266,60.723190524,62.86048417316441,10.80342109032681,9.142358245386607,65.24450927139367,65.36216116148434,voiding,1
15.376887083053589,63.074355294,63.115862361143364,10.593121703802248,9.144441300577702,65.24801234846637,65.36567055546621,voiding,1
15.37722134590149,65.735783364,63.36308590154649,10.366892815984171,9.146373567933127,65.60901352908351,65.72732270996144,voiding,1
15.412428140640259,61.043445354,63.6059758793985,10.140579295335893,9.148154961283563,65.99845806882796,66.11746951395307,voiding,1
15.451240062713623,66.684452844,63.848214035247615,9.927715132767615,9.149785087718714,66.36992861214912,66.48960990998711,voiding,1
15.489017248153687,59.996964054,64.09282852006979,9.73868081462398,9.151263228666775,66.38274475144223,66.50244915993011,voiding,1
15.490344047546387,65.482314024,64.34178952593206,9.580199437547009,9.152588339610856,66.72345309476322,66.84377188415469,voiding,1
15.52614140510559,64.228114074,64.59578103150682,9.455191247784692,9.153759068621618,67.43214293608001,67.55373966748148,voiding,1
15.601461172103882,67.010492244,64.8541835310169,9.362972152345893,9.154773792736759,67.44353598325694,67.56515325912336,voiding,1
15.602682113647461,60.811010814,65.11525740296196,9.299751279149508,9.155630670176352,67.44516874797347,67.56678896811609,voiding,1
15.602858066558838,67.93181648400001,65.37648476159826,9.259358698038213,9.156327705514567,67.77547209299563,67.89768793127192,voiding,1
15.63857913017273,65.102110014,65.63501326709866,9.23411890903452,9.156862824281754,68.12548449568727,68.24833149237355,voiding,1
15.676521062850952,68.37144380400001,65.88812996092766,9.215779553441319,9.157233953075684,68.13587955996451,68.25874530150722,voiding,1
15.677650213241577,66.20223005400001,66.13367826440171,9.196407810698684,9.157439101125624,68.46566111377689,68.58912153253546,voiding,1
15.713563203811646,63.60916508400001,66.37034469847598,9.169177932931351,9.157476439367073,68.80290498257325,68.92697353493614,voiding,1
15.750424146652222,68.113241634,66.59779042118342,9.128990415878574,9.157344373421513,69.15303566801506,69.27773559208082,voiding,1
15.788896083831787,65.096325444,66.81665027499803,9.072884046932923,9.157041607393895,69.16243567461697,69.28715254920554,voiding,1
15.789936304092407,70.536450594,67.0284309992878,9.000224039431377,9.156567196053581,69.4866488035964,69.61195031416189,voiding,1
15.826135158538818,66.34263734400001,67.23531739331612,8.912670384307651,9.155920583700391,69.49774721263066,69.6230687363561,voiding,1
15.82738733291626,67.166675634,67.43988221849935,8.813948582193825,9.155101628787046,69.81508632110773,69.9409800852612,voiding,1
15.863606214523315,67.263961584,67.64471901224853,8.709458789681072,9.154110614126889,70.13997925399173,70.26645887997569,voiding,1
15.901133060455322,67.359144054,67.85205993482066,8.605768473097926,9.15294824322319,70.46197099705223,70.58903125330819,voiding,1
15.938758134841919,66.086012784,68.06346582710538,8.510037850740565,9.151615623882744,70.4728633255781,70.5999432233802,voiding,1
15.940044164657593,70.370275674,68.2796629890038,8.42942714940184,9.150114240798825,70.78019335510145,70.90782744450155,voiding,1
15.976631164550781,66.696021984,68.50055816002691,8.370530782134699,9.148445919190282,71.0893089362832,71.21750043706993,voiding,1
16.013630151748657,69.963252294,68.7254107098205,8.338876939139215,9.146612781854465,71.10081606470484,71.22902831567306,voiding,1
16.015010118484497,70.44021638400001,68.95310072221676,8.338522773164561,9.14461720212471,71.39918704857314,71.52793733577754,voiding,1
16.050721168518066,67.99334327400001,69.18241692425234,8.371766259939516,9.142461755217095,71.70775863890626,71.83706535654804,voiding,1
16.087432384490967,70.880895444,69.41230186718354,8.438986647885738,9.140149170306993,72.03088248271914,72.1607718720889,voiding,1
16.125497102737427,66.06655559400001,69.64202581388484,8.538616691812413,9.137682285401123,72.04098414125396,72.17089174639747,voiding,1
16.126671314239502,72.156656064,69.87129478469735,8.667241906866952,9.135064006677206,72.3635394221576,72.49402867377039,voiding,1
16.163562059402466,70.250377314,70.10030728952168,8.819815048950062,9.132297273470762,72.69780320763164,72.82889521902588,voiding,1
16.201099157333374,71.232176604,70.32975519351301,8.989968013623958,9.129385029524677,72.70804527563641,72.83915575599721,voiding,1
16.202227115631104,70.673176794,70.56074488347528,9.170398420833465,9.126330200516765,73.044537028594,73.17625428630936,voiding,1
16.238558053970337,68.711155824,70.7946249335623,9.353304425244968,9.123135677286612,73.75523442002347,73.88823323985521,voiding,1
16.31382727622986,73.368786414,71.03274142960667,9.530838922990041,9.119804303642162,73.76389346221907,73.89690789643265,voiding,1
16.314728021621704,70.247747964,71.27617143448308,9.695553515951326,9.116338867187306,73.76564480648335,73.89866239880119,voiding,1
16.31490731239319,70.56064061400001,71.525491752742,9.840803539929754,9.112742091319237,74.12370070279093,74.25736395791517,voiding,1
16.35107111930847,71.121743904,71.7806333620782,9.961088287794668,9.10901662643544,74.50016285475982,74.63450496369447,voiding,1
16.388692140579224,72.36437471400001,72.04085913231539,10.052305248736953,9.105165038488348,74.51396525044255,74.64833224848984,voiding,1
16.390061140060425,71.833771884,72.30487549659063,10.111903536227704,9.10118979333731,74.882905398542,75.01793768637748,voiding,1
16.42649817466736,75.48383555400001,72.57104716973345,10.138929281503058,9.097093235858166,75.26302118162872,75.39873891166972,voiding,1
16.463998079299927,71.18800352400001,72.83765004501034,10.133964039756007,9.092877563445061,75.6384320424054,75.77482673052033,voiding,1
16.50110697746277,73.633824894,73.1030955593548,10.098965492632626,9.088544794322353,75.65163422801713,75.78805272291838,voiding,1
16.502418279647827,71.819047524,73.36609053460717,10.037027205564845,9.084096731905134,76.01353523639146,76.15060632778147,voiding,1
16.538628101348877,74.288007174,73.62573257908963,9.952080245015848,9.079534927224712,76.3895809360252,76.52733013025967,voiding,1
16.576611280441284,75.414946584,73.88155286130001,9.848563546219891,9.074860642086815,76.40073082085742,76.53850012107536,voiding,1
16.577750205993652,73.754774994,74.13350487315651,9.731091698220466,9.07007481607896,76.74739152268324,76.88578593737051,voiding,1
16.61360812187195,74.99530232400001,74.3818881673806,9.604148141284563,9.065178040726854,77.1058883795191,77.24492925217301,voiding,1
16.65119433403015,71.66181239400001,74.62721249110832,9.47182872634512,9.060170543978138,77.45823345547221,77.59790969291947,voiding,1
16.688658952713013,76.430927424,74.87003843146894,9.337655439807204,9.055052187752782,77.47057629552872,77.610274790151,voiding,1
16.689990282058716,75.149382234,75.11084253046197,9.204473292410645,9.049822480560817,77.80148598208552,77.94178118822433,voiding,1
16.726197004318237,76.14906110400001,75.34993390405259,9.074435479553042,9.04448060619881,78.13891455820138,78.27981823101722,voiding,1
16.76364016532898,74.075555694,75.58741869747337,8.949073594322677,9.039025468371412,78.15089744318895,78.29182272409233,voiding,1
16.76498818397522,76.765380744,75.82319772357087,8.82944159313501,9.033455749840487,78.46823760209132,78.60973512531689,voiding,1
16.80116105079651,74.876981574,76.05699070214528,8.716315035454844,9.02776998349043,78.79253474254585,78.9346170532417,voiding,1
16.83859419822693,78.760531524,76.2883858409675,8.610421438272283,9.021966631625892,79.11812145753218,79.2607908811182,voiding,1
16.876623153686523,74.331128514,76.51690828572582,8.512673900607478,9.016044168991122,79.12788560279205,79.27057263353241,voiding,1
16.87777614593506,76.973625264,76.74209756768677,8.42437883721326,9.010001164503908,79.4279841351988,79.57121231737007,voiding,1
16.913562297821045,77.25706919400001,76.96358958134782,8.34738993875628,9.003836356590675,79.74300154730341,79.88679778331337,voiding,1
16.951444149017334,77.019901824,77.18120191938571,8.284184398638663,8.997548717318683,79.7517839011851,79.8955959739382,voiding,1
16.952507257461548,78.65377991400001,77.39501330273009,8.23784386574721,8.991137501235173,80.3625071493284,80.50742050623963,voiding,1
17.02676033973694,76.10173280400001,77.60541794758342,8.211931131558094,8.984602275893838,80.37487967538073,80.51981534299813,voiding,1
17.02826714515686,79.33110047400001,77.81313832705109,8.210263650530823,8.977942932393585,80.37691871855216,80.52185806306568,voiding,1
17.028515100479126,75.963954864,78.01919368034352,8.236595830454931,8.971159675763161,80.6662266621931,80.8116877000532,voiding,1
17.063517332077026,79.79071085400001,78.22483365521452,8.294232658679716,8.964252996568597,80.98171683371724,81.1277467779175,voiding,1
17.101346254348755,79.02662174400001,78.43144800473547,8.385606605994658,8.957223626562234,81.29687156977245,81.44346981544024,voiding,1
17.13864827156067,78.152099934,78.64045903165909,8.511856834912516,8.95007248240069,81.30789470669029,81.45451282978391,voiding,1
17.139931201934814,77.08405796400001,78.85320649228183,8.672453615587832,8.942800602320517,81.64778717903492,81.7950182118162,voiding,1
17.178693294525146,80.611068054,79.07084785587621,8.86491083668129,8.935409081089446,81.95680580299715,82.10459407232734,voiding,1
17.213125228881836,77.504753964,79.29430318848837,9.084625239974766,8.927899008501312,81.96750220128916,82.1153097588551,voiding,1
17.214287281036377,81.71118809400001,79.52425808559366,9.324872561329906,8.920271416151008,82.31604122496874,82.46447728408009,voiding,1
17.251166105270386,79.485180384,79.76121008553585,9.576978618522135,8.912527236255384,82.67886712572768,82.82795744913612,voiding,1
17.28855609893799,78.47498411400001,80.00552763150701,9.83066846398124,8.904667274963284,83.05324756141997,83.2030129847926,voiding,1
17.326172351837158,81.83581928400001,80.25749548474346,10.074580296219153,8.89669220104577,83.06454238196645,83.21432817267727,voiding,1
17.32728123664856,79.254323454,80.5173341164098,10.296914434978625,8.888602549224379,83.44005029004816,83.59051321383306,voiding,1
17.363417148590088,82.96012934400001,80.78518620701648,10.486172965130747,8.880398735841396,83.84169573329609,83.9928829225567,voiding,1
17.40145516395569,79.931644014,81.0610614632261,10.631934243540732,8.872081083257912,83.85387078395662,84.00507992782671,voiding,1
17.402595281600952,81.74747312400001,81.34473661941986,10.725599711155425,8.863649848419673,84.24008246881573,84.39198804730087,voiding,1
17.438544273376465,80.66470679400001,81.63562710271049,10.761049331512625,8.85510525056071,84.64674831389725,84.79938721087683,voiding,1
17.476380348205566,81.74011094400001,81.93266793106338,10.735146926600624,8.846447493077203,85.077626179169,85.23104205486777,voiding,1
17.51668095588684,83.842013334,82.23424692028598,10.648047524432634,8.837676775204613,85.07920207548263,85.23262079290987,voiding,1
17.51682996749878,80.104655244,82.53822059647496,10.503274753435802,8.828793290219926,85.43658010660609,85.59064326448215,voiding,1
17.551175355911255,83.14576145400001,82.84202506208037,10.307555907815258,8.819797208368481,85.81948976608099,85.97424340420856,voiding,1
17.58875608444214,83.794159164,83.14287883418973,10.07042368138967,8.810688644439905,85.83238989661146,85.98716679684578,voiding,1
17.590054273605347,83.77996067400001,83.43805663336066,9.803614549826351,8.801467611722432,86.18085880097745,86.33626407631482,voiding,1
17.6261203289032,83.24304740400001,83.72519109429125,9.52031214457649,8.792133965769432,86.53228103307208,86.68832000908844,voiding,1
17.663596153259277,83.703183654,84.00254724256183,9.234297694319455,8.782687342845175,86.89363885966115,87.05032945267597,voiding,1
17.703320264816284,86.157944814,84.26921944027092,8.959077181818525,8.77312709893038,87.54813342716884,87.70600423479146,voiding,1
17.777416229248047,84.889546374,84.52521283526595,8.707055448398679,8.763452255653355,87.55043547410476,87.70831043288395,voiding,1
17.777683973312378,83.61220814400001,84.7713877845123,8.488821081469835,8.753661459410136,87.86187603083273,88.02031259350103,voiding,1
17.814757108688354,84.640283994,85.009274812367,8.31259339666942,8.743752959241743,88.16176613563954,88.32074347389255,voiding,1
17.851115226745605,85.795620384,85.24080365398333,8.183865761892694,8.73372460779991,88.46834184690069,88.62787201653045,voiding,1
17.88875699043274,85.013651694,85.46800898700411,8.105259997957766,8.723573888053973,88.47911931781967,88.63866892187905,voiding,1
17.89008903503418,86.42876786400001,85.69276802561119,8.076586927172043,8.713297966412789,88.77537037814642,88.93545419569868,voiding,1
17.926727294921875,83.406592974,85.91660772445626,8.095090507009278,8.702893770824755,89.07656227882428,89.23718921941924,voiding,1
17.963794946670532,87.137640624,86.14060611382507,8.155839156414507,8.69235809035713,89.08730459214816,89.24795090377495,voiding,1
17.965104341506958,87.123442134,86.36539632594268,8.252219016776671,8.681687690919917,89.38826461613789,89.5494536326767,voiding,1
18.001302003860474,87.106088424,86.59125472031239,8.376480430744186,8.670879440347482,89.70422623877045,89.86598501179168,voiding,1
18.038701057434082,85.940234634,86.8182296320035,8.520290607094516,8.659930435108585,89.71555791099762,89.87733711780967,voiding,1
18.040019035339355,87.677183244,87.046266170825,8.675251415023158,8.648838120565085,90.36288673568336,90.52583323550728,voiding,1
18.11396312713623,86.271532734,87.27530322649916,8.833350258359069,8.637600396974971,90.39392194551431,90.55692440945133,voiding,1
18.117446184158325,89.224292784,87.50533833758413,8.987322578218283,8.626215704318078,90.70545615919511,90.86902039590774,voiding,1
18.151835203170776,86.343051054,87.73646148600591,9.130915314406922,8.61468308044557,90.71305012965294,90.87662806016124,voiding,1
18.152661085128784,88.402883844,87.96885796014652,9.259050428751113,8.603002188905611,91.0487105460904,91.21289375484913,voiding,1
18.188701391220093,88.323477474,88.20278288432142,9.367895501567379,8.591173314932952,91.40340435269451,91.56822716158537,voiding,1
18.226389169692993,88.003222644,88.43851394251494,9.454853993160434,8.579197330343149,91.75746410163816,91.9229253672993,voiding,1
18.263710975646973,89.957881434,88.67628893142015,9.518490939838422,8.567075630268135,91.76997871559038,91.9354625481771,voiding,1
18.26502299308777,87.54781922400001,88.91623340661309,9.558410880353557,8.554810046640718,92.12053596275733,92.28665193624256,voiding,1
18.301666259765625,90.515303634,89.15828701388129,9.575104166152014,8.542402744932,92.47864114736304,92.6454028725336,voiding,1
18.339076280593872,87.27015986400001,89.40214548931172,9.569776091990324,8.529856111749027,92.4932717815266,92.6600598893274,voiding,1
18.340607166290283,90.356490894,89.64724157338387,9.544171079720408,8.517172641430559,92.83040757904826,92.99780362557429,voiding,1
18.376012086868286,89.676540984,89.89278291514752,9.500401935427641,8.504354829702187,93.17911434748973,93.34713919804622,voiding,1
18.412832021713257,91.808943834,90.13784575392773,9.440792279591994,8.491405081779845,93.18766367160991,93.35570393869958,voiding,1
18.41374111175537,88.35134858400001,90.38150069575721,9.367738722010388,8.478325641100087,93.5286284431685,93.69728355356492,voiding,1
18.450303077697754,92.587231434,90.62293858218752,9.283598139683857,8.46511854320311,93.87538003496442,94.04466042372714,voiding,1
18.487842082977295,88.734181944,90.86157422938476,9.190604317934683,8.451785597329293,94.22882356091303,94.39874129524448,voiding,1
18.526509046554565,91.85311691400001,91.09711930965297,9.090816991100871,8.438328396162275,94.23176935979146,94.40169240612248,voiding,1
18.526834964752197,92.68872434400001,91.32961833979765,8.986104763098279,8.424748352021862,94.55293655548635,94.72343874522777,voiding,1
18.562791347503662,90.755100354,91.55943448772962,8.87816139041587,8.411046755836159,94.89266166421294,95.06377646184426,voiding,1
18.60129427909851,93.63318686400001,91.78716921326583,8.768552491081843,8.39722485354847,94.90437253603157,95.07550845124382,voiding,1
18.602638244628906,89.245853454,92.01351552204464,8.658787055615969,8.38328393335977,95.21364575691632,95.38533936777833,voiding,1
18.638581037521362,93.51959894400001,92.23907525251992,8.550405441478826,8.369225416458423,95.53171654673454,95.70398371742591,voiding,1
18.676011085510254,90.879205674,92.46419475893899,8.445073159703881,8.355050943692712,95.8506965071051,96.02353887708385,voiding,1
18.71400809288025,93.623721204,92.6888714819319,8.344668056728956,8.340762451004885,95.86204064843713,96.03490347469157,voiding,1
18.715375185012817,93.484365654,92.91275781279958,8.251347766604884,8.32636222733252,96.14926502184903,96.3226457842607,voiding,1
18.750362157821655,90.794540604,93.13525733722,8.167584787590991,8.31185295002147,96.45967487676455,96.63361538445658,voiding,1
18.78853416442871,94.767488454,93.35568805958356,8.096158332381695,8.297237694480268,96.47022000436623,96.64417952751576,voiding,1
18.789841175079346,94.956275784,93.57347587815373,8.040095181011862,8.282519916710973,96.76160212784353,96.93608708459581,voiding,1
18.826167106628418,93.279276354,93.78833146910918,8.002555952858245,8.267703409335175,97.06182246456602,97.23684879239232,voiding,1
18.863719940185547,94.16641904400001,94.00036247391577,7.986668203330219,8.25279223365232,97.36248408302038,97.53805257766017,voiding,1
18.901345014572144,94.61708963400001,94.21009449183528,7.995313140550315,8.237790631983916,97.37224467870152,97.54783077409489,voiding,1
18.902563095092773,91.971437664,94.41841111906882,8.03087809367156,8.222702925951952,97.66614753514794,97.8422636096453,voiding,1
18.939014196395874,96.820484934,94.62644960736236,8.094991684722462,8.207533407318188,97.97387640464773,98.15054738994964,voiding,1
18.976811170578003,92.98110806400001,94.83548901718355,8.188262525889842,8.192286228508937,97.9816962085953,98.15838129492616,voiding,1
18.97775912284851,97.331630574,95.04684709357663,8.310044806351396,8.176965299938495,98.28302398464848,98.46025243903875,voiding,1
19.013699293136597,95.038311504,95.26177930735328,8.45825504519824,8.161574200730223,98.60266860120734,98.78047345342351,voiding,1
19.051111936569214,93.991304334,95.48136780894795,8.629263356678848,8.14611610845954,98.93024055212544,99.10863609710022,voiding,1
19.088662147521973,96.796820784,95.70640341783735,8.817879687614868,8.130593752180493,98.94138788871686,99.11980353508001,voiding,1
19.089912176132202,93.87666467400001,95.93728387971095,9.017450640334195,8.115009391347213,99.27238978597707,99.45140231013532,voiding,1
19.126211166381836,99.257892384,96.17395525687556,9.220075802349934,8.099364821421204,99.62320381505158,99.80284894314926,voiding,1
19.16385817527771,94.189031454,96.41590760587528,9.41694420871215,8.083661405095073,99.634365790444,99.81403104632739,voiding,1
19.165032148361206,96.967202664,96.66221886931562,9.598782044869745,8.06790012629352,99.97696308189595,100.1572461249208,voiding,1
19.200433254241943,96.298821894,96.91163606586301,9.756392485899518,8.0520816625579,100.3534950014909,100.53445702413434,voiding,1
19.238781213760376,100.29490802400001,97.16268323179385,9.881258347333052,8.036206470189326,100.3664346428768,100.54741999887477,voiding,1
19.240085124969482,94.401482934,97.41378094248492,9.966168832572832,8.020274875702455,100.7334398401557,100.91508699674985,voiding,1
19.27683711051941,98.46067346400001,97.66336132474682,10.005824069978326,8.004287166783284,101.10299035944536,101.28530390647701,voiding,1
19.313786268234253,97.152834774,97.90997479537262,9.997366375750971,7.988243676072416,101.85129903720008,102.03496196874381,voiding,1
19.38884925842285,97.93269998400001,98.15239509930893,9.940786257779015,7.972144851697713,101.86446112936063,102.04814779539234,voiding,1
19.390180110931396,101.461813554,98.38971827609163,9.839154909332882,7.955991309511455,101.867256033884,102.05094773981567,voiding,1
19.39046621322632,96.799976004,98.62142917798322,9.698643793973188,7.93978386337015,102.21388905102616,102.39820582150487,voiding,1
19.426523208618164,100.259674734,98.84740611666878,9.528305838138678,7.923523531429259,102.22460438734618,102.40894048021056,voiding,1
19.427659034729004,95.948066604,99.06786304254612,9.339611033571025,7.9072115181902305,102.5583018006417,102.74323963197926,voiding,1
19.463762998580933,99.74011517400001,99.28326744954022,9.14575055520633,7.890849173804913,102.90108724274072,103.08664320050163,voiding,1
19.50162625312805,100.904917224,99.49428404781605,8.960745898891869,7.874437933781356,103.23353938909308,103.41969483980473,voiding,1
19.539066314697266,98.951310174,99.7017661221833,8.79842074872591,7.8579792436211555,103.24252561090377,103.42869726598254,voiding,1
19.54009509086609,102.144918684,99.90677506136967,8.671310924709983,7.841476209973948,103.56369149587681,103.75044229200242,voiding,1
19.577308177947998,96.520739034,100.11059175778611,8.589599693434861,7.824931844004235,103.87785831666397,104.06517563280302,voiding,1
19.613946199417114,101.48232248400001,100.31469923601063,8.560170309947836,7.808348968510149,103.88771636740904,104.07505146003712,voiding,1
19.61509609222412,102.00871835400001,100.52073620633914,8.585863972547312,7.791730132729772,104.20132941877806,104.38923003283716,voiding,1
19.65145516395569,102.21223004400001,100.73042113069181,8.66501931096273,7.77507753999591,104.52579083345698,104.71427653121317,voiding,1
19.688629150390625,96.895158474,100.94543832158816,8.791349822156793,7.758392992286233,104.85969926697132,105.04878708372202,voiding,1
19.726262092590332,103.290263544,101.16729078789926,8.954189803333108,7.741677854378618,104.87105528936969,105.06016358382057,voiding,1
19.7275173664093,98.919757974,101.397152366072,9.13910940639381,7.724933038877114,105.20404040177753,105.39374915024798,voiding,1
19.763578176498413,104.24103650400001,101.63575511287435,9.328867967657468,7.708159011938937,105.55862944120689,105.7489776008885,voiding,1
19.801233291625977,103.168787574,101.88331567064958,9.504644463687871,7.691355818214064,105.5699582254212,105.76032681368584,voiding,1
19.80241632461548,100.02671432400001,102.13947213648963,9.647457489246634,7.674523122395596,105.92065069470672,106.1116516677086,voiding,1
19.83859419822693,104.305718514,102.40320783478283,9.739666975388726,7.657660263935182,106.29316750728172,106.48484021967714,voiding,1
19.876789093017578,98.740436304,102.67277651807136,9.766437943438978,7.640766320940395,106.6848156457431,106.87719459601593,voiding,1
19.9169921875,105.64353179400001,102.94567743507507,9.717044286149898,7.623840179048882,107.0169319792052,107.20990981687558,voiding,1
19.95140314102173,102.55089032400001,103.21872739600181,9.585898496437004,7.606880601150779,107.02877265357583,107.22177184289303,voiding,1
19.95265221595764,102.709177194,103.48824466178603,9.373211209771137,7.589886294169392,107.3606261068845,107.55422370956171,voiding,1
19.988609075546265,105.871233504,103.75032514135626,9.085211305729418,7.572855969658242,107.37162947610109,107.5652469205581,voiding,1
19.98984408378601,100.38167657400001,104.00117571013043,8.733891211126842,7.555788395670417,107.68138545836803,107.87556146901225,voiding,1
20.02613615989685,106.824109944,104.23746816457967,8.336280322785997,7.538682438140542,108.00585739130526,108.20061850461356,voiding,1
20.06607222557068,105.135541374,104.4566744950836,7.91328895563546,7.521537090830966,108.27619933706092,108.47144794335897,voiding,1
20.10117816925049,105.25912082400001,104.6573360624343,7.48820249671631,7.50435149367802,108.27652072898121,108.4717699148279,voiding,1
20.101222276687622,101.69319635400001,104.83922182773773,7.084937145316262,7.4871249400867335,108.53036168028967,108.72606860377647,voiding,1
20.137981176376343,108.918124284,105.00335631631211,6.7261917762797045,7.469856874328385,108.80017028265709,108.99636373738439,voiding,1
20.17899227142334,102.174893274,105.15193013875206,6.431642807665397,7.452546880669736,108.80054269832762,108.99673682461192,voiding,1
20.179051160812378,107.071268844,105.28812059807125,6.216329148305328,7.435194666191241,109.02856729438,109.22517260506912,voiding,1
20.216111183166504,104.865244194,105.41584957310359,6.08936208271984,7.417800039427174,109.24035546930273,109.43734268613778,voiding,1
20.25099515914917,103.171416924,105.53950553769417,6.05307116674492,7.40036288698597,109.46920667539145,109.66660656721243,voiding,1
20.2886483669281,109.261517394,105.66365551841778,6.102663740748297,7.382883150193018,109.47649219210592,109.67390522150464,voiding,1
20.289830207824707,103.01575940400001,105.79276171292459,6.226435269766299,7.365360803556625,109.70596979604257,109.90379662997653,voiding,1
20.326160192489624,108.72092303400001,105.93089960356332,6.40652376135812,7.347795836512904,109.95034989558283,110.14861740691528,voiding,1
20.363680124282837,104.77637216400001,106.0814657544967,6.620157677570583,7.330188239483978,109.95883732105209,110.15712013729923,voiding,1
20.364941120147705,105.279629754,106.24687389904588,6.841306718506856,7.312537994817883,110.21011009050184,110.40884601332583,voiding,1
20.401137351989746,110.02981346400001,106.42825919903349,7.042611947187612,7.2948450727022776,110.47755021273937,110.67676839585191,voiding,1
20.4386990070343,103.833487254,106.62522912533548,7.1974486635755905,7.277109431693053,110.48589063375223,110.68512385669429,voiding,1
20.43985104560852,105.06875588400001,106.83571371271503,7.281964091369785,7.259331023107222,110.75328077405108,110.95299616715195,voiding,1
20.476583242416382,106.273524054,107.05597875702048,7.276933199609101,7.24150979822721,111.0372417949421,111.23746923957334,voiding,1
20.51589608192444,110.535700404,107.28085448481187,7.169289685554437,7.2236457170742,111.28724654143126,111.4879248060822,voiding,1
20.55130124092102,104.35094333400001,107.50418215415944,6.953214128835158,7.205738757445972,111.29490110592234,111.49559317363489,voiding,1
20.552428245544434,110.84386022400001,107.71941649370879,6.630695523447152,7.187788922983206,111.52769767004128,111.72880952719022,voiding,1
20.588683128356934,105.882276774,107.9202873924126,6.211523017040026,7.169796249219683,111.75571998548527,111.95724302292655,voiding,1
20.626928329467773,108.36070208400001,108.10142847880167,5.712708458859952,7.151760806866853,111.75989899199769,111.96142956521507,voiding,1
20.627697229385376,111.016871454,108.25889822518415,5.157383777448073,7.133682701952505,111.93045241634414,112.13229053931491,voiding,1
20.662752151489258,106.07947802400001,108.39053430887202,4.573256835076313,7.115562072840275,112.09029091385976,112.29241726493665,voiding,1
20.700080156326294,111.63529457400001,108.49610004688985,3.990742136389699,7.097399084560314,112.23030637828063,112.43268521166162,voiding,1
20.7377610206604,105.815491284,108.57721404356796,3.440906096484904,7.079193921240674,112.35187435842104,112.55447240875681,voiding,1
20.775784969329834,108.06674075400001,108.63709702607623,2.953378789458129,7.060946777706105,112.35422621558622,112.55682850689864,voiding,1
20.776638984680176,110.676633564,108.68020257384238,2.5543844240118814,7.042657851476379,112.44127735565773,112.64403662157657,voiding,1
20.812764167785645,106.339783674,108.71180262836752,2.26503142876644,7.024327336430363,112.44327654052812,112.64603941146876,voiding,1
20.813680171966553,111.20040008400001,108.73757789340593,2.0999811160581023,7.005955419298416,112.51965404638406,112.7225546447446,voiding,1
20.850342273712158,106.004278614,108.76323944066577,2.066583386213108,6.9875422799111195,112.60062449134945,112.80367109932824,voiding,1
20.88861608505249,110.697668364,108.79419565597154,2.164531422050775,6.969088095787131,112.68628233943015,112.88948340956738,voiding,1
20.926263093948364,107.69021783400001,108.83527295207159,2.3860477922299435,6.950593051218196,112.6889940518202,112.89220001184152,voiding,1
20.927325963974,111.38866154400002,108.89049086235215,2.716574964352431,6.932057350545022,112.79658944944089,112.99998943041564,voiding,1
20.96409511566162,106.799394054,108.96288663719439,3.1359069495506198,6.913481234858323,112.92151021441478,113.12513545823961,voiding,1
21.001078128814697,108.081990984,109.0543916981039,3.619668344265316,6.8948650009496815,112.92658926972267,113.13022367233287,voiding,1
21.002387046813965,110.095547214,109.16577774519389,4.141024549748768,6.876209021018538,113.0864093923064,113.2903319898882,voiding,1
21.038654088974,108.49953176400001,109.29669138100367,4.672493899232712,6.857513761448285,113.27415263428377,113.47841377908613,voiding,1
21.076735019683838,112.274752494,109.44577112225112,5.187729497506344,6.838779798919072,113.48239853680388,113.68703520016419,voiding,1
21.115118265151978,108.513204384,109.61081087140069,5.663145668481426,6.820007832238002,113.48347218818833,113.68811078760602,voiding,1
21.11530113220215,108.487436754,109.78893129843142,6.079280136898465,6.8011986885348374,113.70719830479274,113.91224033740006,voiding,1
21.15109419822693,110.446302504,109.97674908620692,6.421806886466271,6.782353322876005,113.95334196012092,114.15882785025138,voiding,1
21.18866205215454,109.32882875400001,110.1705634894365,6.682143943542069,6.763472810861567,113.96112014972233,114.16662006584085,voiding,1
21.18981099128723,111.89349674400002,110.36657997110109,6.857632673169429,6.744558334349134,114.212008652666,114.41796098243438,voiding,1
21.22614812850952,110.462604474,110.56116535041659,6.9512979208324435,6.725611161048648,114.4730420894801,114.67946512670818,voiding,1
21.263646125793457,109.95093296400002,110.75110716154919,6.971228919070495,6.70663261930226,114.73521899428222,114.94211480092389,voiding,1
21.301367044448853,109.93147577399999,110.93385005048734,6.929646995287477,6.687624069854294,114.74261475350849,114.94952389652224,voiding,1
21.302441120147705,112.962064584,111.1076928468348,6.841745904062349,6.668586876781843,114.98820279082865,115.19555478944966,voiding,1
21.33864712715149,111.734158134,111.27192991378911,6.724402790240981,6.649522379958692,115.2569250401942,115.46476161109418,voiding,1
21.378998041152954,111.153071784,111.42691015124083,6.594861767473681,6.630431871437003,115.25855251467765,115.46639202031422,voiding,1
21.379247188568115,111.24299555400002,111.57399015672907,6.469487966109585,6.611316577939081,115.49392034310233,115.70218427479696,voiding,1
21.415931224822998,110.55673520399999,111.71538435054367,6.3626784176186675,6.592177651257856,115.73048834551575,115.93917886747721,voiding,1
21.4533371925354,112.859519934,111.85394210368032,6.285998618745215,6.573016167788714,115.73207360727096,115.94076698784909,voiding,1
21.453590154647827,113.102997744,111.99288507388407,6.247591807104462,6.553833137692835,115.95166429907664,116.16075365565682,voiding,1
21.488726139068604,111.554310594,112.13552205224325,6.251883897115933,6.534699736131706,116.18664759279847,116.39616068202612,voiding,1
21.526169300079346,111.827237124,112.2849509132588,6.299582772827451,6.515617078943621,116.42539425275137,116.635337860901,voiding,1
21.563804149627686,111.237736854,112.4437713331006,6.387948216037303,6.4965862556472525,116.43346876276954,116.64342693124578,voiding,1
21.565056085586548,113.336484024,112.61384951021672,6.511289897536238,6.477608364902512,116.66464095471682,116.8750159834871,voiding,1
21.600154161453247,113.59994489400002,112.79617106208316,6.661636893394696,6.458684555185583,116.91888118043664,117.12971466683695,voiding,1
21.63784408569336,112.72857830400001,112.99079144065007,6.829513903307814,6.439816067246496,116.92548117319255,117.13632656100236,voiding,1
21.638798236846924,112.93945217400001,113.19687110258432,7.004756969300652,6.421004274484045,117.18601793848387,117.39733313813251,voiding,1
21.67553997039795,111.75571880400001,113.41278292538408,7.177304687071576,6.402250717249087,117.45554564044286,117.66734686479951,voiding,1
21.712677240371704,115.40578247399999,113.63628939564154,7.337908851751425,6.383557127301756,117.73561049815261,117.94791674829955,voiding,1
21.750481367111206,113.64043688400001,113.86478309708879,7.478720012055051,6.3649254392005625,117.74199084449603,117.95430859997599,voiding,1
21.751327991485596,114.108987054,114.09556396697536,7.5937171547147795,6.346357786261474,118.31549603749929,118.5288479638342,voiding,1
21.826430082321167,113.431666494,114.32611151296457,7.678965313177916,6.327856479834807,118.32411991793452,118.53748739524598,voiding,1
21.82754921913147,115.90062614400001,114.55431199266461,7.732699026408878,6.309423971924896,118.60353070833494,118.81740203199253,voiding,1
21.863630294799805,115.92113507399999,114.77860938417288,7.755242240576735,6.291062802522009,118.89464819205749,119.10904447210729,voiding,1
21.90118408203125,114.14947904400002,114.99805701791529,7.74878572487836,6.272775534318495,119.18485866380567,119.3997782646821,voiding,1
21.938713312149048,115.201744914,115.21226453765057,7.717050948949563,6.254564678631127,119.19473296816706,119.40967037484178,voiding,1
21.93999719619751,114.226256064,115.42126790339282,7.664874503298221,6.236432617247324,119.47429821244937,119.68973974398855,voiding,1
21.97663116455078,114.96825863400001,115.62537873135696,7.597749604817965,6.218381525470177,119.77305924258846,119.98903951371315,voiding,1
22.016152143478394,117.491908764,115.82506827447254,7.521361219147421,6.200413301796677,119.77596305771856,119.9919485651358,voiding,1
22.01654028892517,115.77283973400002,116.02091021182046,7.441149119198754,6.182529509397252,120.02446839739069,120.24090202102855,voiding,1
22.05011510848999,115.67345030400001,116.21357070941754,7.361929074110657,6.164731333878891,120.30084027433436,120.5177722644103,voiding,1
22.087846279144287,115.782305394,116.40381940218582,7.287596617836143,6.147019560750035,120.58542409515705,120.80286925982475,voiding,1
22.127076148986816,117.848448624,116.59253999818682,7.2209307856458755,6.129394574636942,120.58843864082746,120.8058892414621,voiding,1
22.127495288848877,117.557642514,116.78072363480263,7.1635071706647775,6.111856380729167,120.84662745804681,121.06454363659267,voiding,1
22.163658142089844,116.205630744,116.969425871754,7.115721047249311,6.094404647276695,121.10670029374621,121.32508544755181,voiding,1
22.2003071308136,117.049652094,117.15967527180729,7.07691262456747,6.077038766352801,121.11291421076709,121.33131056979272,voiding,1
22.201187133789062,116.229820764,117.3523444036204,7.045578308138234,6.059757928664049,121.66078938929944,121.88017370196297,voiding,1
22.27909207344055,119.10527792399999,117.54801369060078,7.01964479538475,6.042561207048776,121.90388350640681,122.12370617752636,voiding,1
22.31377911567688,117.77640443400001,117.74685638754494,6.996777559172902,6.0254476425534245,121.91309055073839,122.13292982442235,voiding,1
22.315097093582153,117.38568302400002,117.94855757053828,6.974692364156543,6.008416326677547,122.16573156393089,122.38602641147155,voiding,1
22.351380109786987,118.33593011399999,118.15227411001716,6.951438350347849,5.991466473563061,122.42375541487526,122.6445155428524,voiding,1
22.388567209243774,116.67470678400001,118.35665186917757,6.925624110207707,5.974597476563341,122.43369948487414,122.65447754445417,voiding,1
22.390006065368652,118.93752539400002,118.5599230005953,6.896563983446562,5.957808944716746,122.6824078127675,122.90363435460579,voiding,1
22.4261531829834,120.259036704,118.76009214653425,6.864330068691887,5.941100716087847,122.93911645481745,123.16080590544726,voiding,1
22.463645219802856,118.157134314,118.95518909389378,6.82970545603238,5.924472846620145,123.1957873033115,123.41793959458175,voiding,1
22.501325130462646,119.62378574400002,119.14354000877512,6.794044919148478,5.9079255749408315,123.2040142234805,123.42618134991034,voiding,1
22.50253915786743,118.05090857400002,119.32400821788366,6.759059626205742,5.891459265336033,123.44755107505401,123.67015735829895,voiding,1
22.538657188415527,120.835390224,119.49617126258683,6.726551182457267,5.8750743327414305,123.70556050382042,123.92863204149512,voiding,1
22.57709527015686,120.549842814,119.66041212993181,6.698126485001622,5.858771154947383,123.71484667389475,123.93793495681703,voiding,1
22.578484058380127,119.156813184,119.81790450311608,6.674927690954174,5.842549978200729,124.20042298736152,124.42438688375228,voiding,1
22.651325941085815,120.24063125400001,119.97048085613761,6.657410667973263,5.826410822926655,124.20874523868052,124.43272414213637,voiding,1
22.65257716178894,120.45255686400002,120.12039788005033,6.645200611109678,5.810353396356629,124.20979342771457,124.43377422131294,voiding,1
22.652734994888306,118.12873733400001,120.27004371077707,6.637045486346744,5.79437701843147,124.44868255773206,124.67309412716095,voiding,1
22.68874502182007,121.15091222400001,120.42164701239491,6.630877388032711,5.778480566486486,124.69710621236501,124.92196575071631,voiding,1
22.726229190826416,121.069402374,120.57704052687657,6.623979860684468,5.762662442984968,124.94639556126404,125.17170462959731,voiding,1
22.763894081115723,120.31898588400001,120.73750491168789,6.613247009444305,5.746920569040179,124.95621795621513,125.18154473674126,voiding,1
22.765381336212158,121.815086034,120.90368861508844,6.595509140895643,5.731252404766819,125.1915774932942,125.41732868492707,voiding,1
22.801141023635864,120.60400742400002,121.07558552410707,6.567890991234868,5.71565499575322,125.43800058254911,125.66419613559317,voiding,1
22.83877420425415,119.976644514,121.25255818241861,6.528163352636949,5.700125043268862,125.44828551969947,125.6744996190137,voiding,1
22.84035611152649,122.47820810400002,121.43340648066105,6.4750478092386325,5.684658994333857,125.68223099898199,125.90886695950911,voiding,1
22.876673221588135,122.46085439400001,121.61648366553175,6.408437626987739,5.669253146576794,125.91785068065697,126.14491152139549,voiding,1
22.913668155670166,120.840648924,121.79985144616496,6.329505419620429,5.65390376197095,126.1486514967972,126.37612852814787,voiding,1
22.950390100479126,121.86241433400001,121.98145857085572,6.240679375380591,5.638607183114556,126.1547717786226,126.38225984634603,voiding,1
22.951378345489502,120.84801110400001,122.1593325999234,6.1454834914112295,5.623359945726504,126.3745919750592,126.60247643263796,voiding,1
22.987432956695557,124.074223554,122.33177984017179,6.048252016111674,5.608158881452206,126.60652501224654,126.83482770211033,voiding,1
23.026082038879395,123.462636744,122.49757662022877,5.953742550492779,5.593001205874163,126.6100942744483,126.83840340056933,voiding,1
23.02668595314026,121.74461945400002,122.6561156184072,5.866684397740121,5.577884587733418,126.8228427618988,127.05153552584532,voiding,1
23.06318426132202,122.80950620400002,122.80747087224583,5.791307331136835,5.5628071967071575,127.03910748682796,127.26819022924059,voiding,1
23.100723028182983,122.96568959400001,122.95237160174466,5.7308998702966445,5.54776772855857,127.25126123373443,127.48072654150914,voiding,1
23.137883186340332,122.090116044,123.0921045282661,5.68744479918148,5.532765407976568,127.25644684004965,127.4859214987474,voiding,1
23.13879704475403,123.662993214,123.2283728150927,5.661372999091891,5.51779997085596,127.47067796487606,127.70053893495898,voiding,1
23.176671028137207,125.394683124,123.36312666659404,5.651465297265629,5.502871629042569,127.69647922354574,127.9267473688096,voiding,1
23.216613292694092,122.514493134,123.49836332305111,5.6549171111774275,5.487981021605526,127.89435047716204,128.12497543294134,voiding,1
23.2515652179718,123.037733784,123.63589303577172,5.667563813356024,5.473129157441548,128.10543583702508,128.33644143160197,voiding,1
23.28875494003296,124.35398639400002,123.77708970425385,5.684247825135888,5.458317354424412,128.11238651323072,128.34340464158558,voiding,1
23.289976119995117,122.559192084,123.92267258027954,5.69929337438627,5.443547180369529,128.3197416215078,128.55113366209957,voiding,1
23.32633399963379,124.34662421400002,124.07257379374524,5.707043317291366,5.428820400791554,128.32689037181757,128.55829530336362,voiding,1
23.327587127685547,124.04950766400002,124.22593003487427,5.702405700669929,5.414138937814514,128.53404680005508,128.7658252855691,voiding,1
23.36398220062256,124.03951613400001,124.38120726075869,5.681356524289991,5.399504843687846,128.74820968303004,128.9803743568724,voiding,1
23.401811122894287,125.557702824,124.53643678973405,5.641349496072858,5.384920291221424,128.75437195363895,128.98654773957017,voiding,1
23.40290927886963,124.286675034,124.68951799384274,5.581592867801209,5.370387582144174,128.95496142968847,129.18749892775844,voiding,1
23.439101219177246,124.12418120400001,124.83853264627179,5.503166575576495,5.355909172992546,129.16177875007506,129.39468919061818,voiding,1
23.477007150650024,126.95599115400002,124.98201824377301,5.408968404412491,5.341487716738963,129.36159741285698,129.59486817557303,voiding,1
23.514312982559204,125.18749034400001,125.1191561548365,5.303494101095146,5.3332064760854445,129.36691007863067,129.60019042138916,voiding,1
23.51532530784607,124.658990994,125.24984371473367,5.192471657397752,5.3249347952648165,129.55130266965818,129.78491551758984,voiding,1
23.551217317581177,125.48302928400001,125.37464352862163,5.082382962802633,5.316671875943543,129.7366788063786,129.9706259330581,voiding,1
23.58806300163269,125.20063709400002,125.49463594562826,4.97991559358847,5.308416997146064,129.74464070825158,129.97860219219754,voiding,1
23.58967614173889,124.56065330400001,125.6112242952553,4.891392970838305,5.300169558793646,129.92361876538752,130.1579029907709,voiding,1
23.626527070999146,126.39751721400002,125.72594316064415,4.822232206531369,5.291929119842067,130.10221754350448,130.336823826392,voiding,1
23.663740158081055,126.28024820400002,125.8403007264027,4.776475781540617,5.283695428675085,130.10620180281026,130.3408152702968,voiding,1
23.664576053619385,126.21766967399999,125.95566058557584,4.756436222583383,5.275468444052215,130.28056536750435,130.51549325536402,voiding,1
23.70121121406555,125.83220696400001,126.07315261123084,4.762482901589942,5.267248345639552,130.45977327523374,130.69502431900796,voiding,1
23.738720178604126,125.104928754,126.19360613327,4.792987900335321,5.259035533911179,130.64304910603724,130.8786306411914,voiding,1
23.77675437927246,126.83767040400001,126.31751310797863,4.844434607984676,5.25083061993693,130.65074596857477,130.8863413830643,voiding,1
23.778332233428955,126.781402314,126.44503435542038,4.911679423014943,5.24263440621761,130.827950400264,131.06386535790824,voiding,1
23.814131021499634,126.313903884,126.5760502474156,4.988344641451957,5.234447860248848,131.01672120808408,131.2529765659027,voiding,1
23.85167622566223,127.162132194,126.71024088528439,5.067310243394365,5.226272082860514,131.022008886041,131.25827377884292,voiding,1
23.852712154388428,126.00153710400001,126.8471750647164,5.141264580742229,5.21810827357508,131.20819576966556,131.4447964031913,voiding,1
23.88870930671692,126.399620694,126.98639173936303,5.203269449368106,5.209957695254718,131.40397016904117,131.64092383193866,voiding,1
23.926176071166992,128.928529524,127.12745960956896,5.247293989942257,5.201821640175362,131.60187617701544,131.83918671309902,voiding,1
23.963815212249756,129.37183793399998,127.26999340117389,5.268674349457776,5.193701399398985,131.60826491243122,131.8455869689754,voiding,1
23.965028285980225,125.473563624,127.4136031926815,5.264461857028191,5.185598236943317,131.79846335581118,132.03612838690762,voiding,1
24.00126314163208,125.78014583400001,127.55777884030674,5.233631206037062,5.177513369806202,131.9955386539807,132.23355906028922,voiding,1
24.039123058319092,128.52676484399998,127.70176021024211,5.177131173540179,5.1694479544266505,132.00133471053346,132.23936556855685,voiding,1
24.0402512550354,127.136890434,127.84447272601778,5.097772961462036,5.1614030796922,132.18718316911884,132.42554915760252,voiding,1
24.07706117630005,127.11638150400002,127.98458548911744,4.9999643984849085,5.153379766165636,132.3721220861501,132.61082156496707,voiding,1
24.114463090896606,129.690515154,128.1206940315708,4.889311004988293,5.145378970831036,132.55045279583774,132.7894738487655,voiding,1
24.151379108428955,128.422642584,128.25157879065654,4.772116289078472,5.1374015963717605,132.55249919684059,132.79152393993246,voiding,1
24.1518132686615,127.73743397400001,128.37646249430423,4.654822658624997,5.129448503805764,132.71700436656045,132.9563257529157,voiding,1
24.18758201599121,130.657590084,128.49518817663994,4.543440182590309,5.121520527223879,132.88860124857288,133.1282320662922,voiding,1
24.22577214241028,129.300319614,128.60826170202733,4.4430125004659935,5.1136184894034535,132.89244711411868,133.13208486687907,voiding,1
24.226646184921265,126.879740004,128.71674195968168,4.357167118831285,5.10574321719474,133.0480213813089,133.2879396727198,voiding,1
24.262638092041016,127.889936274,128.8220117848828,4.287791130954826,5.097895555784955,133.20768866979446,133.4478948805795,voiding,1
24.3001070022583,128.63824928399998,128.9255068719685,4.234863387665768,5.090076381213226,133.3676903013188,133.60818503438068,voiding,1
24.338061094284058,129.292957434,129.02848928218586,4.196461035309817,5.082286610812177,133.37285198393255,133.61335602477715,voiding,1
24.339295148849487,129.39129512399998,129.1319156801871,4.168943150767154,5.074527211559137,133.52876921695508,133.7695544149019,voiding,1
24.376792192459106,129.925053174,129.23639578544243,4.147298238595927,5.0667992066018845,133.83741138456665,134.07875314021905,voiding,1
24.451407194137573,130.171686204,129.34220182302084,4.1256270624464575,5.05910368045223,133.84261187212834,134.08396300553832,voiding,1
24.452672004699707,127.91728151400001,129.44929024757127,4.097719132433183,5.051441783492206,133.8427314525221,134.0840828015649,voiding,1
24.452701330184937,128.50783352399998,129.5573224040757,4.057671497578068,5.043814736495413,133.98971986247903,134.231336267761,voiding,1
24.48918318748474,130.692823374,129.66569577379448,4.000493345785392,5.036223835822856,134.1342376150668,134.3761146213853,voiding,1
24.525663137435913,131.732468364,129.77359773797554,3.92263992502358,5.0286704598111465,134.13905900223205,134.3809447026969,voiding,1
24.52690815925598,128.979538914,129.88007224571115,3.8224245991794916,5.021156076644415,134.27774792238125,134.5198837130648,voiding,1
24.563780307769775,127.806322944,129.9840789705078,3.700268042250062,5.013682253712936,134.41439428431667,134.65677648198425,voiding,1
24.601428985595703,131.784529494,130.08454288132165,3.558757762970918,5.006250668142416,134.41838004210555,134.66076942707429,voiding,1
24.602574110031128,129.736265844,130.1804141623653,3.4025080446136142,4.998863117864184,134.53859403434805,134.7812001946985,voiding,1
24.638781309127808,129.892449234,130.2707533490636,3.2378284211535484,4.991521532326303,134.66054799091347,134.9033740642291,voiding,1
24.677435159683228,131.026750824,130.3548326097392,3.072226324392624,4.984227981754302,134.76947222648576,135.01249471697633,voiding,1
24.713828086853027,131.889703494,130.4322282211985,2.913784916972256,4.976984683787574,134.77305952488814,135.01608848415964,voiding,1
24.71509027481079,128.91906386399998,130.50288150043718,2.770468969806972,4.96979400636317,134.87130047097818,135.1145065828273,voiding,1
24.751342296600342,128.836502274,130.567122070643,2.6494188731585515,4.962658465900229,134.96894086534454,135.21232304682883,voiding,1
24.78885507583618,132.301459704,130.62566711526122,2.556294825232134,4.955580720149343,134.97202256180825,135.21541030034888,voiding,1
24.790075302124023,131.992774014,130.67961216414966,2.49472971738523,4.948563555490689,135.06174812415955,135.30529765994746,voiding,1
24.826250076293945,130.160117064,130.7304075862584,2.4659404960534754,4.941609868959382,135.15441282513623,135.39812945816092,voiding,1
24.863808155059814,128.964814554,130.7797992041857,2.4685345368335376,4.93472264580208,135.15763692040542,135.4013593672665,voiding,1
24.865106344223022,131.51055122399998,130.82972415987462,2.498530911800925,4.927904933875041,135.24943964599026,135.4933276357346,voiding,1
24.901477336883545,132.503919654,130.88217312243714,2.5495977682005027,4.921159816628842,135.3459579780618,135.59002001408714,voiding,1
24.938865184783936,130.765919304,130.93902808174198,2.6134879664300694,4.914490386740372,135.44641410848533,135.69065729161022,voiding,1
24.976815223693848,129.549581994,131.00187315348475,2.6806373261424863,4.907899722609628,135.44925974371202,135.69350805821682,voiding,1
24.977864980697632,132.211010064,131.0717828399923,2.7408749218059203,4.901390869910882,135.548438169889,135.79286532747847,voiding,1
25.013766288757324,131.34279869399998,131.14911457678897,2.7841842772674763,4.894966830166125,135.65231423231913,135.8969287039863,voiding,1
25.050960302352905,130.158013584,131.23334574718717,2.801449129203344,4.888630557902223,135.65498144511878,135.89960072642634,voiding,1
25.051915168762207,130.519286274,131.32299435698505,2.785118318717996,4.88238496738954,135.7532619886395,135.9980584939286,voiding,1
25.087557315826416,131.738778804,131.4156553761788,2.729731465369533,4.876232949282561,135.8546862805538,136.0996656787756,voiding,1
25.125388145446777,132.24729509399998,131.50816793589948,2.6322599544386907,4.870177396748334,135.95192062604633,136.1970753616974,voiding,1
25.163336992263794,131.132976564,131.59689893532553,2.4922354465083165,4.864221239939843,135.95439512817964,136.19955432596637,voiding,1
25.164367198944092,131.239728174,131.67810138691746,2.31165911296834,4.858367487013417,136.03470147968477,136.28000548956598,draining,1
25.200817346572876,132.376133244,131.7482962103759,2.09470721086578,4.852619269361694,136.1125827859505,136.35802723497346,draining,1
25.240331172943115,132.231518994,131.8046286078839,1.8472702395585614,4.846979888386096,136.11263380233575,136.35807834335378,draining,1
25.240360975265503,132.763173564,131.84515325101708,1.5763814186738976,4.841452860999327,136.16573096368342,136.4112712519369,draining,1
25.277414321899414,130.578183714,131.86901002436682,1.2896032316337533,4.836041961145863,136.2507498158934,136.49644341403868,draining,1
25.35186004638672,132.201544404,131.87647276409575,0.9944460618752843,4.830751254953895,136.25215636114982,136.49785249564198,draining,1
25.353522300720215,131.982256614,131.86888026863184,0.6978885322541464,4.825585127664772,136.25220821160804,136.49790443959932,draining,1
25.35361623764038,131.554724304,131.8484743839863,0.40605352035147546,4.82054830118816,136.26164913988558,136.50736239219154,draining,1
25.3892343044281,132.771061614,131.81816900388634,0.12406667588514449,4.815645841952606,136.261258949704,136.50697149840113,draining,1
25.428558111190796,131.725632054,131.78126824435836,-0.14391166108318418,4.810883159602751,136.261258949704,136.50697149840113,draining,1
