# expected_volume_mL=126.42,sensor_cal_factor=0.00052587,source_duration_s=25.00
time_s,mass_g,filt_mass_g,filt_inflow_g_s,kz_flow_g_s,cum_volume_g,cum_volume_mL,zone,is_roi
0.0,0.059914122000002124,0.07029866500014927,-8.283764976888072e-05,0.3468576397609674,-0.00012352459105191603,-0.00012374733625717895,empty,0
0.037693023681640625,0.3212715120000027,0.06733214122992788,-0.0064714039040644315,0.34834766635459397,-0.0001352131595890261,-0.00013545698215690854,empty,0
0.03889203071594238,0.06622456200000215,0.06378194580177288,-0.013025676934859759,0.34986561760952445,-0.0007164227052752364,-0.0007177145915400084,empty,0
0.07503008842468262,-0.030009648000000055,0.05982598444651978,-0.01914038746021927,0.35141111656871626,-0.0015137787016099398,-0.001516508416760108,empty,0
0.11189603805541992,-0.22721089799999916,0.05558359573999079,-0.024116656197752898,0.35298407934209464,-0.0015503314752337131,-0.0015531271040209508,empty,0
0.11332106590270996,0.10987177200000176,0.05110495500476858,-0.027184479696939174,0.3545846863851517,-0.002564967646476466,-0.002569592913721164,empty,0
0.15040206909179688,0.2103129420000016,0.04638001115864455,-0.02754090980068717,0.35621334390111686,-0.0035321337623001564,-0.0035385030678222367,empty,0
0.18764019012451172,0.03730171200000143,0.04136702318728069,-0.024404037420146286,0.35787063704957656,-0.004308762837954453,-0.004316532596628384,empty,0
0.2250819206237793,-0.13255429799999874,0.03603480030506701,-0.017080641054823688,0.35955727713571367,-0.004324040885196522,-0.0043318381939456245,empty,0
0.22646307945251465,-0.11099362799999923,0.03041022001994438,-0.005042878592889532,0.3612740453238927,-0.004198017436648264,-0.004205587494137712,empty,0
0.2627279758453369,0.4227644220000002,0.024622776724847965,0.011993040379272143,0.36302173563767,-0.0033374373588645474,-0.0033434555789065793,empty,0
0.3001539707183838,0.0046977720000001,0.018937105410350683,0.03399532042197839,0.3648011000593969,-0.0032732310304851983,-0.003279133470732517,empty,0
0.3015120029449463,-0.04210465799999952,0.013762765096217653,0.0605625657953032,0.36661279842647143,-0.0005434608231020136,-0.0005444408165718429,empty,0
0.3375580310821533,0.17192443200000085,0.00963196436716527,0.0908976836941817,0.3684573555532982,0.003475468106434801,0.0034817352298485284,empty,0
0.37499284744262695,0.3575565420000011,0.0071417125786014226,0.12381841860144958,0.37033512761392223,0.008765580879200612,0.008781387376478274,empty,0
0.41256093978881836,-0.01107832799999997,0.006864874869233697,0.15780955036845287,0.37224627932956,0.00900042739976483,0.009016657383054329,empty,0
0.4139070510864258,-0.5921646779999996,0.009243834067134115,0.19111630885527595,0.37419077294526065,0.016377410002447065,0.016406942498945167,empty,0
0.449631929397583,-0.40127386800000053,0.01449027188973121,0.221872227504739,0.3761683693737092,0.025160214926934474,0.02520558497989829,empty,0
0.4869959354400635,0.2082094620000028,0.022519077548495865,0.24824893212155605,0.37817864125177136,0.02535072717054628,0.02539644076392134,empty,0
0.4877331256866455,0.3149610720000027,0.03293603518114376,0.26861152417208306,0.38022099701805706,0.03537969770206546,0.0354434959948562,empty,0
0.524183988571167,0.14615680200000014,0.04508002221686373,0.28166189806714165,0.38229471450501895,0.046011831003809595,0.046094801646773785,empty,0
0.5616068840026855,-0.11940754799999809,0.058104059084925955,0.2865535315059248,0.38439898198348227,0.05678429996526141,0.05688669601809398,empty,0
0.5994369983673096,-0.07576033799999848,0.07107564590995706,0.2829646495718171,0.38653294414520056,0.057061058826502746,0.05716395394360123,empty,0
0.6004359722137451,0.19821793200000215,0.08308208878783328,0.2711216505427352,0.3886957502057866,0.06663494180303402,0.06675510098480666,empty,0
0.6370549201965332,0.3144352020000021,0.09333096565142168,0.25177064996962606,0.39088660119507196,0.07579075471935265,0.07592742408270152,empty,0
0.6753740310668945,-0.08785534799999795,0.10123539927472659,0.2261012373658588,0.39310479359861683,0.07603051407899035,0.07616761578740769,empty,0
0.6765110492706299,0.2292442620000017,0.10647234031897318,0.19563230893980318,0.3953497568259184,0.08254113196384315,0.08268997391689356,empty,0
0.7129130363464355,0.43696291200000204,0.10900378770157733,0.16207442126119914,0.39762108248729505,0.08797616194495435,0.08813480459322215,empty,0
0.7504918575286865,0.22398556200000286,0.10905565794278244,0.1271858487590988,0.3999185441184182,0.0961943701435684,0.09636783224160328,empty,0
0.8252620697021484,-0.1667358479999983,0.10705603266890258,0.09263988022367728,0.40224210673519756,0.09629717775217873,0.09647082523760643,empty,0
0.8266098499298096,-0.1441234379999976,0.10354406344312475,0.05991853620114997,0.4045919263555911,0.0963067865441104,0.0964804513565522,empty,0
0.8268229961395264,0.12249265200000181,0.09907001377600133,0.030242972600159176,0.4069683403095847,0.09691253661706868,0.09708729374581114,empty,0
0.8616490364074707,0.13563940200000246,0.09410949959115496,0.0045442192997964415,0.4093718497042327,0.09690513744236354,0.09707988122857497,empty,0
0.8628838062286377,-0.06051010799999901,0.08900873879065561,-0.01652892216232305,0.4118030957691856,0.09601772859093001,0.0961908721608195,empty,0
0.899029016494751,-0.15674431799999766,0.08396745633867736,-0.03257350910866018,0.4142628319616766,0.09459615584642964,0.09476673597117775,empty,0
0.9364619255065918,0.21294229200000103,0.07905725989393352,-0.04337959109259322,0.4167518936721395,0.09284255709287369,0.09300997504796002,empty,0
0.9744789600372314,0.4301266020000014,0.07426598389646846,-0.048873725096108496,0.41927116718140295,0.09280729596297228,0.09297465033357272,empty,0
0.9751989841461182,0.3538754520000005,0.06955202937506315,-0.04907057834096083,0.4218215592313793,0.091112007759517,0.09127630510871268,empty,0
1.011612892150879,-0.23036611799999918,0.06489087370213688,-0.04404154811542739,0.4244039682408254,0.0896256674357467,0.08978728454793297,empty,0
1.0497500896453857,-0.2698063679999976,0.06030275889230246,-0.03390546537366786,0.4270192578785455,0.0896053572237843,0.08976693771166529,empty,0
1.0505201816558838,0.2544860220000018,0.055862338639063244,-0.018842028914102537,0.42966823343950117,0.08927058432593096,0.08943156113597572,empty,0
1.08778715133667,0.21189055199999984,0.05169798491292842,0.000875829852528161,0.43235162128077714,0.08975024197501999,0.0899120837257263,empty,0
1.125093936920166,-0.05157031799999956,0.0479862000645718,0.024838401035335984,0.43507005147372874,0.09121120369546222,0.091375679919317,empty,0
1.1628968715667725,0.02152561200000136,0.04494107125953218,0.052455160118037567,0.4378240438092607,0.09128221203895663,0.0914468163083116,empty,0
1.1639459133148193,0.06727630199999979,0.042797041309780605,0.08292237586012989,0.44061399733445417,0.09486631208888896,0.09503737937175813,empty,0
1.2001240253448486,0.27815017200000014,0.041785335930428914,0.11521400267490163,0.4434401836697161,0.09981341502632904,0.09999340315200264,empty,0
1.237699031829834,-0.0747085979999973,0.04210667454118414,0.14810480417171312,0.4463027444197495,0.10000696505846228,0.10018730220242665,empty,0
1.2388780117034912,-0.4538608679999996,0.04390490612429332,0.18022994768938524,0.4492016930125683,0.10709832941733805,0.10729145403460033,empty,0
1.2752058506011963,0.3091765019999997,0.047248326421410115,0.2101794228676805,0.45213692124855986,0.11549906964434067,0.11570734286149136,empty,0
1.312809944152832,0.19716619200000096,0.052124793542963704,0.23661981804300547,0.45510821069925655,0.11577502236072101,0.11598379318846025,empty,0
1.313924789428711,0.0041719019999995055,0.05845122413187864,0.25843132914473377,0.4581152488645572,0.1254934497362653,0.12571974527776528,empty,0
1.3503727912902832,0.002594292000001275,0.06609157231472823,0.27484494824651556,0.46115764970009526,0.1359857867312881,0.13623100253585266,empty,0
1.3878180980682373,0.15772594200000256,0.07487552533557741,0.28556370628747013,0.464234977803202,0.14676071840200486,0.147025364057308,empty,0
1.4252040386199951,0.10987177200000176,0.0846125478812411,0.2908525353100747,0.4673467752446495,0.14720542906182074,0.14747087663977235,empty,0
1.4267311096191406,0.22608904200000168,0.09509854245381445,0.29158359249895094,0.47049258979896963,0.15772767843416477,0.15801210021455098,empty,0
1.4629640579223633,0.24554623200000236,0.10611425777495462,0.2892275125917242,0.47367200319070046,0.16823626391792992,0.16853963526140045,empty,0
1.4995148181915283,-0.3229192379999972,0.1174177070236339,0.2857857241441702,0.4768846579515092,0.16849598708538693,0.16879982677357938,empty,0
1.500427007675171,0.24449449200000117,0.12873767838128294,0.2836643125299818,0.4801302815693172,0.17914212762704232,0.17946516492390535,empty,0
1.537837028503418,0.009430602000001898,0.13977883228068788,0.2854955171601872,0.4834087067852747,0.1897699545500848,0.1901121564316618,empty,0
1.574521780014038,0.11197525200000058,0.1502472575362622,0.29391835293053803,0.48671988712766606,0.2013420885795387,0.20170515786369336,empty,0
1.6127607822418213,-0.12519211799999752,0.15989869719395705,0.3113345749843001,0.4900639070304334,0.20173205158548158,0.20209582406880544,empty,0
1.6139588356018066,0.3654445920000029,0.1686029295283672,0.33965981135532014,0.49344098613887655,0.21491864731131394,0.21530619846855734,empty,0
1.6506009101867676,0.7940286420000007,0.17640921278882785,0.3800917788695721,0.49685147763711984,0.23008858912791666,0.23050349541967208,empty,0
1.6879189014434814,0.43801465199999967,0.1835916122403205,0.4329177806347055,0.5002958606351168,0.23060405407438264,0.23101988987615973,empty,0
1.6890270709991455,-0.0568290179999984,0.190654945005824,0.4973819985486284,0.5037747268332461,0.2500290105043436,0.2504798742780441,empty,0
1.7253689765930176,-0.7578137279999986,0.19829577590823055,0.5716294422403431,0.5072887618528704,0.27300116654931006,0.2734934547678923,empty,0
1.7628939151763916,0.6183880620000011,0.20733108114381182,0.6527379737876007,0.5108387217947867,0.2990385148986437,0.29957775485738697,empty,0
1.8003690242767334,0.648362652000003,0.21861459275741651,0.7368429493588599,0.5144254057719494,0.3002484293880567,0.30078985112007284,empty,0
1.8019239902496338,0.5111105820000006,0.23295180418778094,0.8193512188726374,0.5180496253569327,0.3310020171543407,0.33159889516563884,empty,0
1.837796926498413,-0.04157878799999892,0.25101212704719283,0.895233143723581,0.5217121720776539,0.36624981523058164,0.36691025368721863,empty,0
1.8758080005645752,-0.4091619179999988,0.2732366047608983,0.9593736487542424,0.5254137842691465,0.36752591529949646,0.3681886548782774,empty,0
1.877105951309204,1.289924052,0.2997504868824768,1.006956852145722,0.5291551147239045,0.4039126322253557,0.404640986000156,empty,0
1.9127650260925293,0.14720854200000133,0.3302976489197174,1.0338541978860267,0.5329367006593819,0.443662286206686,0.4444623183797696,empty,0
1.9511549472808838,-0.8135559479999976,0.3642123887258534,1.0369838111999756,0.5367589375242258,0.4814978391649704,0.48236609814162534,empty,0
1.9880390167236328,0.6446815620000024,0.4004396278683556,1.0146093849907132,0.5406220580862141,0.48252093910046656,0.48339104297782665,empty,0
1.9890718460083008,1.4098224120000005,0.4376087076777064,0.9665504265749478,0.5463044359591037,0.5161501418130067,0.5170808874103453,empty,0
2.0252161026000977,0.0020684220000006803,0.4741539521802501,0.8942820200479763,0.5520775106548673,0.5480840667499469,0.5490723970646634,empty,0
2.062891960144043,-0.22668502799999857,0.5084615729122245,0.8009109772019141,0.5579408999661745,0.5754171822912851,0.5764548009329645,empty,0
2.0995330810546875,1.6107047520000002,0.5390184000795709,0.6910256700417438,0.5638940015934704,0.5995588561197828,0.6006400081344248,empty,0
2.1378090381622314,1.2757255620000016,0.5645421000924289,0.5704280284597358,0.5699360267794065,0.6186394791594534,0.6197550382282643,empty,0
2.1753621101379395,0.09409567200000168,0.5840775568851875,0.4457670275406531,0.5760660436651183,0.6191229528587538,0.6202393837495029,empty,0
2.1766180992126465,-0.8635135979999973,0.597053855250418,0.32410224765708784,0.5822830287670273,0.6288187022421018,0.6299526169526165,empty,0
2.2127602100372314,0.2297701320000023,0.6033132146345872,0.2124325126066994,0.5885859244961476,0.6351158125635107,0.6362610825120324,empty,0
2.2509639263153076,2.6261597220000006,0.6031299968916772,0.11722705640348084,0.5949737002252263,0.6352192497624334,0.6363647062336539,empty,0
2.2522470951080322,1.3109588520000024,0.5972196273672802,0.04399444385307682,0.6014454140848334,0.6359464459151456,0.6370932136998053,empty,0
2.2877960205078125,-0.4743697979999979,0.5867128938268878,-0.0030820311973224906,0.6080002724702047,0.6354815205490549,0.6366274499589811,empty,0
2.32574200630188,-0.6421223279999992,0.5730745220406264,-0.021422556382182677,0.6146376841954158,0.6354655666764343,0.636611467317606,empty,0
2.3267500400543213,1.7910781620000016,0.557975957636532,-0.010230892883822531,0.6213573063625248,0.6358124287802067,0.636958954899025,empty,0
2.3628830909729004,0.765105792,0.5431549583819127,0.029430052376555764,0.6281590793324113,0.6381365283017599,0.639287245343378,empty,0
2.4003379344940186,-0.3250227179999996,0.5302887741082248,0.0946713616497921,0.6350432486893708,0.6433080895404634,0.6444681321783845,empty,0
2.437868118286133,-0.3066172680000001,0.5208914194044918,0.18092341120554867,0.6420103727657673,0.64357386096553,0.6447343828546684,empty,0
2.4390158653259277,1.671179802000001,0.516237348557347,0.28219505628218156,0.6490613151023313,0.6557916235967439,0.656974177115552,empty,0
2.475289821624756,1.707464832000003,0.5173067742715658,0.39144321634310697,0.656197222114505,0.6725454206468444,0.6737581853805293,empty,0
2.512834072113037,0.21241642200000044,0.5247365889401284,0.5010394851203245,0.6634194871532711,0.6731383647040218,0.6743521986616127,empty,0
2.5139079093933105,-1.2963046079999998,0.5387619199169975,0.6033067097265423,0.6707297030201244,0.6968898289237064,0.6981464926104052,empty,0
2.5506069660186768,0.5058518820000018,0.5591558177677585,0.6910842857775635,0.6781296057492112,0.7238638756564659,0.7251691801807914,empty,0
2.587829113006592,2.1081777720000012,0.5851945437392728,0.7582704084326995,0.6856210130402229,0.7525809998217219,0.7539380883808073,empty,0
2.6246800422668457,0.9791348820000003,0.6156671870461848,0.8002859016373012,0.6932057610612097,0.7535449727612552,0.7549037996005362,empty,0
2.6258740425109863,-0.1057349280000004,0.6489236332631642,0.8144088092958056,0.7008856434073018,0.7833368886310302,0.784749437618744,empty,0
2.662782907485962,-0.5153876579999981,0.6829484362963181,0.7999413415405402,0.7086623557876044,0.812664144416115,0.8141295776558957,empty,0
2.7004270553588867,1.2794066520000023,0.7154644358715581,0.7581896000381989,0.7165374495304446,0.8136083895677749,0.8150755255136996,empty,0
2.7017290592193604,1.7374394220000013,0.7440794408628763,0.6922594812976651,0.7245122962822428,0.8371408872948602,0.8386504581194754,empty,0
2.737962007522583,-0.6957610679999995,0.7664746776358056,0.6066962387916235,0.7325880653839505,0.8579779441980132,0.8595250893588592,empty,0
2.775381088256836,0.4522131420000015,0.7806113409246225,0.5070166848975478,0.7407657144137871,0.8749884358352649,0.8765662550944349,empty,0
2.812922954559326,2.9495697720000003,0.7849196620333919,0.3991978064221531,0.7490459923684124,0.8753866836169014,0.876965221014728,empty,0
2.814079999923706,1.7742503220000003,0.7784306011846289,0.2891896914180687,0.7574294540017159,0.8840216031206503,0.8856157114011723,empty,0
2.850691795349121,0.21820099199999987,0.7608135832350217,0.1825118137069523,0.7659164830307005,0.8889757073540278,0.8905787491024121,empty,0
2.8878731727600098,-1.6291803179999995,0.7323108837342341,0.08397127962388913,0.7745073213181762,0.8890219845981868,0.8906251097958193,empty,0
2.8890089988708496,0.46535989200000216,0.6936076466294161,-0.0024847849617896764,0.7832021007997044,0.8876441718627399,0.8892448125252854,empty,0
2.9251339435577393,2.2938098820000015,0.645705954753115,-0.0737956216873526,0.7920008748617904,0.8838387725144774,0.885432551106469,empty,0
2.9629011154174805,1.011212952000001,0.5898512871234708,-0.12772327214959897,0.80090364609952,0.8783589447345339,0.8799428418498637,empty,0
3.0006327629089355,-0.8898070979999986,0.5275139584372784,-0.16273994079038817,0.8099103878606506,0.8781150097768173,0.8796984670174488,empty,0
3.0020649433135986,-0.6547432079999993,0.46040372461227774,-0.17790842574539684,0.8190210576746116,0.8719922858619364,0.8735647023261235,empty,0
3.0369820594787598,2.0172022620000014,0.3904995934800929,-0.17279200930312263,0.8282356015070946,0.865843898576508,0.8674052279868845,empty,0
3.0753841400146484,1.4287537320000006,0.32007667850641613,-0.1474191459066823,0.8375539487006531,0.8656951950053766,0.8672562562666566,empty,0
3.0765750408172607,0.2912969220000008,0.251695440493309,-0.10231378030371775,0.8469759983805605,0.8631387893788055,0.8646952408122676,empty,1
3.1128618717193604,-0.7378306679999973,0.18811424820180828,-0.038586130932297805,0.8565015989459732,0.8632020766877306,0.8647586422437694,empty,1
3.1506388187408447,-0.48804241799999915,0.1321146702707258,0.04193670920370174,0.8661305229599934,0.8665320341658174,0.8680946044538342,empty,1
3.1879470348358154,1.5938769120000025,0.08626827325802824,0.13657396895952734,0.8758624402426143,0.8667290889023738,0.8682920145285251,empty,1
3.1889889240264893,-0.3660405779999998,0.05269052766250376,0.24169031925895143,0.8856968922198798,0.8774814518562385,0.8790637666361837,empty,1
3.2251698970794678,-1.7285697479999982,0.032820579232448216,0.3526752849010282,0.8956332705735335,0.8928998101497818,0.8945099280202182,empty,1
3.2629268169403076,0.5447662619999996,0.0272559285015154,0.4640416692557493,0.9056708029721205,0.8935160717493185,0.8951273008909222,empty,1
3.2641191482543945,1.5738938520000012,0.03566282985798793,0.5696669858064654,0.9158085481712267,0.9158236917190279,0.9174751469835983,empty,1
3.3003079891204834,-0.007397237999999362,0.0567667780265557,0.6631782469134945,0.9260454020889631,0.9421105269093911,0.9438093838002316,empty,1
3.3378169536590576,-0.7977798479999976,0.08841170118611939,0.7384512309319873,0.9363801156477659,0.9706911524676066,0.9724415472526614,empty,1
3.375211000442505,-1.266330017999998,0.1276816933093786,0.7901677882251953,0.9468113242886581,0.9723535173809108,0.9741069098185843,empty,1
3.3772830963134766,0.3717550320000029,0.17109738900552804,0.8143573079274429,0.9573375881765765,1.0011621302528015,1.0029674717018648,empty,1
3.4127790927886963,1.5439192620000028,0.21489746255650558,0.8088461928956723,0.9679574412912693,1.0311017656285537,1.032961095600635,empty,1
3.45061993598938,0.8124340920000002,0.25538348442939396,0.7735517054266022,0.9786694468974996,1.032077668785794,1.033938758551186,empty,1
3.451935052871704,-0.5963716379999973,0.28927304057893655,0.7105797362069598,0.9894722563601742,1.0560367816368021,1.0579410755728333,empty,1
3.487837076187134,-0.07102750800000024,0.3140039390024175,0.6241145589032152,1.0003646679498448,1.0790901261282952,1.0810359909119367,empty,1
3.5281319618225098,1.345140402000002,0.32795704504324796,0.52011722773593,1.0113456821908144,1.079296218058908,1.0812424544769665,empty,1
3.5285770893096924,0.3244267320000027,0.330586969459254,0.40587335494963545,1.0224145504398043,1.090959560636378,1.0929268289284493,empty,1
3.5621252059936523,-0.08627773799999972,0.32245501496062723,0.2894469032540891,1.0335708137332258,1.1027170615999333,1.1047055315567356,empty,1
3.612312078475952,0.3633411120000005,0.30516015711627453,0.17910195751431,1.0448143294766314,1.1061465016710998,1.1081411557514524,empty,1
3.6385059356689453,0.8497708619999997,0.2811717053269987,0.08274875396347976,1.056145284230318,1.106155115012783,1.1081497846251083,empty,1
3.6386969089508057,0.6546730919999995,0.25357636281359264,0.007455923877945167,1.0675641916220397,1.1055419803477091,1.1075355443274986,empty,1
3.675311803817749,-0.35236795799999854,0.22575928258314384,-0.04094692076880262,1.0790718752393407,1.1036758471338575,1.1056660460166876,empty,1
3.712967872619629,-0.4822578479999997,0.20104922135304004,-0.05816768536122316,1.0906694371682888,1.1036200980379394,1.105610196391444,empty,1
3.7140848636627197,0.5910428220000021,0.1823712781771059,-0.041652445270965295,1.102358213604489,1.103032514631147,1.1050215534273162,empty,1
3.7504169940948486,0.23608057200000232,0.17195470303234303,0.009307333668436231,1.1141397196249154,1.1049681809666503,1.1069607102450916,empty,1
3.7880520820617676,-0.08732947799999735,0.17113193574927307,0.09355764898842663,1.1260155857430376,1.1108111384162773,1.1128142039834477,empty,1
3.826784133911133,-0.18093433800000014,0.1802483572739719,0.20815409467809717,1.1379874892524975,1.1208644533053351,1.1228856474707825,empty,1
3.862903118133545,0.12038917200000299,0.19869087704433566,0.3485235143682641,1.150057083584169,1.1369805104469926,1.1390307658254784,empty,1
3.900503158569336,0.2082094620000028,0.2250350800986767,0.5087126457459057,1.1622259289553574,1.1378166439261397,1.1398684070588456,empty,1
3.9019079208374023,-0.3402729479999991,0.25729788485121485,0.6817143726249314,1.174495427484479,1.1654886118018395,1.1675902742955715,empty,1
3.9378089904785156,0.4637822820000004,0.29326490519180026,0.8598535055649852,1.1868667656930845,1.2010730891189816,1.2032389191734938,empty,1
3.9753639698028564,2.216506992000003,0.33084331734385447,1.0352069075865893,1.1993408669383523,1.243247730541961,1.2454896118432788,empty,1
4.0131001472473145,-0.37760971799999865,0.3683783480773281,1.2000296361812044,1.2119183558357327,1.244885307720836,1.2471301419763934,empty,1
4.014385938644409,-0.4149464879999982,0.4048744500246298,1.3471598730582224,1.2245995361681281,1.347411390161963,1.349841104149432,empty,1
4.087162971496582,1.4908063919999996,0.4400844913155125,1.4703796287068884,1.2373744218325666,1.3485572467380837,1.3509890269866598,empty,1
4.087918043136597,1.5239362020000016,0.47445773994696194,1.5647140376329136,1.2502427686530622,1.4064470842802685,1.4089832541377165,empty,1
4.124197006225586,0.28446061200000017,0.5089552580275101,1.6266581854477633,1.2632039701723452,1.4683263862879707,1.470974139739502,empty,1
4.161916971206665,-0.5111806980000004,0.5447570726218772,1.6543258790253446,1.276257079822261,1.5309163739367349,1.5336769925232767,empty,1
4.1998291015625,0.3622893720000029,0.5829115571318434,1.6475190482477022,1.2894008482419612,1.5325881134308093,1.5353517465746436,empty,1
4.2008562088012695,1.0674810420000007,0.6240019330922771,1.6077194136625257,1.3026337742161316,1.5889685645240978,1.5918338654819655,empty,1
4.236701965332031,0.22661491200000228,0.667905977773569,1.5380058576065976,1.3159541670202515,1.645592469728022,1.6485598775075356,empty,1
4.274693012237549,-0.4722663179999991,0.7137035715297012,1.442902004434998,1.3293602173651193,1.646831230684619,1.6498008722546773,empty,1
4.27558708190918,0.17613139200000205,0.7597593913231877,1.3281593477242768,1.3428500736669207,1.6930280466356136,1.696080992421973,empty,1
4.31212592124939,0.8497708619999997,0.8039786864999661,1.2004823270076481,1.356421920064174,1.7404546020590546,1.7435930695843063,empty,1
4.353954076766968,2.4699763320000017,0.8441938116092518,1.0672033902604772,1.370074052481036,1.773570100194546,1.7767682831041336,empty,1
4.3870179653167725,2.208618942000001,0.8785935719817844,0.9359184195417188,1.3838049491059923,1.7744679918904651,1.7776677939195202,empty,1
4.388044118881226,-0.1898741279999996,0.9060842055046824,0.8140958610157444,1.3976133319096926,1.8018586570011605,1.8051078511332004,empty,1
4.424018859863281,1.0990332420000009,0.926492175676245,0.7086761930962178,1.4114982162472043,1.827072817902243,1.8303674793651004,empty,1
4.461811065673828,1.9230715320000016,0.9405729089801332,0.6256815328053401,1.4254589461525846,1.8276591426307003,1.8309548613811866,empty,1
4.462791919708252,1.0464462420000018,0.9498414810039552,0.5698576766584493,1.439495213609269,1.8477810360725797,1.8511130395437585,empty,1
4.498909950256348,0.6041895720000028,0.95627319823106,0.5443721490838268,1.4536070608406177,1.8684412973802322,1.8718105563817193,empty,1
4.536646842956543,-0.9339801779999988,0.9619434103338274,0.5505914173014647,1.4677948654838262,1.8900493666102576,1.8934575902727486,empty,1
4.574604034423828,0.9102459120000006,0.9686918634282001,0.5879580061272477,1.4820593093578032,1.8906504536198072,1.8940597611899492,empty,1
4.5755720138549805,2.0056331220000025,0.9778917303148951,0.6539836926421628,1.496401332376194,1.9159571583137827,1.919412100093952,empty,1
4.611767053604126,0.648362652000003,0.9903672708272023,0.7443683947911949,1.510822073946298,1.9469754493132938,1.9504863246977497,empty,1
4.650597810745239,-0.2976774779999971,1.006456463683577,0.8532461398308755,1.5253228048811036,1.9471910426925332,1.950702306844854,empty,1
4.65083384513855,0.5821030320000027,1.026182769658833,0.9735501690920476,1.539904853379819,1.985282833541835,1.988862786557639,empty,1
4.687619209289551,3.277186782000001,1.0494827102318318,1.097479531358284,1.5545695289515447,2.0290709370998163,2.0327298508313127,empty,1
4.725456953048706,2.7003073920000027,1.076416318707092,1.2170402685907378,1.569318048229523,2.029414225080016,2.0330737578441354,empty,1
4.725727081298828,0.9381170220000001,1.1072741757942215,1.324626366014661,1.5841514664321674,2.078683056136832,2.0824314327157203,empty,1
4.761713027954102,0.3822724320000006,1.1425195224605913,1.4135998381636223,1.599070617779274,2.133069346940289,2.136915795371958,empty,1
4.79931902885437,0.8129599620000008,1.1825722919353754,1.4788263439071523,1.6140760675019183,2.1897604014141567,2.1937090777541144,empty,1
4.8371641635894775,1.579152552,1.2275139159682995,1.5171230625711318,1.629168077252368,2.1909948175754383,2.194945719871207,empty,1
4.837975025177002,-0.6131994779999985,1.2768252687403436,1.5275794619381171,1.644346584805861,2.24618082501959,2.250231241253847,empty,1
4.8742899894714355,0.007852992000000114,1.329259365209288,1.511718993470832,1.6596111980399357,2.3043993796023297,2.3085547782030953,empty,1
4.913294792175293,1.9824948420000013,1.3829103689323774,1.4734802921023813,1.6749612023675973,2.304751087483977,2.308907120300518,empty,1
4.913537979125977,2.995846332000003,1.435479644615594,1.4190094624573681,1.6903955801598651,2.3558399137552017,2.3600880722853153,empty,1
4.950355052947998,2.191791102,1.4846709905485644,1.3562695571732999,1.7059130402644629,2.4086957579278945,2.4130392285392652,empty,1
4.990234851837158,1.4003567520000004,1.5286038571002396,1.2944882522929788,1.7215120555198993,2.4522589157864187,2.4566809414810846,empty,1
5.024564027786255,0.814011702000002,1.5661424246664182,1.2434787483201348,1.737190906155885,2.4535569907460246,2.457981357188965,empty,1
5.025620937347412,1.9167610920000016,1.5970864675846959,1.212880825501472,1.7529477271169067,2.4971780534562598,2.5016810793991784,empty,1
5.061608076095581,2.7344889420000023,1.6222161182011476,1.2113776305812327,1.7687805575881406,2.5437578187821193,2.548344839493207,empty,1
5.0995190143585205,1.6001873520000025,1.6432038210988205,1.2459482737683627,1.7846873912813792,2.5450373295472724,2.549626657530828,empty,1
5.100515842437744,0.783511242000003,1.6624150334088623,1.3212160985469354,1.8006662262984323,2.5948723056368084,2.5995514983338093,empty,1
5.1366260051727295,0.7167257520000021,1.6826338674074597,1.4389473742835852,1.816715113587916,2.652071153706263,2.656853489988242,empty,1
5.17429780960083,1.7164046220000024,1.7067655717960462,1.5977453956963075,1.8328322031222957,2.7182261599946687,2.7231277900166986,empty,1
5.2133190631866455,3.3208339920000007,1.737562789320089,1.7929712117503362,1.8490157869383916,2.7188874354356956,2.7237902578999154,empty,1
5.213666200637817,1.866803442000002,1.777393996786913,2.0169054742392527,1.8652643381182217,2.797630840742874,2.8026756569253397,empty,1
5.25049614906311,0.7146222719999997,1.8280470524148533,2.2591475029678008,1.8815765446671786,2.8922218992932733,2.897437286408809,empty,1
5.290187120437622,1.922545662000001,1.890562768913018,2.507229094766113,1.897951337115564,2.8925996190994567,2.8978156873366627,empty,1
5.29033088684082,2.6424616920000012,1.965114028208458,2.747403389329117,1.9143879085767044,3.096021486098914,3.1016043739720636,empty,1
5.361545085906982,1.430857212000003,2.050957805354972,2.965554691136448,1.9308857259892251,3.212298363384558,3.218090927053254,empty,1
5.399583101272583,0.23134774200000052,2.146481287856534,3.148164763890562,1.9474445313912196,3.215269272612946,3.221067193561357,empty,1
5.400506973266602,2.902241472,2.2493478193021814,3.2832656672135534,1.964064332339656,3.3354760329452033,3.3414907162344254,empty,1
5.4366888999938965,4.857952002000001,2.3567245183403216,3.3613091912931243,1.980745380993226,3.463119326196979,3.4693641817240826,empty,1
5.474581003189087,3.468077592,2.4655412082073087,3.3758884033749488,1.9974881418894026,3.4663884855699743,3.4726392361951257,empty,1
5.47555685043335,1.0727397419999996,2.572715418065081,3.3242573258169137,2.014293249017496,3.5890413253857605,3.5955132492343824,empty,1
5.5131120681762695,0.5505508320000025,2.6753101188189214,3.2076094659238543,2.0311614533645233,3.7024327655056077,3.709109161997203,empty,1
5.5494630336761475,2.976389142000002,2.7706506888626827,3.0310936089767657,2.0480935626411645,3.812273303093974,3.8191477690783153,empty,1
5.587114095687866,4.036017192000003,2.856456085727208,2.8035645238630975,2.0650903753458296,3.8147193319531447,3.8215982087288567,empty,1
5.588030099868774,3.208823682000002,2.931007905188868,2.537085464754094,2.082152611677032,3.9040758723331517,3.9111158809188056,empty,1
5.625391960144043,1.5644281920000012,2.9933261012482784,2.246217064705669,2.0992808440533977,3.9833175169890853,3.990500417741019,empty,1
5.6631858348846436,5.217647082000003,3.0432918319315765,1.9471420549829694,2.1164754301526196,3.985616788625596,3.9928038355295494,empty,1
5.664461851119995,4.932099672,3.0816651799417225,1.6566861296595163,2.133736451444714,4.040629922269524,4.047916171378004,empty,1
5.700559854507446,2.0203574820000014,3.109972165190574,1.3913014863565094,2.15106366017676,4.088582547166852,4.095955266646817,empty,1
5.738061189651489,-0.052096188000000154,3.1302789318764397,1.1660807888687095,2.168456437661711,4.089807921493063,4.097182850624186,empty,1
5.739195823669434,2.195998062000001,3.144924974063497,0.9938656023575836,2.1859137665162773,4.12367884302397,4.131114849753526,empty,1
5.775259971618652,5.3328126120000015,3.156310686361727,0.8845052150314662,2.2034342191558682,4.190800153425426,4.1983571963789075,empty,1
5.852910041809082,4.667587062000003,3.1667914448717975,0.8443099743649466,2.2210159643602347,4.191334909763555,4.19889291701418,empty,1
5.853531837463379,2.374267992,3.1786524097064333,0.8757288661562368,2.2386567930528813,4.191443368771509,4.19900157160039,empty,1
5.853648900985718,1.5944027819999995,3.194097730068444,0.9772652311975957,2.256354163590449,4.226564268999106,4.234185803445308,empty,1
5.886767864227295,4.447247532000002,3.2152088997151287,1.1436284677638078,2.2741052658598755,4.274032121622286,4.281739252276383,empty,1
5.924594879150391,4.863210702,3.2438648131885004,1.3661044688521906,2.2919071023817774,4.2760493326866715,4.283760100868235,empty,1
5.925940036773682,2.7076695720000004,3.2816300128974882,1.6331144025400381,2.3097565834907314,4.339832786053927,4.347658571482596,empty,1
5.961732864379883,1.124275002000001,3.329621181182908,1.9309210555697323,2.327650632593038,4.418273316842686,4.426240549832385,empty,1
5.999305963516235,3.0231915720000018,3.388379721764319,2.244434855535674,2.3455862965796284,4.509013892150024,4.517144752704892,empty,1
6.037094831466675,5.923364622000001,3.4577934321292294,2.5580681157808867,2.3635608557791765,4.5128344709176185,4.520972220915266,empty,1
6.038506031036377,3.713133012,3.537093468818142,2.85658598364064,2.3815719274440257,4.62094940258663,4.629282110385324,empty,1
6.074649810791016,1.6291102019999997,3.624919178954736,3.125905742623043,2.399617556720816,4.745658515544952,4.7542161045331115,empty,1
6.113142013549805,2.999001552000003,3.7194336168083426,3.353802043382881,2.4176963834759295,4.749779103688301,4.758344123109898,empty,1
6.114339113235474,5.043058242000001,3.818487158562664,3.5304836893392504,2.4358076043360466,4.887543121197365,4.896356563010785,empty,1
6.152716159820557,4.555576752,3.919826805745875,3.649017067897879,2.4539509956622103,5.017023946181365,5.026070873754123,empty,1
6.187927007675171,3.6537097020000004,4.0213221257471865,3.705581464839931,2.4721269064960176,5.156447164174514,5.165745506085468,empty,1
6.225582838058472,3.7026156120000024,4.121157041348259,3.6995516353441222,2.490336220598812,5.1608730233350695,5.170179346158155,empty,1
6.226789951324463,5.408012022000001,4.217943222242813,3.6334125284142442,2.5085802885146635,5.289763924518518,5.299302669323301,empty,1
6.262863874435425,5.8797174120000015,4.310732968179239,3.5125194949471163,2.526860832426581,5.418717849394796,5.428489129828487,empty,1
6.3004748821258545,3.6168988020000015,4.398932461936879,3.3447243171664547,2.54517982831828,5.42445370674816,5.434235330342777,empty,1
6.302243947982788,1.8683810520000002,4.482147435235344,3.139892782737451,2.5635393714764487,5.5321696090976245,5.542145470945326,empty,1
6.337857007980347,2.8291455420000027,4.560032577920525,2.909343219832885,2.581941532555932,5.636185685258646,5.6463491136632395,empty,1
6.3751749992370605,6.305672112,4.632229205921688,2.665237439961216,2.600388212186813,5.730816288778487,5.741150359425453,voiding,1
6.412393093109131,6.632237382,4.698429455040558,2.419956006275714,2.6188810023596063,5.73270434037195,5.743041815640103,voiding,1
6.413213014602661,5.3454334920000015,4.758523001716327,2.185488803650372,2.6374210625483734,5.809906492992831,5.820383182721731,voiding,1
6.450344085693359,3.420223422000003,4.812732999130526,1.9728697005954632,2.6560090177254536,5.879049739911249,5.889651111912692,voiding,1
6.487077951431274,5.204500332000002,4.861670199427065,1.7916808322416624,2.674644884129033,5.880667309720217,5.891271598597693,voiding,1
6.488018035888672,4.784330202,4.9062957797424325,1.6496478616644972,2.693328026947071,5.938365378561426,5.949073711241661,draining,1
6.524056911468506,4.454609712,4.947826919458902,1.552342650686258,2.712057152092166,5.996158896797514,6.006971445399232,draining,1
6.561887979507446,4.871624622000002,4.9876242910100475,1.5030042497290208,2.730830332100492,6.055708234859544,6.066628165557548,draining,1
6.601515054702759,6.6748328520000015,5.027084657516256,1.5024831736312008,2.7496450640472703,6.11133135191046,6.122351584763034,draining,1
6.637967824935913,4.138035972000001,5.067545805227407,1.549307770933306,2.7684983553867877,6.171546393053151,6.182675208428322,draining,1
6.675729990005493,4.023922182,5.110206607224199,1.6398653621081696,2.7873868319417316,6.173682068091685,6.18481473461399,draining,1
6.676983118057251,4.447247532000002,5.156072556132487,1.768685001978717,2.806306861007338,6.2402346824179515,6.251487359665349,draining,1
6.712981939315796,6.697445262000002,5.20594017493909,1.9288035267863572,2.8252546817904474,6.315875986237228,6.327265063351261,draining,1
6.7504189014434814,6.961957872000003,5.260415042225977,2.1121922976765575,2.8442265352219867,6.398993158071998,6.410532115880583,draining,1
6.788007974624634,4.803261522,5.319931155441087,2.3102190469290997,2.8632187855691904,6.402266660043476,6.4138115207808815,draining,1
6.78936505317688,3.2671952520000005,5.38473995244972,2.514117710968992,2.882228027191762,6.49444245404628,6.506153530401002,voiding,1
6.8246169090271,5.036747802000001,5.454873731361815,2.7154392459439114,2.9012511711535005,6.600620792210142,6.612523334211724,voiding,1
6.862390041351318,7.212271992000002,5.530121187009297,2.906458205000842,2.9202855081023116,6.603167996826913,6.6150751320646295,voiding,1
6.863240957260132,6.084280842000002,5.61004397776133,3.0805132228159677,2.939328745726778,6.716741593557817,6.7288535299116585,voiding,1
6.89922308921814,5.131930272000002,5.694027050169687,3.232264289280741,2.9583790210333882,6.84175624902142,6.854093617532979,voiding,1
6.9371631145477295,4.977850362000002,5.7813376147138955,3.357855478831413,2.9774348895118488,6.844974811624509,6.857317983995701,voiding,1
6.938107967376709,5.921787012000003,5.871182339347385,3.4549782331981853,2.996495294826294,6.972833091659663,6.98540682394276,voiding,1
6.974755048751831,6.112677822000002,5.962770073360588,3.522836929018319,3.0155595238716524,7.1063470435155836,7.119161534277283,voiding,1
7.012444972991943,6.133186752,6.0553820865776204,3.562024850238122,3.0346271527846063,7.242812599912502,7.25587317162142,voiding,1
7.050690174102783,6.976156362000001,6.148430851405635,3.574324413630142,3.053697989754484,7.246747410387658,7.2598150775272074,voiding,1
7.051792860031128,7.567760112000002,6.241475250215573,3.562450209154875,3.0727720202401314,7.374704785405881,7.388003191149951,voiding,1
7.087876796722412,5.647808742000002,6.334169699390881,3.529756836487716,3.091849359503711,7.506609978273039,7.520146241507753,voiding,1
7.125511884689331,4.785907812000001,6.426158193484081,3.479935447643619,3.1109302162974313,7.510807032483851,7.524350864039121,voiding,1
7.1267290115356445,5.089334802,6.516966487326758,3.4167232260597817,3.130014870188775,7.634220814191736,7.647987191135781,voiding,1
7.1632399559021,6.954595692000002,6.605964319537223,3.343648703474488,3.1491036635076335,7.757011186865171,7.77099898503824,voiding,1
7.200407028198242,8.655785142000003,6.6924391281376145,3.2638328702720942,3.1681970073765924,7.876054960013442,7.890257423375518,voiding,1
7.237355947494507,7.200702852000003,6.775757973290773,3.179861582263965,3.187295399872222,7.879056916087607,7.893264792714493,voiding,1
7.2383129596710205,5.433253782000001,6.855545636378458,3.093739000542546,3.2063994531754445,7.988072563818309,8.002477022458734,voiding,1
7.274051904678345,7.185978492,6.931808879068364,3.006925006655249,3.225509925694631,8.100932582192899,8.115540555192245,voiding,1
7.312132835388184,8.129915142000002,7.004972607823901,2.920452096311946,3.2446277546484197,8.10356383868997,8.118176556491655,voiding,1
7.313047170639038,8.176717572000001,7.07582297888536,2.835109651117823,3.2637540845046655,8.207997462113418,8.222798499412361,voiding,1
7.350433111190796,6.236783142,7.145366022918263,2.7516762840317304,3.2828902869818464,8.307612179003874,8.322592846126902,voiding,1
7.387171983718872,4.718596452,7.214630229939542,2.6711747745754013,3.3020379689915935,8.407916264117171,8.423077804164668,voiding,1
7.425264835357666,7.324282302,7.284471156080747,2.5951195981539867,3.3211989658707117,8.410589434409994,8.425755794840708,voiding,1
7.426308870315552,8.673138852000001,7.355442881211112,2.525724819233989,3.340375318431833,8.501999126194297,8.517330320771686,voiding,1
7.46293306350708,8.500127622,7.427762777371735,2.4660406679274773,3.3595692336550966,8.593861275993754,8.609358120610855,voiding,1
7.500535011291504,7.872764712000002,7.501341617552819,2.4199907858744973,3.3787830301455237,8.683894524146579,8.699553720844099,voiding,1
7.53795313835144,6.409268502,7.57583249071573,2.3922889954522484,3.3980190706927766,8.686310822101598,8.70197437597836,voiding,1
7.538964033126831,6.3950700120000015,7.650682986443486,2.3882242960231657,3.4172796853040586,8.774697274673368,8.790520211053265,voiding,1
7.575779914855957,7.540940742,7.725217485517129,2.413315062565421,3.43656708886679,8.866022511429204,8.882010129662596,voiding,1
7.613161087036133,8.511170892000003,7.798784124076227,2.472847218042127,3.4558832980873424,8.869328526013629,8.885322105804075,voiding,1
7.614471912384033,8.609508582,7.87096564032307,2.571325279414382,3.475230052521219,8.964714676211399,8.980880260680625,voiding,1
7.650581121444702,8.228252832000003,7.941806939848049,2.7118782400815356,3.49460874435884,9.069656785590729,9.086011606482398,voiding,1
7.688009977340698,7.228573962000002,8.011992513348675,2.8956727719469098,3.5140203611814003,9.073444794678283,9.089806446281589,voiding,1
7.689269065856934,8.378651652000002,8.082922219980784,3.1213928095587775,3.5334654451944014,9.191128758087974,9.20770262280903,voiding,1
7.725444793701172,8.939754942,8.156662649858276,3.384846065103447,3.55294407153719,9.324126667166428,9.340940359814095,voiding,1
7.763102054595947,9.039144372000003,8.23577112051467,3.678753672014302,3.5724558472196195,9.46886814594366,9.485942843061169,voiding,1
7.800836801528931,7.916411922000002,8.323001996076817,3.992768759780006,3.5919999311197475,9.474090537982221,9.491174652356463,voiding,1
7.802094221115112,7.135494972,8.420926117141073,4.313753734305317,3.611575074356298,9.634283055979763,9.651656036846086,voiding,1
7.837931156158447,8.068914222,8.531523960368803,4.626325421673496,3.6311796792886897,9.81380089451496,9.83149759017728,voiding,1
7.875566005706787,9.735396252000001,8.655829385532963,4.913653650362784,3.6508118744493596,10.015389747131278,10.033449957053977,voiding,1
7.915595054626465,9.164301432000002,8.7936866137724,5.158474369507283,3.670469601921737,10.197406339487099,10.21579477007323,voiding,1
7.950255870819092,7.548302922000001,8.943652270469205,5.344255361048742,3.6901507130747104,10.402269790509843,10.421027640262315,voiding,1
7.9881911277771,7.661364972000001,9.10305440207176,5.456433362347319,3.709853068171825,10.407979389662458,10.426747535225864,voiding,1
7.989234924316406,9.630748122,9.268213143474307,5.483628110568094,3.7295746352008456,10.604793816257473,10.623916866617385,voiding,1
8.025339841842651,11.366644992000005,9.434807548379235,5.418733123296968,3.749313583316922,10.805827700006509,10.825313263881496,voiding,1
8.062991857528687,10.118755482000005,9.598331004952035,5.259785945927688,3.7690683665521605,10.812180682707918,10.831677702572549,voiding,1
8.064229011535645,7.973731752000003,9.754544501348184,5.01053232597629,3.788837793900023,10.987968516134252,11.007782524678674,voiding,1
8.100507020950317,10.636211562,9.899844475203635,4.680618663980436,3.808621082512395,11.158205278179583,11.178326265457407,voiding,1
8.13848090171814,12.425747172000001,10.031498388762694,4.285373676185349,3.828417891522665,11.16135626602695,11.181482935310509,voiding,1
8.139256000518799,10.505795802000002,10.147733738545066,3.8451713451383647,3.848228334896838,11.292334923362976,11.312697779365834,voiding,1
8.175490140914917,7.580380992000002,10.247693338572846,3.3844003187202767,3.8680529726795396,11.411065668698475,11.431642625424239,voiding,1
8.213095903396606,7.768116582000001,10.331310271505053,2.930097114661617,3.887892781001855,11.512878185824084,11.53363873554807,voiding,1
8.250524044036865,11.277247092000003,10.399191861485981,2.5103290130576927,3.907749102209633,11.515586817400944,11.536352251453561,voiding,1
8.251685857772827,13.633670561999999,10.452584242343843,2.15243489310019,3.927623577408728,11.58638606701784,11.60727916952298,voiding,1
8.286789894104004,11.135262191999999,10.493414497801552,1.8812465302531842,3.9475180645623906,11.65453737425297,11.675553370319545,draining,1
8.324665784835815,7.8564627420000015,10.524344714906869,1.7174177344470554,3.9674345459724143,11.655959684050964,11.67697824489177,draining,1
8.325504064559937,8.283995052000002,10.548780609467354,1.6759836733867173,3.98737502949134,11.718274955999366,11.739405886595238,draining,1
8.36172080039978,12.008732262000002,10.570826352061568,1.7652580897566479,4.007341448117287,11.789411544589436,11.810670751942933,draining,1
8.399646043777466,14.983578852,10.595188136728934,1.9861529628577814,4.027335562695679,11.870210489508576,11.891615397223578,draining,1
8.437069177627563,11.664813282000004,10.626986385439722,2.3319752432293464,4.047358872286313,11.872524646887303,11.893933727596979,voiding,1
8.437973022460938,7.368981252000001,10.671414606140347,2.788720905664101,4.067412536356937,11.984980651823813,12.006592518356856,voiding,1
8.474695920944214,8.498024142000002,10.733243746456388,3.3358503880599897,4.0874973123572635,12.125193108884226,12.147057812947532,voiding,1
8.513198137283325,13.200879552000004,10.8162713704448,3.9474943329545504,4.107613511443525,12.130646729092303,12.152521267373576,voiding,1
8.514475107192993,11.960352222000004,10.922858730385261,4.5940071805722456,4.127760974206306,12.493545874523667,12.516074809180191,voiding,1
8.588251829147339,7.209116772000002,11.05366123012324,5.243761042741662,4.147939067253303,12.501384253007213,12.52392732218715,voiding,1
8.589663028717041,8.577956382,11.207599723969567,5.865055388092101,4.168146700467058,12.721811030434553,12.744751583284465,voiding,1
8.625524997711182,14.180049492000002,11.38207819248513,6.42801069890133,4.188382363750482,12.731432732299062,12.75439063544286,voiding,1
8.626968145370483,16.945599822,11.573396718245302,6.90631694594086,4.208644181143908,12.98708816470724,13.010507077446643,voiding,1
8.663013935089111,11.571734292000002,11.777232818794293,7.278720164013656,4.228929979396968,13.265798892153377,13.289720388853313,voiding,1
8.700654983520508,7.402111062000003,11.98904336380651,7.530151483337383,4.2492373674514825,13.275827574952569,13.299767155833068,voiding,1
8.70197606086731,9.853191132000003,12.204321544933425,7.652430858976107,4.269563822872742,13.551577439358459,13.576014265035523,voiding,1
8.73802900314331,16.194657462000002,12.418752037011103,7.644510083868692,4.289906781078492,13.835986472291724,13.860936157374999,voiding,1
8.77555799484253,17.586635352000002,12.628328234265197,7.512253796850557,4.310263723264448,14.123267294108121,14.148735017138971,voiding,1
8.814432144165039,10.373276562000001,12.829435591043804,7.267790362214819,4.3306322592025,14.124600849351237,14.150070977110035,voiding,1
8.814620018005371,7.035579672000001,13.01888261346437,6.928494131249601,4.35101020156583,14.365741931062306,14.39164689547416,voiding,1
8.85049295425415,11.148408942000003,13.193927151407424,6.515684512993674,4.3713956290725,14.599968475167001,14.62629580762072,voiding,1
8.887763977050781,18.583684872,13.352400918297395,6.053143843703218,4.391786936481337,14.603431120016014,14.629764696469659,voiding,1
8.888360023498535,17.424141522,13.492972401540472,5.565564268929868,4.412182870260479,14.794849512622722,14.821528263497017,voiding,1
8.92433214187622,7.535156172000001,13.615456697995054,5.07703345617109,4.4325825495169635,14.976377561083153,15.003383651656135,voiding,1
8.961812019348145,13.270820262,13.721021547055658,4.609660348866756,4.4529854724679865,15.143220155279453,15.170527104066773,voiding,1
8.999764919281006,21.081567372000002,13.8121875354489,4.1824263950418334,4.473391509305952,15.146997095589459,15.174310855128692,voiding,1
9.000710010528564,16.104207822,13.89258689772751,3.810326304260093,4.493800882731735,15.280564202662099,15.308118816531856,voiding,1
9.037232875823975,7.5004487520000005,13.96648818858071,3.5038373569039925,4.514214137695683,15.408650742800019,15.436436328190762,voiding,1
9.075057983398438,7.783892682000001,14.038168906203333,3.268729773844676,4.53463210200433,15.411672309670244,15.439463343688885,voiding,1
9.076005935668945,16.602206712000005,14.11131530008025,3.1062048388612205,4.555055839448585,15.541048514452147,15.56907284557418,voiding,1
9.11828899383545,22.490373102,14.18862685127133,3.0133243717479137,4.5754865970230325,15.637732063125537,15.665930738454755,voiding,1
9.150532960891724,14.083289412,14.271664636362384,2.983676462836149,4.595925747677186,15.641201362111918,15.66940629344011,voiding,1
9.15169095993042,7.085537322,14.360857208934373,3.0082093167721085,4.616374729909552,15.751748513476045,15.780152788495338,voiding,1
9.188029050827026,9.793241952000002,14.455603291330881,3.076158278579514,4.6368349854197755,15.86868235508561,15.897297490568635,voiding,1
9.225435018539429,20.263839522000005,14.554509621394109,3.175990710513186,4.657307895999485,15.991082936144466,16.019918789966404,voiding,1
9.26325798034668,21.704197452000002,14.65579426598585,3.2962988834440132,4.677794720882628,15.995506828607443,16.024350659795076,voiding,1
9.26457405090332,11.417654382000002,14.757758245785238,3.4265814980899147,4.698296535890872,16.120786524938072,16.149856266217263,voiding,1
9.300447940826416,7.375291692000001,14.859154152219785,3.557868562898606,4.7188141758844635,16.2565045482141,16.28581902245452,voiding,1
9.337933778762817,22.282128582,14.959355791572182,3.6831606229122147,4.7393481822359185,16.261461086619775,16.290784498717468,voiding,1
9.339258909225464,18.704634972,15.058347656635107,3.797670201511492,4.759898757245367,16.400915431003018,16.43049031356744,voiding,1
9.375497102737427,9.968356662000001,15.156587127715467,3.8988693258909666,4.780465727568222,16.545136630391614,16.574971579234237,voiding,1
9.412077188491821,10.042504332,15.254789494967659,3.9863609251763736,4.801048518783935,16.700268404304584,16.730383093873556,voiding,1
9.450628995895386,17.385227141999998,15.353718099619256,4.061602807835352,4.821646143160491,16.70606714842595,16.736192294556155,voiding,1
9.452045202255249,21.398141112000005,15.454070526951902,4.127520311095472,4.84225720243573,16.85540939232479,16.885803839235415,voiding,1
9.487963914871216,15.662477022000004,15.556470799178053,4.188047426287979,4.862879907031233,17.013823432103052,17.044503538472302,voiding,1
9.525521993637085,11.179435272,15.66148816109898,4.247636452314456,4.883512112540644,17.018645095661242,17.049333896675257,voiding,1
9.526648759841919,13.597911402000001,15.769618633524745,4.310773513306404,4.904151373609605,17.176711737507738,17.207685571536505,voiding,1
9.563018083572388,18.724618032000002,15.881249444365203,4.381532289128558,4.924795014478876,17.34282824762798,17.374101630562993,voiding,1
9.600580930709839,19.854712662000004,15.996652221797996,4.463191834811413,4.945440214536199,17.513638709542246,17.545220105732565,voiding,1
9.638449907302856,14.855266571999998,16.115994311754967,4.557937188556922,4.966084106265385,17.519736307581894,17.55132869924053,voiding,1
9.639771938323975,13.081507062,16.239319386732635,4.666654280549042,4.986723882049012,17.68745743624113,17.719352270327718,voiding,1
9.67524790763855,14.962544051999998,16.366493182000085,4.788823999523087,5.00735690543568,17.871268358358392,17.9034946487261,voiding,1
9.7131028175354,18.364397082000004,16.497175278926044,4.922514509437685,5.027980821787744,17.877400834407577,17.909638183137226,voiding,1
9.714330911636353,19.441904712000003,16.630872770367326,5.06446620226805,5.048593662744725,18.064581313177566,18.097156194327354,voiding,1
9.750766038894653,14.174264921999999,16.76706452419293,5.210260022399832,5.069193938730568,18.261645960415354,18.294576197570983,voiding,1
9.788071870803833,14.820559152000001,16.905338721410924,5.35455717387864,5.089780713850289,18.461081708481796,18.494371577320972,voiding,1
9.824847936630249,19.505534982,17.045497448962646,5.491396224605314,5.110353657998712,18.46816738093458,18.50147002698315,voiding,1
9.8261239528656,20.721872292,17.187603965636377,5.614532142887701,5.130913071855052,18.68066023920265,18.714346062114455,voiding,1
9.86362600326538,16.381867182,17.33194559526816,5.717800676403367,5.151459881647851,18.898405980229228,18.932484452243266,voiding,1
9.901451110839844,12.897978432000002,17.478895359483957,5.795490626095889,5.171995602100288,18.899934874256434,18.93401610324227,voiding,1
9.901713848114014,16.169415702000002,17.628711070083384,5.842705987125995,5.1925222677287435,19.107072851790157,19.14152760147281,voiding,1
9.937126874923706,22.451984592000002,17.781358272934604,5.855699723680361,5.213042334562366,19.333396584798724,19.368259451811987,voiding,1
9.975854873657227,20.885417862000004,17.9364133175041,5.832161276618415,5.233558556251569,19.54896891662637,19.584220513550765,voiding,1
10.01301097869873,14.703816012000004,18.093028356026004,5.771440962467295,5.254073840301138,19.55314151451165,19.588400635655834,voiding,1
10.013740062713623,13.585290522000001,18.24992336446445,5.6746963826092545,5.274591091662305,19.755666311635235,19.791290634777834,voiding,1
10.04984188079834,19.914135972000004,18.405428620456547,5.544948935437459,5.295113052024118,19.961893000594102,19.997889201156184,voiding,1
10.087570905685425,22.712290242,18.557634870985822,5.38704252609963,5.315642143757917,19.966571034307634,20.00257567051456,voiding,1
10.088454008102417,18.546873972,18.704651605981248,5.207501489453884,5.336180327522517,20.156027255473603,20.192373527823687,voiding,1
10.125523090362549,14.923103802,18.844893778603033,5.014290344315332,5.356728982003536,20.340073715549742,20.37675186891379,voiding,1
10.162966012954712,21.523298172000004,18.977308271952065,4.816483929414142,5.3772888131524414,20.51752878265483,20.554526931130866,voiding,1
10.200561046600342,20.921177022000002,19.101500548574563,4.623862302366126,5.397859798666729,20.523369778838806,20.560378460066925,voiding,1
10.201848983764648,18.562650072000004,19.217757054070102,4.446450048038496,5.4184411714092455,20.681073468623275,20.71836652837435,voiding,1
10.237934827804565,17.622920382000004,19.326969620808683,4.294023895706533,5.4390314431333895,20.840977311370892,20.878558717061605,voiding,1
10.275694131851196,18.214524132,19.43049094257341,4.1756154043263045,5.459628467417133,20.846453889640312,20.88404517094802,voiding,1
10.277017831802368,20.505739722,19.529977865228428,4.099036664021318,5.480229538281295,21.005159233518782,21.043036699578025,voiding,1
10.315871000289917,21.531712092,19.627269748946212,4.070456330061324,5.500831518745385,21.14500862296598,21.18313827185532,voiding,1
10.350128889083862,20.121854622,19.72430412703068,4.094050845985979,5.521430991714167,21.1504350028687,21.188574436855042,voiding,1
10.351441860198975,16.961901792,19.82304278094716,4.171751562399537,5.542024424221715,21.305096958526594,21.34351528604147,voiding,1
10.387940883636475,18.129859062,19.925398050738416,4.303102890774052,5.562608335284531,21.470089595106113,21.508805444906947,voiding,1
10.425488948822021,23.069355972000004,20.033177095276816,4.485240037906555,5.583179457485858,21.642842117250588,21.681869482318763,voiding,1
10.463051080703735,23.185573242000004,20.148048825804903,4.712987724483783,5.603734882938025,21.648084093585357,21.687120911225563,voiding,1
10.46413278579712,19.244177592,20.27149453045831,4.979074126444705,5.62427218540959,21.828772814742326,21.86813545856775,voiding,1
10.499377012252808,16.721579202,20.404697111426035,5.27444761755748,5.644789512075608,22.03475968533003,22.074493774123454,voiding,1
10.537301063537598,20.431592052,20.54838274622977,5.588678214693447,5.6652856404312635,22.039036579725924,22.078778380811386,voiding,1
10.538044929504395,24.254141082000004,20.70268891635517,5.910421318813575,5.68575999825045,22.259656768642472,22.299796402166372,voiding,1
10.574395895004272,18.765635892,20.867125920191036,6.227918661030294,5.706212646903417,22.500433508446626,22.541007321625553,voiding,1
10.61214280128479,18.887111862000005,21.040645974704976,6.529510412219381,5.726644230697447,22.75936052032494,22.800401242561552,voiding,1
10.650980949401855,22.517192472000005,21.22179767618722,6.804133153784709,5.747055897005768,22.76201792441802,22.803063438607516,voiding,1
10.651364803314209,23.928101682000005,21.408931176838095,7.041780656446068,5.767449193656832,23.018988922385763,23.06049781845899,voiding,1
10.687366008758545,22.140669552,21.600401368802686,7.233907882098134,5.78782595125409,23.294006978852135,23.3360118000923,voiding,1
10.725019931793213,20.299598682000003,21.794705397261946,7.373762942169601,5.808188158710644,23.301319101688428,23.3433371084837,voiding,1
10.726006031036377,19.719564072000004,21.99052309937796,7.456636506934836,5.828537840283732,23.56943122457842,23.61193270344462,voiding,1
10.761905908584595,23.070933582000002,22.18668695410626,7.480022958261797,5.848876941798463,23.85137079155158,23.894380676769767,voiding,1
10.799690008163452,25.313769132000004,22.382131304603426,7.443692049673617,5.86920723262054,24.128199006826918,24.171708081373392,voiding,1
10.837116003036499,23.018346582,22.57584124122762,7.3496736959461435,5.889530228376389,24.13580919690108,24.179331994491164,voiding,1
10.838161945343018,19.462939512,22.766792119112022,7.202161575905051,5.909847137558774,24.393292919748845,24.437280023791672,voiding,1
10.87440299987793,21.046334082,22.953889662956122,7.007343426203793,5.9301588331498944,24.661965474667635,24.706437061378118,voiding,1
10.913396120071411,25.557772812000003,23.13595987901626,6.773167268280451,5.9504658484020485,24.66295349386481,24.7074268622168,voiding,1
10.91354489326477,24.732682782000005,23.311831108262155,6.509053471415145,5.970768394092856,24.89057964497489,24.935463479237516,voiding,1
10.949294090270996,22.033392071999998,23.480491671511928,6.225562697470609,5.99106639305378,25.121653135246937,25.166953651820215,voiding,1
10.987300872802734,23.020450062000002,23.641259587513286,5.934029611038308,6.011359526665063,25.338220893118322,25.383911934600604,voiding,1
11.024703979492188,25.622980692,23.79390582632025,5.646171983951206,6.0316472873878455,25.345008622295452,25.390711903722153,voiding,1
11.025935888290405,25.163896182000002,23.938701515695666,5.373684659579434,6.051929031294691,25.535385442901028,25.581432020537996,voiding,1
11.062192916870117,22.862163192000004,24.07638032960865,5.1278279057443275,6.0722040249501745,25.72541256500435,25.77180180825922,voiding,1
11.100021123886108,21.295596462,24.208029806304722,4.919020046789754,6.092471481830793,25.73020611745191,25.7766040046603,voiding,1
11.101011991500854,25.149697692000004,24.334956496244867,4.7564449219343485,6.112730584671714,25.900368408700086,25.94707314035272,voiding,1
11.137200832366943,27.162202182,24.458577891166353,4.6476855876796055,6.132980491575054,26.078018538379865,26.125043616890267,voiding,1
11.175627946853638,24.492360192,24.58035831589914,4.598396615099013,6.1532203252833835,26.248217881313547,26.295549871081494,voiding,1
11.212585926055908,23.029915722,24.701764543253965,4.612028121718045,6.173449146582605,26.251673033852615,26.299011254110013,voiding,1
11.213328838348389,23.252358732000005,24.824219094293305,4.689615084456242,6.193665914226608,26.427142454886454,26.474797089647822,voiding,1
11.250195026397705,26.315551482000004,24.949061616876996,4.829645263215829,6.213869434965348,26.6274107887564,26.675426556558204,voiding,1
11.29082703590393,27.037570992,25.07753617966121,5.028018007869005,6.234058308126088,26.627982081014714,26.67599887899691,voiding,1
11.290937900543213,25.091326121999998,25.210791884997008,5.27810416077914,6.2542308696916535,26.815160641041096,26.863514967983466,voiding,1
11.325443983078003,23.839229652,25.34986252850327,5.570914115211084,6.274385140919016,27.03021729373945,27.078959420696705,voiding,1
11.362955093383789,24.446609502,25.495613249267144,5.895376855396752,6.294518786256846,27.25855567758302,27.307709554781628,voiding,1
11.400590896606445,27.338368631999998,25.648681937171283,6.238727603206209,6.314629084690608,27.26961301049727,27.318786826785484,voiding,1
11.402315139770508,25.367933741999998,25.80945287496986,6.586995757295139,6.334712917730177,27.510365210454705,27.55997316214657,voiding,1
11.437948942184448,25.230681672000003,25.978074785720025,6.925578464267474,6.354766776136017,27.776747017297403,27.826835320874977,voiding,1
11.475558996200562,25.759181022,26.154508354210165,7.239878821625947,6.374786786242819,27.786965255486155,27.837071985059264,voiding,1
11.476943969726562,28.344883812,26.33857697799239,7.515981845627365,6.394768755473141,28.06354139849134,28.11414686284446,voiding,1
11.513198852539062,27.737503961999998,26.529989147377435,7.741336427089529,6.414708235421794,28.356434014103513,28.40756763584804,voiding,1
11.550637006759644,25.240147332,26.72830187393697,7.905408008359219,6.434600599807924,28.367361261372977,28.418514587630714,voiding,1
11.552011013031006,25.538315622,26.932819710725248,8.000265054732703,6.454441133694704,28.65733048094907,28.709006692996464,voiding,1
11.5882089138031,27.054398832000004,27.142467563789268,8.021062889214527,6.474225129708576,28.946806690317526,28.999004899135972,voiding,1
11.624421834945679,28.876538382,27.355698392669463,7.966391325192779,6.493947986575703,29.24577327290513,29.29851059197068,voiding,1
11.662254095077515,27.610769292,27.57047605407499,7.838457845635565,6.513605305141056,29.252312034638283,29.30506114469874,voiding,1
11.663098812103271,26.956061142000003,27.784336183593677,7.6430857571935755,6.533192977138712,29.525569094625848,29.578810954343666,voiding,1
11.699454069137573,27.252125952,27.99451401855482,7.389516528068334,6.552707262322041,29.798623498663016,29.852357742599697,voiding,1
11.737169981002808,27.765900942000002,28.198137757964354,7.090016938487602,6.57214485011145,29.80468255019167,29.858427720087832,voiding,1
11.73804497718811,30.058168272000003,28.392487605778427,6.759304076691477,6.591502902641124,30.04420297761903,30.098380061730143,voiding,1
11.774410009384155,28.128751242,28.575298453340924,6.413813776530676,6.610779076946437,30.28292881904825,30.337536384540424,voiding,1
11.812653064727783,27.960998712,28.745057598236418,6.070849872028859,6.629971524990465,30.50869139402103,30.56370606493792,voiding,1
11.850857973098755,30.197523822,28.90124201416578,5.747661654323472,6.649078871240715,30.513354444065723,30.568377523608216,voiding,1
11.85169005393982,30.288499332,29.044451437339056,5.460504222268583,6.668100168535608,30.71390258783362,30.769287304982587,voiding,1
11.889230966567993,27.880540602000004,29.176411036262394,5.22374023146845,6.687034833985202,30.912593271701105,30.968336276999704,voiding,1
11.927913904190063,28.701423672000004,29.29984079913074,5.049041314166981,6.7058825675934735,30.91388350582809,30.969628837736014,voiding,1
11.92817211151123,29.194163862000003,29.418218708298152,4.944742914348032,6.724643257132694,31.08552308559106,31.141577925857604,voiding,1
11.962986946105957,30.018202152,29.535482663036042,4.915397555138478,6.743316873508002,31.2711712151037,31.32756082458796,voiding,1
12.000579118728638,31.229280762000002,29.655705888165432,4.961559085597512,6.761903361387654,31.45929567599516,31.5160245201314,voiding,1
12.03804898262024,29.434486452,29.782758061607883,5.079815040323934,6.780402530210794,31.465935206616816,31.52267602345904,voiding,1
12.039332866668701,28.287563982,29.919961401259012,5.263066981787139,6.798813950793756,31.659786742027553,31.716877120845076,voiding,1
12.075350999832153,29.673231432,30.069774821774264,5.501040893045195,6.8171368626192175,31.884344536973632,31.941839848701296,voiding,1
12.115159034729004,31.170909192000003,30.233561994773293,5.780992773170467,6.835370096501053,32.09546803050096,32.15334404979058,voiding,1
12.15073299407959,29.891467482000003,30.411490959666935,6.088559977293882,6.853512016674913,32.328779451339955,32.38707618847922,voiding,1
12.188071012496948,30.489381672,30.602578754222023,6.408697816683007,6.871560485488071,32.57447597917455,32.63321576755615,voiding,1
12.225481033325195,29.980865382000005,30.804862991679776,6.7266345031044175,6.889512852785236,32.58356032021799,32.64231648989981,voiding,1
12.226801872253418,33.613049472,31.015666551340654,7.0287763185054635,6.907365970858376,32.842030015804454,32.90125226989026,voiding,1
12.262870073318481,30.226972542,31.231914398592398,7.303499090529144,6.925116234510803,33.12202571374371,33.18175286890774,voiding,1
12.300591945648193,29.416606872000003,31.450461908873727,7.541771339947983,6.94275964445234,33.13183598524044,33.19158083073577,voiding,1
12.301876068115234,32.844753402,31.668406244545533,7.737568051001167,6.960291890973311,33.41496553450324,33.475220932181166,voiding,1
12.338115215301514,33.416374092,31.883363025637053,7.888050720181744,6.977708453721189,33.71220253430465,33.77299392336671,voiding,1
12.375546932220459,31.881359562,32.09368328997139,7.9935077156789385,6.995004712500571,34.01410674247517,34.075442539045454,voiding,1
12.413166046142578,32.401444992,32.29857567133556,8.057067467752308,7.012176063397988,34.02357953332931,34.084932411670316,voiding,1
12.414339780807495,31.281867762000005,32.49811447558797,8.08421409660744,7.029218034244621,34.316210361431054,34.37809092509623,voiding,1
12.450542211532593,31.540069932,32.69315033270354,8.082149445323202,7.046126393495589,34.6185974310707,34.68102327296203,voiding,1
12.488009929656982,35.375239842,32.88516054415557,8.059056092507655,7.062897247024082,34.62894630867684,34.691390812138685,voiding,1
12.489296913146973,34.288266552,33.0760629189774,8.023322099029345,7.079527118075547,34.919578905865194,34.98254749134962,voiding,1
12.525612115859985,30.524614962,33.267993219788515,7.982789693055642,7.096013006651801,35.2181520216303,35.281659007844425,voiding,1
12.56310510635376,33.561514212,33.46304848914636,7.944086868827955,7.112352425827069,35.22720609867896,35.29072941161988,voiding,1
12.564247131347656,34.951388622,33.66302602263141,7.912093332215912,7.128543413852805,35.51382332523985,35.57786347950295,voiding,1
12.600523948669434,33.199715652,33.86920405089928,7.889580999827777,7.144584522293082,35.80913312058116,35.873705791004966,voiding,1
12.637984037399292,33.898596882,34.082198778888156,7.877055191075222,7.160474781754,36.11090661623386,36.17602345845909,voiding,1
12.676304817199707,32.312047092,34.301914973153956,7.8728067493352,7.176213647942258,36.117127214771855,36.182255274265536,voiding,1
12.67709493637085,35.824332822,34.52759692018243,7.87316870647982,7.191800931736736,36.402825063260906,36.46846830621209,voiding,1
12.713382959365845,36.974410512,34.75796832218935,7.872954940347212,7.207236717628259,36.69015542082865,36.75631679105255,voiding,1
12.749894857406616,32.969910462,34.99141974355516,7.866043741501307,7.222521275244927,36.988787325319436,37.055487202283544,voiding,1
12.787907838821411,36.238718382,35.22618701655994,7.846057407952371,7.237654968726737,37.285916022854266,37.3531516959069,voiding,1
12.82587194442749,34.654272072000005,35.460481812737264,7.807080881034699,7.252638168460437,37.57519669866546,37.64295401589407,voiding,1
12.863075017929077,36.662569602000005,35.69256710029953,7.7443587492878105,7.267471169173498,37.58421383398566,37.65198741132605,voiding,1
12.864246129989624,37.204741572,35.92078842153366,7.654911096819472,7.2821541176712685,37.86256942746014,37.9308449483672,voiding,1
12.900888919830322,33.152913222,36.14357881864732,7.538014697565111,7.296686952653872,38.14114094686418,38.20991880070545,voiding,1
12.938197135925293,35.554561512,36.35946641721251,7.395506578012411,7.311069358144,38.150590168274476,38.21938506138497,voiding,1
12.939489126205444,39.170969502,36.56712218055931,7.231881190242592,7.325300731168012,38.40017431153886,38.469419266218054,voiding,1
12.974430084228516,36.106725012,36.76546866050809,7.054169186486627,7.3393801635270055,38.66415050856793,38.73387147722694,voiding,1
13.012341976165771,36.154579182,36.95383336186194,6.871603627275885,7.353306436825399,38.917970769110084,38.98814943809866,voiding,1
13.049760103225708,37.221569412,37.13210663718804,6.695096819039181,7.367078029427987,38.92463186395054,38.99482254453069,voiding,1
13.050766944885254,37.582842102,37.30086657335747,6.536566327393479,7.380693133708853,39.159021226128154,39.22963456835119,voiding,1
13.086980819702148,40.098078312,37.461440128275235,6.408160706802133,7.394149681833339,39.3997523332465,39.47079977283761,voiding,1
13.124803066253662,36.088319562,37.61587100826865,6.321443114613699,7.40744537835551,39.40613254747148,39.47719149215737,voiding,1
13.125815153121948,36.252916872,37.76678020788183,6.286593655562273,7.420577738081211,39.63353699311478,39.70500600392184,voiding,1
13.161916017532349,39.277195242000005,37.917142291887046,6.311688926158243,7.433544127893655,39.879484494176765,39.95139700879259,voiding,1
13.200605869293213,37.130068032000004,38.07003131516131,6.402110164215462,7.446341811512501,40.12307270727563,40.19542447132402,voiding,1
13.238190174102783,38.160247362,38.22838799991758,6.560120444176086,7.458967996407949,40.132466494217745,40.20483519757338,voiding,1
13.239598035812378,39.884575092,38.39483422627649,6.784637607116644,7.471419882274321,40.375012220402866,40.44781829333086,voiding,1
13.27460789680481,36.872917602,38.57153899486769,7.071214390556382,7.48369471055109,40.653413138508235,40.726721236734356,voiding,1
13.31305193901062,38.282775072,38.760132980825055,7.41222190445899,7.4957898144459705,40.66314770775389,40.736473359801536,voiding,1
13.314332008361816,40.823253042000005,38.96166917159416,7.797218484943976,7.50770266876504,40.97127394362256,41.045155223024004,voiding,1
13.352822065353394,38.933802132000004,39.17662299206736,8.21347414334182,7.519430938606407,41.268120998602434,41.34253756622164,voiding,1
13.38803505897522,38.402147562,39.40491696540906,8.646612117309227,7.530972525660108,41.60159252711737,41.67661042588396,voiding,1
13.425656080245972,40.227442332,39.6459556306853,9.081323874379802,7.542325610523264,41.61412679769702,41.689167298834924,voiding,1
13.427005052566528,39.707356902,39.898668576854796,9.502112403214406,7.553488689139375,41.966864350208574,42.04254092387154,voiding,1
13.463376998901367,40.995212532000004,40.161567854181975,9.894020499010011,7.564460601258786,42.333585336705376,42.40992319846261,voiding,1
13.499799013137817,39.495957162,40.4328243426405,10.24330546632875,7.57524054874477,42.34417343681511,42.42053039151985,voiding,1
13.500818014144897,39.782556312000004,40.71036621983929,10.538028479707853,7.585828101656432,42.72694751752621,42.803994708000616,voiding,1
13.536748170852661,41.380675242,40.99200442566892,10.768534907943378,7.5962231903511475,43.1390240521218,43.216814317894006,voiding,1
13.574733972549438,42.481321152,41.275582706738824,10.92781036785166,7.606426082371032,43.56085311776005,43.639404045041125,voiding,1
13.613187789916992,41.925476562,41.5591293635014,11.011705368974734,7.616437343595076,43.56385231597531,43.642408651548095,voiding,1
13.613460063934326,41.101438272,41.84097305170371,11.019028555856082,7.626257784014155,43.959442713762556,44.038712396075496,voiding,1
13.649471044540405,41.796112542,42.11979569550414,10.951514380176214,7.635888389464448,44.37003240715486,44.45004248362539,voiding,1
13.68720006942749,42.461338092,42.394623611859274,10.813675397249122,7.645330241664962,44.37977159229069,44.45979923090632,voiding,1
13.688109159469604,43.262238102000005,42.66477629790018,10.612552335210497,7.654584429866023,44.77286177152242,44.85359824836949,voiding,1
13.725600004196167,43.53831985200001,42.9297898857942,10.357376835429196,7.663651958244577,45.156907303798114,45.23833630915459,voiding,1
13.763221025466919,42.520761402,43.18932470002179,10.0591626046771,7.672533653800361,45.16885132959646,45.2503018729678,voiding,1
13.76442813873291,41.852380632,43.44307171025636,9.730240982959407,7.681230079847748,45.51358926807225,45.59566145869791,voiding,1
13.80049991607666,44.470687362,43.69068627882104,9.383756932395773,7.6897414602137095,45.85911819489053,45.941813459116936,voiding,1
13.838022947311401,44.499610212,43.931777373166504,9.033141460309821,7.698067618918713,46.19322012927875,46.276517861429326,voiding,1
13.87572193145752,44.380237722,44.16595734080359,8.691576696193929,7.706207939437553,46.210479244751006,46.2938080993298,voiding,1
13.877744913101196,43.433145852,44.39293098256695,8.371470342522828,7.714161346642194,46.50261449062217,46.586470136868535,voiding,1
13.913251161575317,44.75465716200001,44.612595741719176,8.083956993546769,7.721926313275861,46.800919603106934,46.88531316680719,voiding,1
13.950721025466919,45.616558092,44.82513322275576,7.838444718279114,7.729500891376689,46.81051588988839,46.89492675805289,voiding,1
13.951960802078247,45.109093542000004,45.03107695964045,7.6422260635004,7.736882767556207,47.08355752725199,47.1684607566139,voiding,1
13.98802399635315,44.906633592,45.23133968132542,7.5001728755539165,7.744069339547718,47.36326801411359,47.44867563024804,voiding,1
14.025532007217407,45.32049328200001,45.42718780469068,7.414533632017692,7.751057810077676,47.642251811369476,47.728162503876455,voiding,1
14.063234090805054,46.003598411999995,45.62016417903032,7.384849887852093,7.757845292976945,47.65006211227641,47.735986888676024,voiding,1
14.064290046691895,45.422512062,45.81197111581124,7.408004632421647,7.764428925620452,47.91991648947089,48.00632787965427,voiding,1
14.100545167922974,46.623073272000006,46.004328208673385,7.478409646792407,7.770805981323417,48.20511490112535,48.29204057415883,voiding,1
14.138403177261353,45.874760262,46.198818735488786,7.588331401598294,7.776973975263713,48.21313968868049,48.30007983237878,voiding,1
14.139451026916504,46.042512792000004,46.39674071439159,7.728345978012379,7.782930757848464,48.49551306656766,48.582962398885655,voiding,1
14.175615072250366,46.775049702,46.598983287831,7.887903547190503,7.788674590175249,48.7905066221696,48.878487900390304,voiding,1
14.212619066238403,46.239188172000006,46.80595062795295,8.05597298123558,7.794204197304527,49.10091315860228,49.1894541761193,voiding,1
14.250757932662964,47.23781530200001,47.0175495376723,8.221728247597405,7.799518796388454,49.4301474110718,49.5192821188858,voiding,1
14.29043197631836,47.36034301200001,47.233244063131124,8.375231484020143,7.804618098203734,49.727648643902825,49.81731981957807,voiding,1
14.325674057006836,47.456577222,47.452165949254365,8.508064111424163,7.8095022822141384,49.7388705685454,49.8285619801096,voiding,1
14.326984882354736,47.476034412,47.67325948427781,8.61385782966508,7.814171946841067,49.741042511105796,49.83073783921639,voiding,1
14.32723593711853,48.434695422,47.89543597422799,8.688682282095012,7.818628038050154,50.05339083895338,50.14364940788758,voiding,1
14.363096952438354,47.614864092,48.117715049632295,8.731255500587677,7.822871760581541,50.37882965347452,50.469675068597994,voiding,1
14.400344848632812,49.035238962,48.339333952326555,8.742956348700881,7.826904477087975,50.70897238717484,50.8004131308103,voiding,1
14.438138961791992,48.478342632,48.559811019039486,8.727633968359145,7.830727601044573,50.71889385615321,50.810352490636355,voiding,1
14.43927812576294,48.743906982000006,48.7789569849128,8.691226233333467,7.8343424895240865,51.03333875768354,51.12536441362807,voiding,1
14.47556209564209,48.904297332000006,48.99683800867985,8.64121575565735,7.837750341780962,51.38265267876551,51.47530823358596,voiding,1
14.51611590385437,48.934271922,49.21370521775782,8.585966424298725,7.8409521090689,51.38585478553014,51.47851611453631,voiding,1
14.51648998260498,49.868742911999995,49.42991228550443,8.533994329466857,7.843948420263767,51.695060871241594,51.7882797748363,voiding,1
14.552809000015259,48.943737582000004,49.64584207300876,8.493233154057956,7.846739526732187,51.994808075132724,52.08856749662665,voiding,1
14.588149070739746,50.143247052,49.861857683605926,8.470355075743226,7.849325268549426,52.312850679812435,52.407183610310994,voiding,1
14.625697135925293,49.941838842,50.07828589298249,8.470203811010334,7.851705062718546,52.32450407146998,52.4188580158986,voiding,1
14.627070903778076,49.857173772,50.29543266028843,8.495387040368753,7.853877912578602,52.63076473829172,52.72567094599451,voiding,1
14.663013935089111,51.37851568200001,50.51362097059048,8.546061922101503,7.855842436221319,52.956731255334134,53.05222526080358,voiding,1
14.700992107391357,50.94256945200001,50.73323237062778,8.61993092496021,7.857596910573025,52.96913247060678,53.06464883851611,voiding,1
14.702423095703125,50.581296762,50.95472989861639,8.712447223294854,7.85913932694099,53.29311299451745,53.38921357895958,voiding,1
14.739386796951294,51.065623032,51.17864627732986,8.817210953277401,7.8604674533514345,53.6148883737882,53.71156919834522,voiding,1
14.77565598487854,51.482637942000004,51.40553477047963,8.926521270129832,7.861578898968385,53.974427394671615,54.07175655647327,voiding,1
14.815696954727173,52.085810832,51.63589079299709,9.032035789930765,7.862471176281414,53.97797941225555,54.07531497921814,voiding,1
14.816088199615479,52.291426002,51.870054744780035,9.125479822960632,7.863141757537191,54.31458516659511,54.41252771648478,voiding,1
14.85282588005066,50.975173391999995,52.10810759560196,9.199343647234219,7.863588122963639,54.640108465920065,54.73863801434589,voiding,1
14.888118982315063,52.136820222000004,52.3497782210395,9.247507348535228,7.863807799558587,54.64953214666101,54.74807868829995,voiding,1
14.889137029647827,52.489678992,52.594389383884455,9.265739408594477,7.863798390433173,54.986823334377405,55.08597809494832,voiding,1
14.925565958023071,53.607152742000004,52.84086374876561,9.2520267053058,7.86355759576874,55.33258267637073,55.432360926037596,voiding,1
14.963028907775879,53.54457421200001,53.087791169993295,9.206708886779387,7.863083227247732,55.34459580730127,55.44439571959654,voiding,1
14.964339017868042,52.256718582,53.333540788559844,9.132407806394848,7.862373218281425,55.673921462151576,55.77431522956479,voiding,1
15.000596046447754,53.687610852,53.576401490899805,9.033761223495773,7.861425632458404,56.01073039460439,56.11173151132477,voiding,1
15.038121938705444,53.130714522,53.81474568931686,8.916987562965723,7.860238672407861,56.34604310411627,56.44764887208603,voiding,1
15.07599687576294,54.666780792000004,54.04721418676267,8.789323552634102,7.8588106907854085,56.35776974525571,56.459396659242344,voiding,1
15.077341079711914,54.911310342,54.272905346392335,8.658387634925132,7.857140204449833,56.658145235324746,56.760313800165044,voiding,1
15.11228895187378,54.73935085200001,54.49153226144473,8.53152817327132,7.8552259122192964,56.983261565800895,57.086016395312456,voiding,1
15.150658130645752,54.217161942,54.70350634714617,8.415216108554992,7.8530667159737995,56.99329709456074,57.096070020597814,voiding,1
15.151857852935791,55.206323411999996,54.90992126614319,8.314536840383305,7.85066174437561,57.28392805322405,57.387225058329044,voiding,1
15.18698501586914,55.726408842000005,55.11243616187606,8.232826191168979,7.848010378143518,57.60054656922641,57.704414515354046,voiding,1
15.225586891174316,54.509019792,55.31307707610541,8.171481293856383,7.845112275640138,57.90613369600538,58.010552690848904,voiding,1
15.263078927993774,55.30150588200001,55.51398696098623,8.129960436317733,7.841967397491472,57.91680202581654,58.021240258281445,voiding,1
15.264393091201782,55.927817052,55.71716125323022,8.105967865664791,7.8385760290196735,58.21171351113741,58.316683541512134,voiding,1
15.300797939300537,56.285934522,55.92420583938093,8.095801993166855,7.834938799395005,58.51416185601558,58.61967727511078,voiding,1
15.33815884590149,55.741659072,56.13614602553822,8.094830001318082,7.831056696566029,58.5243888001406,58.629922660930276,voiding,1
15.33942198753357,55.89258376200001,56.353306208325925,8.098040006733749,7.826931077181241,58.82002178936116,58.92608874910955,voiding,1
15.375922918319702,56.208631632,56.575276261170735,8.100614814029054,7.822563670853414,59.121786077847744,59.22839719279477,voiding,1
15.413179874420166,57.073687782,56.80097577824702,8.098469602468796,7.817956578234255,59.426583745827784,59.53374448590241,voiding,1
15.450839042663574,57.251957712,57.02881241897571,8.088699801273584,7.813112262465642,59.42870840460296,59.535872975959684,voiding,1
15.451102018356323,57.205155282,57.25690924996581,8.069894576510142,7.808033533666881,59.71988017576054,59.827569801403065,voiding,1
15.487245082855225,57.441270912,57.48336079732194,8.042284907685598,7.802723526222089,60.02132196360982,60.129555162903046,voiding,1
15.524807929992676,58.477760682,57.70647528281101,8.007711874839448,7.79718566876662,60.02908710916433,60.137334310924,voiding,1
15.525779962539673,57.814638612,57.924967854925,7.969418887912265,7.791423646953043,60.31642933562577,60.42519468606068,voiding,1
15.561921119689941,57.754163561999995,58.138081936793924,7.931689384117943,7.785441359317228,60.61381573150917,60.72311734272608,voiding,1
15.599491119384766,59.31441985200001,58.345631739732134,7.899367219503283,7.779242866867531,60.9143746117,61.02421820446804,voiding,1
15.637592792510986,57.133636962000004,58.54797548459927,7.877309001257583,7.772832337379704,60.92018643721306,61.0300405101313,voiding,1
15.638330936431885,59.216608032,58.745940310610216,7.869824717563072,7.7662139857815164,61.20807229309131,61.318445494982285,voiding,1
15.674887895584106,58.981544142,58.94072246945702,7.880164480362595,7.7593920124294185,61.50420497189111,61.615112173803965,voiding,1
15.712396144866943,58.976811312,59.1337798685543,7.910104831690137,7.752370541481809,61.51965172768582,61.63058678389683,voiding,1
15.714342832565308,60.079560702,59.326722695496976,7.959678295502717,7.745153561921272,61.82734966108903,61.9388395723192,voiding,1
15.75283694267273,58.448837832,59.521200145377975,8.027075654363985,7.737744874030798,62.11255076307375,62.22455496200536,voiding,1
15.788187026977539,60.504463662,59.71878185704711,8.108733218143556,7.730148044247603,62.4209557533198,62.53351608226789,voiding,1
15.826008796691895,59.787702852,59.92083758122161,8.199598865481654,7.72236637126915,62.43135661744836,62.54393570171144,voiding,1
15.827270030975342,59.794539162,60.12842175170183,8.293552748076934,7.714402866045532,62.72998303269113,62.84310061379596,voiding,1
15.863081932067871,61.182310092,60.342170397284285,8.383943063787056,7.706260247848517,63.04675430562742,63.160443103213204,voiding,1
15.90068507194519,59.690416902,60.56221935857393,8.46418578767351,7.697940957964426,63.059074434238894,63.172785448045374,voiding,1
15.902135133743286,60.931995972,60.7881561455779,8.52837084358186,7.689447191734284,63.36599524968158,63.480259717172494,voiding,1
15.938031911849976,60.49289452200001,61.01902038862229,8.571816506407353,7.680780948697519,63.68911233574098,63.803959462773975,voiding,1
15.97568392753601,61.560936492,61.25336502461639,8.591518851451971,7.671944099535,63.701542322995415,63.81641186435125,voiding,1
15.977131128311157,61.90012264200001,61.489379505557906,8.586453228030317,7.662938467417974,64.01078708639868,64.12621427208843,voiding,1
16.013206958770752,61.40107201200001,61.725062091086414,8.557698934987807,7.653765920323689,64.33020348362689,64.44620665560699,voiding,1
16.050639867782593,61.814931702,61.95842004698448,8.508375044310762,7.644428469953008,64.64789676505768,64.76447281612671,voiding,1
16.08812189102173,62.078392572000006,62.18767761416204,8.443392975462732,7.634928372155149,64.65841279813013,64.77500781219207,voiding,1
16.089372873306274,62.57428798200001,62.4114750384269,8.369048259499172,7.625268223297434,64.96046170323748,65.07760138573181,voiding,1
16.125629901885986,62.930301972,62.629040120845175,8.292488382605573,7.615451046867433,65.2703151975516,65.38801362207133,voiding,1
16.163156986236572,62.669996321999996,62.84030817521085,8.221104382523624,7.605480364796317,65.28010366525108,65.39781974078448,voiding,1
16.16435194015503,63.835850111999996,63.04596462255434,8.161900097045073,7.595360248557158,65.56926148290991,65.68749898107585,voiding,1
16.19986891746521,63.109623641999995,63.24739132778888,8.120894192206269,7.585095346006002,65.88050267944541,65.99930142200502,voiding,1
16.238238096237183,63.421464551999996,63.44651248570271,8.102606361986153,7.574690881155505,66.1826016321882,66.30194513342836,voiding,1
16.275506019592285,64.20974368200001,63.64555535869715,8.109670875157938,7.564152625533873,66.19251542422843,66.31187680247288,voiding,1
16.276726007461548,62.433880691999995,63.84676099557221,8.14260882369963,7.553486841397257,66.51035839797402,66.63029292523944,voiding,1
16.315623998641968,64.52421394199999,64.05209430006843,8.199776173578886,7.54270019872681,66.79794519753017,66.91839831449626,voiding,1
16.350531101226807,63.579225552000004,64.26300547676284,8.277489383319708,7.5317996695393195,66.80738382658902,66.92785396372372,voiding,1
16.351665019989014,64.998548682,64.48028281481027,8.370315333279288,7.52079240445996,67.11414041809364,67.23516371277664,voiding,1
16.38809299468994,63.911575391999996,64.70401393080951,8.471498905534592,7.509685597643602,67.43249775561893,67.55409512684726,voiding,1
16.425447940826416,65.070067002,64.93364859534132,8.57349087237468,7.498486346902261,67.75899334861309,67.88117947166208,voiding,1
16.463320016860962,66.49675231200001,65.16813755908174,8.668531598024822,7.487201516240365,67.76856537062113,67.89076875437901,voiding,1
16.46441912651062,64.87339162200001,65.40610991694739,8.749242890662487,7.475837607887527,68.08587090553814,68.20864646918267,voiding,1
16.500561952590942,65.843621772,65.64605057729017,8.809181246500547,7.464400650354772,68.40895458671923,68.53231274966863,voiding,1
16.537166833877563,64.618870542,65.88645305951457,8.84331043357376,7.452896108062302,68.41788203188288,68.54125629321067,voiding,1
16.5381760597229,66.74180773200001,66.12594188794344,8.848359285135214,7.4413288167638685,68.74663304366956,68.87060012389257,voiding,1
16.575383186340332,67.820367102,66.36336560805915,8.823040883275771,7.429702947418175,69.07828671271848,69.20285184604136,voiding,1
16.61309003829956,65.781569112,66.59785297565435,8.768121031143911,7.418021999443944,69.40618533128126,69.53134174642483,voiding,1
16.650661945343018,67.116753042,66.82881981032133,8.686336001528083,7.406288822563001,69.41691869676913,69.54209446680939,voiding,1
16.651905059814453,66.19490293199999,67.05592782662288,8.582171017742022,7.394505664806119,69.72564763378251,69.8513801179949,voiding,1
16.688133001327515,66.800179302,67.27901933540493,8.461520901771614,7.382674242840384,70.04116612173446,70.1674675633485,voiding,1
16.72571086883545,68.913650832,67.49806016391362,8.331262131237057,7.370795829667306,70.05059709493203,70.17691554290927,voiding,1
16.72685194015503,66.745488822,67.71311032511115,8.198770717266031,7.358871354005727,70.34434706168412,70.47119521306765,voiding,1
16.76296091079712,68.109069732,67.92432237771608,8.07142261855167,7.346901505350231,70.64496002945098,70.77235025991884,voiding,1
16.80047297477722,67.54060426199999,68.13195724868882,7.956112839178568,7.334886838789696,70.94526938265489,71.07320114471537,voiding,1
16.83845090866089,69.80131939200001,68.33640625037121,7.858826126369464,7.322827874154835,70.95378034977199,71.08172745919855,voiding,1
16.839539051055908,68.03387032200001,68.53820665222399,7.7842866795515535,7.310725184882095,71.23525133574478,71.36370600655658,voiding,1
16.875811100006104,68.530817472,68.7380371177708,7.735707041193468,7.2985794730540565,71.52383966056316,71.65281472707188,voiding,1
16.91316795349121,68.96781544199999,68.93668683776647,7.714648001874034,7.286391628306928,71.53403365806294,71.66302710685528,voiding,1
16.914488792419434,68.21319199199999,69.13500547969767,7.720992608002272,7.274162769579244,71.81252187700613,71.94201750852147,voiding,1
16.950483083724976,71.203814682,69.33384679473227,7.753028901642716,7.261894269908471,72.10359897536648,72.23361949044929,voiding,1
16.987895011901855,68.768510712,69.53401232774067,7.807628489987493,7.249587765570046,72.39854362617096,72.52909599896911,voiding,1
17.025496006011963,69.080351622,69.73619436534413,7.88050198554135,7.237245151719594,72.4078682772026,72.53843746463895,voiding,1
17.026672840118408,70.568037852,69.94092023048864,7.966508192988332,7.224868567290134,72.70159546091669,72.8326943106759,voiding,1
17.06332802772522,69.42847756200001,70.1485083683043,8.05999189561083,7.212460372185826,73.00467903527326,73.13632441922786,voiding,1
17.10071086883545,71.19277141200001,70.35904717081644,8.155125273406757,7.200023119803537,73.01627724570493,73.14794354408428,voiding,1
17.10212516784668,70.655858142,70.5723987560236,8.24623022437796,7.187559527632121,73.3088037748429,73.44099757046975,voiding,1
17.137423992156982,70.019029572,70.7882230643798,8.328062820990636,7.175072448178156,73.62891925845156,73.76169030099335,voiding,1
17.175705909729004,70.49599366199999,71.00601940214986,8.396046309980335,7.162564841815026,73.63900032888093,73.77178955007105,voiding,1
17.176903009414673,72.08675041200001,71.2251863246098,8.446444837668508,7.150039752429184,73.94627795821513,74.07962127651285,voiding,1
17.213217973709106,72.129345882,71.44509558505972,8.47647579873232,7.137500286024554,74.2665574074362,74.40047826831918,voiding,1
17.25098490715027,70.690039692,71.66516364009243,8.484363752619162,7.124949591819803,74.5847356885308,74.71923030307634,voiding,1
17.288519859313965,72.602628882,71.88490017551128,8.469342739770797,7.112390844896928,74.59431986053225,74.72883175769611,voiding,1
17.28965401649475,71.298997152,72.1039240721511,8.431616252183723,7.099827229178377,74.89812631658765,75.03318605148031,voiding,1
17.325813055038452,72.501661842,72.32195110054079,8.372284973686375,7.087261919446028,75.20877261152654,75.34439251805905,voiding,1
17.36309313774109,74.240713932,72.53876164416936,8.293251817996655,7.074698061267641,75.21934274265101,75.35498170972852,voiding,1
17.364375114440918,71.150175942,72.75415403579288,8.197112048789354,7.062138748039725,75.51641368568619,75.65258834470666,voiding,1
17.400861024856567,72.697811352,72.96789205989829,8.08703378454371,7.049586994845713,75.81516475064447,75.95187813128078,voiding,1
17.438080072402954,72.89290912199999,73.17966643445028,7.966631456939916,7.03704570940492,76.11507574933695,76.25232994323477,voiding,1
17.476027965545654,73.134283452,73.3890946372421,7.83983229400912,7.0245176609827205,76.12498972182583,76.26226179305333,voiding,1
17.47730302810669,75.567483942,73.59576725373621,7.710734073221362,7.0120054486765,76.40204273892437,76.5398144048531,voiding,1
17.513532876968384,72.758812272,73.79932173821572,7.583451566701076,6.999511470921304,76.6825793139712,76.82085685631257,voiding,1
17.550824880599976,74.10346186199999,73.99951117626722,7.461949469846454,6.987037898322869,76.69259262943923,76.83088822825009,voiding,1
17.55217695236206,72.91867675200001,74.19624682318063,7.3498611881694655,6.974586651989705,76.9485781095226,77.08733531308616,voiding,1
17.58724308013916,76.731760122,74.3896124864238,7.250295504953438,6.962159389386405,77.2171095168817,77.35635094858917,voiding,1
17.624497890472412,73.324648392,74.57985492391573,7.165636556278066,6.949757499374941,77.48697456576512,77.62670263050002,voiding,1
17.662339210510254,75.488603442,74.76734912599554,7.097346268504465,6.937382107576612,77.4941079990519,77.63384892712072,voiding,1
17.663347959518433,74.59935727199999,74.95253901510513,7.045781960520182,6.925034092518243,77.75058478431139,77.89078820307692,voiding,1
17.69984197616577,73.470314382,75.13586771073656,7.010044655549524,6.91271411227856,78.01310852595881,78.15378533957004,voiding,1
17.737350940704346,76.94158225199999,75.31772184906265,6.987875301822039,6.900422640585917,78.01881969272986,78.15950680497883,voiding,1
17.738168954849243,75.255117162,75.49840731608695,6.975616177311923,6.888160010600248,78.27508039000753,78.41622960329346,voiding,1
17.774924993515015,75.54697501199999,75.67815320089329,6.968252997921715,6.875926463997156,78.54496596683926,78.68660185016957,voiding,1
17.813679933547974,76.353133722,75.85712481633549,6.959549579102265,6.863722202509158,78.80231018054215,78.94441011875591,voiding,1
17.85070300102234,75.27562609200001,76.03542700517347,6.942281428340891,6.851547438802692,78.81242677586607,78.9545449567883,voiding,1
17.852163791656494,77.035712982,76.21308942503659,6.908567676775486,6.839402443500099,79.06014376237283,79.20270863792109,voiding,1
17.888172149658203,75.904566612,76.39003405190842,6.850292779732927,6.82728758529789,79.31884766442259,79.46187904670667,voiding,1
17.926189184188843,76.861124142,76.56602862025781,6.759601060948418,6.815203361476967,79.32696063042246,79.47000664237875,voiding,1
17.927401065826416,77.37384739200002,76.74063211883464,6.629439169284156,6.803150416625253,79.56003002360585,79.70349631697641,voiding,1
17.96302890777588,75.383429442,76.91314330936792,6.454114615084144,6.791129548067234,79.80069608898457,79.94459636243695,voiding,1
18.000977039337158,77.34860563200002,77.08256993990527,6.2298334728518245,6.779141697279637,80.0286705946606,80.17298196219255,voiding,1
18.038395881652832,77.124059142,77.2476385240779,5.9551776909239535,6.767187927425922,80.03535025946204,80.17967367207177,voiding,1
18.039548873901367,78.435053052,77.40685461909202,5.63148268763345,6.755269388019446,80.23189921167769,80.37657705036835,voiding,1
18.07563090324402,76.36259938200001,77.55860454643634,5.263079275560768,6.743387268581177,80.4223110578845,80.5673322559452,voiding,1
18.11326003074646,78.60648667199999,77.70127594411169,4.8573704316218755,6.731542743948074,80.42865911569805,80.57369176086762,voiding,1
18.114627838134766,78.44188936200001,77.83337482329799,4.424722745856307,6.719736914569229,80.58088278429297,80.72618992616006,voiding,1
18.150859117507935,77.187689412,77.95362605689586,3.9781639988853095,6.707970745657406,80.72047908125658,80.86603794956581,voiding,1
18.188030004501343,77.690947002,78.06105699048753,3.5328914670966607,6.696245009404961,80.84637512155514,80.99216101137561,voiding,1
18.225959062576294,77.26972513199999,78.1550770293623,3.10560928606037,6.684560234591728,80.84922908102773,80.99502011723877,voiding,1
18.226939916610718,79.00772548200001,78.2355693561435,2.713726460993964,6.672916667780771,80.94122102494052,81.08717794524196,voiding,1
18.26309895515442,79.22175457200001,78.30299463690099,2.3744588236679838,6.661314249899089,81.02745176982174,81.17356418535537,voiding,1
18.30160903930664,78.527080302,78.35848037527546,2.1038873954869803,6.64975261133015,81.02801676037092,81.17413019472141,voiding,1
18.3018901348114,78.36458647200001,78.40385844714982,1.9160313837816803,6.638231087716877,81.0964767875038,81.24271367211361,voiding,1
18.33851909637451,77.31126886199999,78.44163050172611,1.8219958062566424,6.626748757520439,81.1643825349491,81.31074187031567,draining,1
18.375715017318726,78.095341032,78.47487178612012,1.829251197259585,6.615304501057257,81.16703525031016,81.31339936917468,draining,1
18.377122163772583,79.87330750199999,78.50710054341182,1.941096023942606,6.603897079321063,81.31896355953279,81.46560164248928,draining,1
18.451279878616333,78.24889507200001,78.54213000391562,2.156341701660002,6.592525229485408,81.31964179757327,81.46628110355968,draining,1
18.451573133468628,79.15602082199999,78.58389890013663,2.4692461457309562,6.581187772684738,81.41730418317752,81.56411959845474,draining,1
18.488157987594604,77.29391515200001,78.63626963734264,2.869705611078876,6.569883728604587,81.4224179438821,81.56924258052705,voiding,1
18.48980402946472,79.622993382,78.70279606824037,3.3436973374224466,6.558612430682392,81.55196305995219,81.69902129828911,voiding,1
18.52570080757141,79.64455405199999,78.78647824251141,3.873948529572652,6.547373635419352,81.70911988696093,81.85646151769278,voiding,1
18.5635027885437,77.680429602,78.88952703166974,4.4407917547496885,6.536167619487034,81.71445848328976,81.86180974082325,voiding,1
18.56463098526001,79.04190703200001,79.01316403510332,5.023154118618528,6.524995258990796,81.90205054867555,82.04974008082102,voiding,1
18.599949836730957,78.10743604199999,79.15748916624874,5.5996185692250044,6.513858086382901,82.12628288916886,82.27437676735009,voiding,1
18.63811993598938,80.09049181200001,79.32144980608733,6.149491066314233,6.502758322001417,82.36699126601583,82.51551920057688,voiding,1
18.675720930099487,79.81230658199999,79.50292865385215,6.653807492340988,6.491698878895696,82.3767326209262,82.52527812154499,voiding,1
18.677137851715088,79.228065012,79.69893932108847,7.0962190484713545,6.480683341296658,82.63310616055033,82.78211396568857,voiding,1
18.71235418319702,80.754665622,79.90589925027076,7.463704080128335,6.469715918600384,82.91879334952074,83.06831631889476,voiding,1
18.74991798400879,78.295171632,80.1199480050991,7.747067077028821,6.458801377879847,82.92564945612146,83.0751847887412,voiding,1
18.750792026519775,80.804097402,80.33728595215352,7.9412009752442705,6.447944958609188,83.21536025251558,83.36541800492445,voiding,1
18.787036895751953,81.42830509199999,80.55450778766419,8.045105640364124,6.437152273462019,83.51784734911789,83.66845056012612,voiding,1
18.824597120285034,81.52033234199999,80.76889167510659,8.06167222705186,6.426429198818679,83.82119901322014,83.97234924185548,voiding,1
18.862376928329468,80.74257061200001,80.9785913899914,7.997258710102203,6.415781758157351,83.82720123354126,83.97836228565544,voiding,1
18.863133907318115,81.39412354199999,81.18268642930147,7.861095117764247,6.405216001014526,84.11187326521622,84.263547650988,voiding,1
18.899805068969727,82.027796892,81.38107685924984,7.664566947672575,6.394737879868975,84.40095446794622,84.55315013819498,voiding,1
18.9381320476532,80.76728650199999,81.57424845363263,7.420431278638,6.3843531272585,84.41039646152313,84.56260915800755,voiding,1
18.93942880630493,81.11488657199999,81.76296328831805,7.142021903064037,6.374067135722878,84.66309814847132,84.81576652822213,voiding,1
18.975569009780884,81.25739734199999,81.94794593714902,6.842497421312658,6.363884843726264,84.91682677994729,85.06995269479792,voiding,1
19.01350498199463,83.162624352,82.12963128033246,6.53417999959888,6.353810631405782,85.15110911740507,85.3046575009067,voiding,1
19.050220012664795,82.66988416199999,82.30801519032725,6.228023009979824,6.343848230614908,85.15557864977438,85.30913509294169,voiding,1
19.050955057144165,81.25792321200001,82.48261804885612,5.9332338792572745,6.334000654052719,85.58440244899573,85.73873216689614,voiding,1
19.1249520778656,81.963640752,82.65255348707014,5.6570651636100004,6.324270148097561,85.58928022372736,85.74361873745478,voiding,1
19.125833988189697,83.03063098199999,82.81669092321908,5.404773207815265,6.3146581731835125,85.78080068948312,85.93548456169417,voiding,1
19.162022829055786,84.34057315199999,82.97388980272699,5.179730809013706,6.305165414175452,85.97315829013645,86.12818903039116,voiding,1
19.199875831604004,83.46605134200001,83.12325809131818,4.983669064394688,6.295791821335751,86.1567407230432,86.3121025075568,voiding,1
19.23733901977539,82.850257572,83.26436914770521,4.8170148532099635,6.286536680342049,86.16064288950504,86.31601171058409,voiding,1
19.238160848617554,83.74265896200001,83.39738266490554,4.679284769417199,6.277398707663694,86.32985968101264,86.48553364156746,voiding,1
19.274753093719482,83.46026677200001,83.5230507023418,4.569494092674001,6.268376165685223,86.5015890792849,86.6575727101632,voiding,1
19.312679052352905,83.744762442,83.64262383241055,4.486540584372587,6.259466990493356,86.5054802760611,86.66147092372381,voiding,1
19.313551902770996,83.001708132,83.75769109166839,4.4295272677196165,6.25066892437332,86.6643010281906,86.82057806871428,voiding,1
19.34953498840332,83.71531372199999,83.8699933138466,4.397995405145017,6.2419796448711145,86.83408494531979,86.99066814798617,voiding,1
19.388165950775146,84.52042069200002,83.98124598002379,4.392047954117455,6.2333968827743,86.83964030087135,86.99623352120953,voiding,1
19.38942790031433,84.721828902,84.09299528975349,4.412354090595882,6.224918522478364,86.99705881406045,87.15393589867807,voiding,1
19.424912929534912,83.63695909200001,84.2065170144549,4.46003613405701,6.216542679814269,87.169786776458,87.3269753320557,voiding,1
19.463311910629272,82.68040156200001,84.32276418679155,4.536450620270677,6.208267754350418,87.3435468339284,87.50104872162733,voiding,1
19.501170873641968,84.56985247200001,84.4423755891842,4.642884662216206,6.2000924552628485,87.34959253579459,87.50710532538027,voiding,1
19.502454042434692,85.89557074199999,84.56575241238512,4.780196541854102,6.192014776588635,87.52273756883658,87.68056258148324,voiding,1
19.53804898262024,85.196689512,84.6931832052585,4.948435232180452,6.184032820867778,87.7089179165357,87.86707865812032,voiding,1
19.57493495941162,85.13516272199999,84.8249669890178,5.146476921135644,6.176144775466477,87.71339923529162,87.87156805779566,voiding,1
19.57578706741333,84.46678195199999,84.96148327191126,5.371717361584493,6.168348878987999,87.91296282454327,88.07149150925994,voiding,1
19.612099170684814,84.03819790200001,85.10319024060455,5.619856866965472,6.160643382604757,88.12843340169847,88.28735063283759,voiding,1
19.64955711364746,86.32205131200001,85.2505702811621,5.884809973393277,6.153026510943128,88.35651395284772,88.51584246929245,voiding,1
19.687433004379272,85.33709680199999,85.40405683438077,6.1587642762117145,6.145496426528461,88.36316781535913,88.52250833035377,voiding,1
19.68848991394043,85.02841111200001,85.5639674412298,6.432402945561608,6.138051200840975,88.59932246110782,88.7590888209856,voiding,1
19.724467992782593,85.58215222199999,85.7304541664193,6.6952933266432435,6.130688793858345,88.85749392603458,89.01772583253315,voiding,1
19.762346029281616,86.226342972,85.90347660395587,6.936430426166175,6.123407042695559,88.86330868844149,89.02355108038618,voiding,1
19.763171911239624,85.987072122,86.08279878458377,7.144909771512749,6.116203658725644,89.12626504609817,89.28698161300157,voiding,1
19.799553155899048,86.59550371200001,86.26800340280404,7.310690091454873,6.109076231493795,89.41668960533782,89.57792987912025,voiding,1
19.838969945907593,86.60128828200001,86.4585102164524,7.425393652386274,6.102022236919599,89.69307001146859,89.85480866706932,voiding,1
19.876046895980835,86.046495432,86.65358712727823,7.483082130266324,6.095039046786618,89.70213910704558,89.8638941164552,voiding,1
19.877259016036987,87.078778242,86.85235060203865,7.480939842561585,6.088123936382434,89.96891362797496,90.13114969743033,voiding,1
19.913065910339355,87.546276672,87.05375929439248,7.419795120746057,6.081274087378159,90.24642943375088,90.40916593242925,voiding,1
19.950761079788208,86.89262026200001,87.25660631496827,7.304415425778838,6.074486583594634,90.25667212115587,90.41942708991773,voiding,1
19.952178955078125,87.866005632,87.4595148807082,7.14352294769895,6.0677583981347984,90.50229924562758,90.66549714048045,voiding,1
19.98703694343567,87.15240004200001,87.66094544363969,6.94949481065699,6.0610863713867875,90.76389108803669,90.92756069729181,voiding,1
20.025261163711548,86.854231752,87.85922935008858,6.737734936403431,6.054467180524134,91.01617436116757,91.18029889918611,voiding,1
20.063302993774414,89.100222522,88.05264616424222,6.525731764014205,6.047897302244488,91.0174082189945,91.18153498196203,voiding,1
20.06349492073059,88.752622452,88.2395520249573,6.331845425949437,6.04137297149487,91.24391898505883,91.40845420262355,voiding,1
20.099720001220703,87.589923882,88.4185495620312,6.173897170048419,6.034890139736877,91.47391895417924,91.63886891823206,voiding,1
20.13729691505432,87.64198501199999,88.5886802311084,6.06765998064286,6.028444436833579,91.47890112882891,91.64386007696746,voiding,1
20.138120889663696,88.69950958199999,88.7496213543467,6.025369569028044,6.022031140837265,91.69981590369143,91.86517321547929,voiding,1
20.174696922302246,90.26081761200001,88.90186652060764,6.05438643106248,6.015645159795973,91.92949632336462,92.09526780541437,voiding,1
20.21231698989868,90.516916302,89.04684797511653,6.156140255761094,6.0092810291777115,92.16711639820491,92.33331636766671,voiding,1
20.250392198562622,89.541427452,89.18694237433809,6.32547616491717,6.002932927663632,92.17169204151679,92.33790026198837,voiding,1
20.251102924346924,87.36590326199999,89.32531853474146,6.550497699944944,5.996594712940439,92.41501433066078,92.58166132103865,voiding,1
20.287518978118896,88.421324352,89.4656393545042,6.812965055663368,5.990259977806432,92.68083287391772,92.84795920047858,voiding,1
20.32576012611389,90.834541782,89.61168040219106,7.08926106431215,5.983922125489138,92.69133758173048,92.85848285086203,voiding,1
20.32721495628357,90.07676311200001,89.76693359283628,7.351885444341557,5.97757446166092,92.96045643806754,93.12808699465792,voiding,1
20.363281965255737,90.60526246200001,89.93423015059628,7.571384547064358,5.971210299338811,93.24669952780626,93.41484625105817,voiding,1
20.400723934173584,89.50461655200002,90.11538621976497,7.718574715856958,5.964823071767645,93.53652676357325,93.7051961165831,voiding,1
20.438156127929688,89.37262318200001,90.31087720884149,7.766878135526138,5.958406447598582,93.54731839382298,93.71600720679521,voiding,1
20.439552068710327,90.79404979200001,90.5195702577398,7.694566073842841,5.9519544422554445,93.82333572238667,93.9925222624591,voiding,1
20.47591495513916,91.65069202200002,90.73855644790032,7.4867000835564275,5.945461519369651,94.11174454227272,94.28145115435055,voiding,1
20.515360116958618,90.65732359200001,90.96311422635179,7.136579760298515,5.938922676572243,94.1126745236792,94.28238281274214,voiding,1
20.51549506187439,90.25503304200001,91.18681973084713,6.646546505171341,5.93233351073849,94.34055754073755,94.51067675890357,voiding,1
20.551454067230225,90.44907907199999,91.40181548903765,6.028054185437943,5.925690258937176,94.55543597369588,94.72594267050279,voiding,1
20.589388132095337,92.51101534200001,91.59924849327729,5.300994453161572,5.918989812765693,94.55685093216107,94.72736018048595,voiding,1
20.589677095413208,91.584958272,91.76987182064413,4.492348699302695,5.912229705355483,94.70309323266444,94.8738661918097,voiding,1
20.625667810440063,92.402686122,91.90477056196494,3.634319548007632,5.905408071997214,94.82275927187027,94.99374801830322,draining,1
20.663084030151367,92.054034312,91.99614512723345,2.7621598467119277,5.898523586942895,94.91093189660823,95.08207963996016,draining,1
20.700812101364136,90.50008846200001,92.03807919644458,1.9119526591045202,5.89157538037684,94.91315622807123,95.08430798243963,draining,1
20.702280044555664,93.372916272,92.02722838575906,1.1185889529036874,5.884562940705306,94.94067928034025,95.11188066553822,draining,1
20.73819398880005,92.36377174200001,91.96337077516803,0.41413338367558505,5.877486008111693,94.94520424190894,95.11641378672505,draining,1
20.775776147842407,91.170572712,91.84975536512496,-0.1733296787264955,5.870344465703226,94.9447062625781,95.11591490941504,draining,1
20.77703094482422,93.90246736200001,91.69318148121263,-0.6203912786332162,5.863138234510418,94.91695386494304,95.08811246738433,draining,1
20.81333088874817,91.57233739200001,91.50375586279132,-0.9086688043907105,5.855867178100233,94.88075899288889,95.05185232707763,draining,1
20.850767850875854,91.06276936200001,91.29430800095804,-1.0249748460053107,5.848531021669578,94.84358467482032,95.01461097457455,draining,1
20.888195991516113,91.83632413200002,91.07949373535907,-0.9614619597052785,5.841129289269327,94.84258931534421,95.01361382022061,draining,1
20.88938283920288,89.59348858199999,90.87467223746837,-0.7158543247685611,5.833661261367599,94.82427094432084,94.99526241667085,draining,1
20.92574119567871,90.442768632,90.69468577182124,-0.29180239016318227,5.826125953408731,94.82443773629498,94.99542950941192,draining,1
20.96327781677246,90.391759242,90.55269094889854,0.300689283510257,5.818522114483633,94.82525404015142,94.9962472852649,draining,1
20.96449112892151,88.23937333200001,90.45918092482188,1.0448900170395017,5.810848243818716,94.87883211291184,95.04992197246227,draining,1
21.000666856765747,91.91993746200001,90.42130398671986,1.9172105931326902,5.803102621623309,94.96892550198145,95.14017782206116,draining,1
21.038168907165527,89.88955339200001,90.4425325993934,2.8875074481049987,5.79528334999783,95.0971953068229,95.26867892889491,voiding,1
21.07585382461548,89.958442362,90.52268045602821,3.9199801899827666,5.787388399157127,95.10280870256746,95.27430244697202,voiding,1
21.077116012573242,92.233881852,90.65821935967236,4.97472635515484,5.779415654192617,95.29501120951367,95.4668515422898,voiding,1
21.11211085319519,90.25292956199999,90.84282322671415,6.009893293357897,5.771362957974503,95.54180918623753,95.71409455643912,voiding,1
21.150096893310547,90.54268393199999,91.0680620674088,6.9842475001746855,5.763228146538335,95.55105690744304,95.72335895355945,voiding,1
21.15134286880493,91.914678762,91.32417738641284,7.8598987084485366,5.755009074334159,95.8460001134518,96.01883401467822,voiding,1
21.187170028686523,91.36409287200001,91.60088221849759,8.604884265336777,5.746703627942363,96.1799040612978,96.35334007342998,voiding,1
21.224686861038208,92.041939302,91.8881343975138,9.19533643112146,5.73830972816355,96.5350252802399,96.70910166323372,voiding,1
21.2624409198761,92.71873399200001,92.17683064744988,9.617010101840064,5.729825321649723,96.54229256756037,96.71638205525984,voiding,1
21.263186931610107,91.90205788200001,92.45936998027098,9.866027467573744,5.721248364345838,96.9030127209107,97.07775267572701,voiding,1
21.299596071243286,94.356293172,92.73004264409057,9.948785899870778,5.712576799854913,97.27798436145112,97.4534004823193,voiding,1
21.337414979934692,92.925400902,92.9852154933543,9.881063956459155,5.703808536351806,97.28805198393415,97.46348625920072,voiding,1
21.338443994522095,92.295934512,93.22330723862935,9.68643801345454,5.694941425807764,97.63198092700026,97.80803539070352,voiding,1
21.374494075775146,94.113867102,93.44457751920378,9.394181564177604,5.685973249042339,97.99034283735323,98.16704351568146,voiding,1
21.41338086128235,91.84053109199999,93.65078265914211,9.03685641845997,5.676901709520331,98.32115383922228,98.49845105111429,voiding,1
21.450793027877808,94.60502968200001,93.84476239327873,8.647818486692548,5.667724437920691,98.33336131169017,98.51068053665615,voiding,1
21.452237129211426,95.444844072,94.03000903605742,8.258851680703655,5.658439008411136,98.62228772309506,98.80012795341119,voiding,1
21.488002061843872,94.20957544200002,94.21024558881061,7.898114942114698,5.649121380667952,98.9110667679017,99.0894277378298,voiding,1
21.525295972824097,93.012169452,94.38902611472832,7.588544258620411,5.639769443014081,98.92019326080249,99.09857068804097,voiding,1
21.52651810646057,94.41781996200001,94.56938404690715,7.3467993542399626,5.630381176119676,99.17849912345059,99.35734233966198,voiding,1
21.562073945999146,93.528573792,94.75357560832464,7.182789371564895,5.620954694049092,99.45438873712978,99.63372945014002,voiding,1
21.600707054138184,95.321264622,94.94296389466265,7.099758783052967,5.6114882846790906,99.72146122814128,99.9012835385106,voiding,1
21.63833713531494,97.287492552,95.13805347425705,7.094868635208676,5.601980446759267,99.72978456280146,99.9096218821894,voiding,1
21.63950490951538,94.96577650200001,95.33863909095696,7.160172548343673,5.592429920977257,99.99176262229327,100.17207235252782,voiding,1
21.675779819488525,94.299499212,95.54401057698459,7.283863822016243,5.582835712707593,100.26870996945007,100.44951910383698,voiding,1
21.713368892669678,94.44306172200001,95.75317243148285,7.45166029277706,5.573197104639718,100.28061725538281,100.46144786153357,voiding,1
21.714946031570435,97.298009952,95.96506419386301,7.648196703987473,5.563513658158023,100.59622792606464,100.77762765584517,voiding,1
21.755652904510498,98.492260722,96.17876833917822,7.85830860515467,5.553785203133054,100.8570791990353,101.03894930778932,voiding,1
21.788409948349,96.05590501200001,96.39366712442,8.068114686073935,5.544011816618927,100.86780219975039,101.04969164471086,voiding,1
21.78972291946411,95.00889784200001,96.60950223246435,8.265832941048972,5.534193791775316,101.16747110490041,101.34990092656824,voiding,1
21.825593948364258,96.96776359200001,96.82632737204939,8.442296953090167,5.524331599082365,101.48870572720963,101.67171481387462,voiding,1
21.863312005996704,96.171070542,97.04439392989421,8.59116884409285,5.514425842538128,101.81365194049826,101.99724698507138,voiding,1
21.900877952575684,98.072090592,97.26402547548042,8.708872436935465,5.504477213974163,101.82398031244934,102.00759398161625,voiding,1
21.902058124542236,99.35889448200001,97.48551117062094,8.794291921805016,5.494486448860205,102.14360181028978,102.32779183559386,voiding,1
21.93829107284546,96.37353049200001,97.70901567209853,8.848296540255634,5.484454286970886,102.47407837175729,102.65886432754688,voiding,1
21.975587844848633,96.435057282,97.93449800930539,8.873159967529316,5.474381441047803,102.48501066219963,102.66981633159651,voiding,1
21.97681999206543,99.168003672,98.16165370015914,8.871944340319383,5.464268576114551,102.80692766275335,102.99231382764312,voiding,1
22.01315402984619,97.74762880200001,98.38991104167312,8.847913964235653,5.454116301410731,103.1371601360864,103.32314179131076,voiding,1
22.050570011138916,98.34449125200001,98.61849904860492,8.804033782341332,5.443925176037366,103.46965174620097,103.65623296553893,voiding,1
22.088468074798584,100.41484144200001,98.84657126737184,8.742594092919795,5.433695728397196,103.47954603950662,103.66614510068786,voiding,1
22.08960485458374,98.324508192,99.07334317384898,8.664987278330619,5.4234284884273425,103.7892980248821,103.97645564504317,voiding,1
22.125545978546143,100.337012682,99.29819461323743,8.57164592765981,5.4131240305263955,104.11029290921529,104.29802936206701,voiding,1
22.163235187530518,99.95260171199999,99.52070271781449,8.462136047773166,5.402783024047612,104.11961217456107,104.30736543233928,voiding,1
22.164344787597656,97.725542262,99.74059909000837,8.335385188522624,5.392406287342206,104.41872425662366,104.60701688702031,voiding,1
22.200545072555542,100.801355892,99.95767616053543,8.19001412314445,5.381994840667781,104.72344778281416,104.91228990464252,voiding,1
22.238131046295166,99.999404142,100.17168592739273,8.02473280886091,5.371549952896265,105.02103874665298,105.21041749814965,voiding,1
22.275650024414062,99.708598032,100.38226970346537,7.838757017315094,5.361073176919552,105.03056077437954,105.21995669643312,voiding,1
22.276880979537964,101.37718354200001,100.58893596495587,7.632201333106241,5.350566368996556,105.30396107247543,105.4938500024799,voiding,1
22.31324076652527,101.32827763200001,100.79108129653324,7.40640701690135,5.340031688024226,105.57624330969114,105.76662323150785,voiding,1
22.35061502456665,99.74172784199999,100.98803780848112,7.164169175633354,5.329471571828692,105.58545416921902,105.7758507004799,voiding,1
22.351923942565918,101.680610532,101.17913073536893,6.909836274721291,5.318888689009066,105.83175515137164,106.02259582385457,voiding,1
22.388253927230835,101.98298578200001,101.3637367289728,6.6492656310093725,5.308285866539967,106.07506029026213,106.26633970172524,voiding,1
22.42557382583618,101.14843009200001,101.54133777654901,6.389630399412102,5.2976659951330936,106.31089613073293,106.50260081219488,voiding,1
22.463221073150635,101.432925762,101.71156621037196,6.139085896945864,5.287031916133248,106.31918284634028,106.5109024707877,voiding,1
22.46459698677063,102.490450332,101.87423946135567,5.906315045287756,5.276386295326729,106.52289680773978,106.71498377854115,voiding,1
22.499701023101807,100.67882818199999,102.02938930559377,5.699983414390109,5.2657314903181005,106.73492275968168,106.9273920653994,voiding,1
22.53746795654297,103.49906899199999,102.17729191682547,5.528143024427826,5.255069418950189,106.73959335844378,106.9320710863993,voiding,1
22.538322925567627,102.157574622,102.31849937585437,5.397630020911514,5.244401436502268,106.93327871159666,107.12610570186001,voiding,1
22.574488162994385,101.95932163200001,102.45386599407648,5.313504036766204,5.233728229054171,107.13208552598115,107.325271013806,voiding,1
22.612026929855347,102.85803346200001,102.58456101569062,5.278576151741333,5.223049729464307,107.33299521376283,107.5265429911469,voiding,1
22.650036096572876,102.30534409200001,102.71206340017491,5.293067750623743,5.2123650609620995,107.33765855278574,107.53121473931651,voiding,1
22.650912046432495,102.44154442199999,102.83813672403573,5.354434436169893,5.201672511551724,107.53948246651387,107.73340259117799,voiding,1
22.68824601173401,104.465618052,102.96477647738948,5.457377922800522,5.190969540468827,107.7468557209022,107.94114979052515,voiding,1
22.72577476501465,104.14220800199999,103.0941122655899,5.594055245660804,5.180252816056292,107.75376202412802,107.94806854751354,voiding,1
22.726991891860962,102.37055197200002,103.22824757370792,5.754479620268431,5.169518282846131,107.96521545293831,108.15990327884022,voiding,1
22.763194799423218,101.80208650200001,103.36904270705907,5.927092001936822,5.15876125450849,108.1917723678572,108.38686873157404,voiding,1
22.800870895385742,103.121494332,103.51788410206973,6.099468029348417,5.147976528708219,108.19866279383956,108.3937715826884,voiding,1
22.8019859790802,104.57447314199999,103.67550266582518,6.259112795762573,5.137158519729599,108.42782236178898,108.623344381676,voiding,1
22.838207006454468,104.60444773200001,103.84188249943941,6.394286876287083,5.126301404829354,108.67065222343885,108.86661212526433,voiding,1
22.875886917114258,103.847720802,104.01625864903033,6.4948021580459,5.115399280448251,108.91678747883167,109.11319122303313,voiding,1
22.913615942001343,102.873283692,104.19717852834034,6.5527258991697535,5.104446324453866,108.92700500870524,109.12342717762496,voiding,1
22.91517400741577,104.73328588199999,104.3826090963727,6.56293635603051,5.0934369603607745,109.15906619586092,109.35590682815159,voiding,1
22.950639963150024,105.032505912,104.57008612573996,6.5234831328177725,5.082366018931131,109.39855925076421,109.59583174791045,voiding,1
22.987601041793823,106.08056482200001,104.75689874639968,6.435719557738253,5.071228891757525,109.40436226380713,109.60164522521252,voiding,1
22.98851203918457,103.663140432,104.9402897512817,6.30419188848133,5.060021670533624,109.62911705706112,109.82680530661302,voiding,1
23.02464485168457,103.819323822,105.11765378673257,6.136289640820657,5.048741264967358,109.85567634110356,110.0537731327425,voiding,1
23.062160968780518,105.78029305199999,105.28673250941021,5.941681193048537,5.037385491959432,110.07834416742111,110.27684248389211,voiding,1
23.100311040878296,106.881990702,105.44581177981944,5.731577287137715,5.0259531289999995,110.08197168023803,110.28047653800644,voiding,1
23.100955963134766,104.726449572,105.59390651462633,5.517880397190457,5.014443925876279,110.2782097251564,110.47706844836345,voiding,1
23.137195110321045,106.248843222,105.73089511502815,5.312288641261928,5.002858570742285,110.47616107901368,110.6753767571766,voiding,1
23.175125122070312,106.80679129200001,105.85756474073646,5.125427812179145,4.991198609240658,110.48052556989892,110.67974911831188,voiding,1
23.175990104675293,104.56395574199999,105.97555049217817,4.966083531757845,4.979466318432544,110.66405783910893,110.86361234132332,voiding,1
23.213420152664185,105.29649265200001,106.08717744634711,4.840597414228791,4.967664540465982,110.84358673919513,111.04346497615221,voiding,1
23.25084900856018,108.47327332200001,106.19523038202968,4.7524770086202395,4.95579648386483,111.0225834944502,111.22278450656202,voiding,1
23.288712978363037,106.69530685200002,106.30267625729326,4.702250331753495,4.943865502748833,111.02704412113498,111.22725317685331,voiding,1
23.289663076400757,104.590249242,106.41235823334145,4.687573681525345,4.93187486596522,111.19697604955388,111.39749153431565,voiding,1
23.325852870941162,106.48706233200002,106.52668772322542,4.7035781930270995,4.919827528871888,111.38514099873339,111.58599579115747,voiding,1
23.365688800811768,105.93647644200001,106.64738221414058,4.743418515256408,4.907725920303596,111.55383266319744,111.75499164816414,voiding,1
23.401045083999634,106.97717317200002,106.7753021318856,4.798968254739169,4.895571756109064,111.55919464638146,111.76036330032204,voiding,1
23.40215516090393,107.90533372200002,106.91041268118477,4.861593393314276,4.883365888681803,111.73798716960633,111.93947823042109,voiding,1
23.438701152801514,107.370523932,107.05185609822914,4.922928188473795,4.8711081992986,111.92277658938148,112.1246008709492,voiding,1
23.476037979125977,105.775560222,107.1980970634999,4.975578887050495,4.865013687266902,111.92839127512804,112.13022568135447,voiding,1
23.47716212272644,107.46938749200001,107.34710893606962,5.013688932882109,4.858869782541675,112.12013763531198,112.32231780736524,voiding,1
23.515331983566284,108.78669184200001,107.49658398899531,5.033314433909294,4.852676476584514,112.29950706215541,112.5020106813819,voiding,1
23.550971031188965,107.523026232,107.64415554155966,5.032578950361774,4.846433618937421,112.30548308314742,112.50799747860891,voiding,1
23.55216097831726,106.485484722,107.7876150247947,5.011600072225971,4.840140951731808,112.48502738639961,112.68786554437949,voiding,1
23.588128089904785,107.74389163200001,107.9251086948055,4.972204316140185,4.833798151412061,112.67245070057255,112.87562682886451,voiding,1
23.626030921936035,109.700653902,108.05530576564765,4.917469047497733,4.82740487401235,112.857775465184,113.06128577958727,voiding,1
23.663973808288574,108.470643972,108.17752640378373,4.851148072957383,4.82096080047401,112.87025861795252,113.07379144254911,voiding,1
23.666566848754883,106.75052320200001,108.29180791678142,4.777049350653643,4.814465678914704,113.03368762674042,113.23751515401766,voiding,1
23.701061964035034,109.277328552,108.39889156438493,4.698437683415512,4.807919361400935,113.20707670449401,113.41121689490484,voiding,1
23.738286018371582,108.424893282,108.50013186332139,4.617531833819861,4.801321833558541,113.21323151637431,113.41738280542407,voiding,1
23.739630937576294,108.07834495200001,108.59734380406618,4.535154600769216,4.794673236201553,113.37587347083219,113.58031804331016,voiding,1
23.7758309841156,109.97200282200001,108.69260183584466,4.4505771872427475,4.787973878987938,113.5414413099266,113.74618444192205,voiding,1
23.813408136367798,109.406692572,108.78799991262274,4.36157749564583,4.7812242468491135,113.70426247546567,113.90929921405096,voiding,1
23.851158142089844,106.49600212200002,108.88538746839806,4.2647081127819,4.7744250005290985,113.70944005719129,113.9144861322293,voiding,1
23.85238790512085,108.574766232,108.98611260813891,4.1557462269234176,4.767576972966605,113.85592880712431,114.06123903739162,voiding,1
23.8881778717041,111.138382482,109.09081582914067,4.030277059367146,4.76068116343661,114.00328317627688,114.20885912269775,voiding,1
23.925413846969604,109.415106492,109.19930648857625,3.8843468011271374,4.753738731334548,114.0076008201099,114.21318455230406,voiding,1
23.926550149917603,108.157751322,109.310528039658,3.715112199888628,4.746750991252422,114.13634866182915,114.34216455803362,voiding,1
23.962132930755615,108.166691112,109.42260802715573,3.521412809517567,4.739719410595058,114.26564263834985,114.47169168337993,voiding,1
24.000017881393433,109.95201976200002,109.53300063361576,3.304198645371359,4.732645610461684,114.26863725790524,114.47469170297059,voiding,1
24.00095796585083,110.899111632,109.63873140786139,3.066759903782927,4.7255313699271895,114.37602196802212,114.58227005411953,voiding,1
24.037474155426025,108.950763282,109.73672756825854,2.8147250685604113,4.718378633256462,114.47605291026866,114.68248137674681,voiding,1
24.07472586631775,109.86945817200001,109.82418640673167,2.5558171080013055,4.711189519030604,114.56973213285397,114.77632952600078,voiding,1
24.113315105438232,110.36535358200001,109.89892635947007,2.2993821506739285,4.703966329707144,114.57026324340025,114.77686159426993,draining,1
24.113559007644653,110.123979252,109.95967666328963,2.0557284821995587,4.69671155981982,114.64258638672143,114.84931515399863,draining,1
24.15073299407959,108.53953294200002,110.00627400623114,1.8353335349328368,4.689427900877397,114.70678029702995,114.91362482170904,draining,1
24.187590837478638,112.978401612,110.03974189400464,1.6479907395515507,4.682118241061813,114.70766123224692,114.91450734546876,draining,1
24.18815016746521,110.529425022,110.0622347063445,1.5019752487443712,4.674785658055191,114.76257394300103,114.96951907734025,draining,1
24.2259521484375,107.64397633200002,110.07684240065855,1.4033069265129274,4.6674334037293725,114.81381699618747,115.0208545343493,draining,1
24.263105154037476,108.74146702200002,110.08728191779365,1.3551807037032222,4.660064879983429,114.86503824335192,115.07216814601475,draining,1
24.300867795944214,112.092836532,110.09753350705081,1.357619279462505,4.652683605674496,114.86698230627617,115.07411571456238,draining,1
24.302273988723755,111.517008882,110.11148075188956,1.4073827210309389,4.64529317530682,114.91913220923395,115.12635965661586,draining,1
24.338171005249023,108.985996572,110.13258027883532,1.4981458161983943,4.637897210868092,114.97664946904473,115.18398063418627,draining,1
24.375051975250244,108.74462224200002,110.16356542173902,1.620929403833614,4.630499308874187,114.97804957231939,115.18538326219134,draining,1
24.375879049301147,110.15132449200001,110.20620318559395,1.764748754335711,4.623102985248152,115.04542034795878,115.2528755239018,draining,1
24.412472009658813,111.340316562,110.26114371232723,1.9174226240327832,4.615711621067285,115.11935120380605,115.32693969525751,draining,1
24.449586868286133,110.36693119200001,110.32788909279873,2.066472698841658,4.608328412423957,115.20037644337398,115.40811104325184,draining,1
24.487568855285645,109.863673602,110.40487564004502,2.200036031677108,4.600956327634632,115.20182356893268,115.40956077833368,draining,1
24.488210916519165,110.074547472,110.4896457661426,2.3077133328828237,4.593598074786204,115.28742621368839,115.49531778570265,voiding,1
24.524723052978516,110.92487926200002,110.57908918060734,2.38128342582537,4.5862560821352565,115.37800783827069,115.5860627512229,voiding,1
24.562492847442627,110.715057132,110.66973709362577,2.415227959396334,4.578932493197303,115.37982151475092,115.58787969820769,voiding,1
24.563245058059692,111.71052904200002,110.75808535075652,2.4070291028482322,4.5716291775194,115.5573253747408,115.76570364129513,voiding,1
24.637759923934937,109.747982202,110.84091350269415,2.3572245237251583,4.5643477571750655,115.64544548505806,115.85398265383496,voiding,1
24.675853967666626,110.29856809200001,110.91556960296452,2.2692263166174023,4.557089648020304,115.64596269017919,115.85450079160408,draining,1
24.676088094711304,111.650579862,110.98020046314684,2.1489315415680266,4.549856113775654,115.7228365273229,115.93151325117502,draining,1
24.71310806274414,112.589257812,111.03390846828545,2.0041696753495915,4.542648330124938,115.79413206074092,116.00293734796726,draining,1
24.75016188621521,111.617975922,111.07680720617316,1.8440449885803254,4.535467455315792,115.79599552777216,116.00480417528769,draining,1
24.751219987869263,110.110306632,111.10995109590763,1.678238572937951,4.528314703269598,115.85367838345962,116.06259104734485,draining,1
24.787333011627197,109.142179962,111.13514655446393,1.5163350010784984,4.521191415003707,115.90751310830368,116.11652284943266,draining,1
24.824671983718872,111.75207277200002,111.15469513432262,1.3672325867957797,4.514099124262157,115.9566609734085,116.1657593402209,draining,1
24.86239218711853,112.43097094200002,111.17113172892473,1.2386847028902868,4.507039613646064,115.95788186649999,116.16698243488278,draining,1
24.863420009613037,112.02973213200002,111.18699111093419,1.1370038970485885,4.500014958211238,115.9978503238156,116.20702296515287,draining,1
24.89968991279602,110.20654084200001,111.2045993391339,1.0669422846636958,4.493027554415685,116.03746626247373,116.24671034108769,draining,1
24.937443017959595,110.15132449200001,111.22588387444708,1.031742763174784,4.486080133389744,116.03855461009111,116.24780065126339,draining,1
24.938497066497803,111.236194302,111.25222357709083,1.0333378814663163,4.479175758686773,116.07821692573056,116.28753448780861,draining,1
24.976163148880005,111.88459201200001,111.28437710943265,1.0726584489718263,4.472317809861773,116.11936286906867,116.32875462739798,draining,1
25.013187170028687,111.49387060200002,111.32251232593414,1.1500035991548117,4.465509954324757,116.16381488358422,116.37328679982392,draining,1
25.049993991851807,110.94012949200001,111.36632755732691,1.2654189944709622,4.458756110834319,116.16513429029317,116.37460858574751,draining,1
25.050976991653442,110.83863658200002,111.41523715627883,1.4190305990110934,4.452060408656142,116.22013484556227,116.42970832053925,voiding,1
25.08727717399597,112.00764559200002,111.46859267260238,1.6112878027048085,4.445427146751155,116.28570009069834,116.49539179593101,voiding,1
25.125237941741943,111.66320074200001,111.52591102667708,1.8430809590030208,4.438860757343754,116.28739854900992,116.49709331698048,voiding,1
25.12609601020813,111.800452812,111.58707292412964,2.115713422805995,4.432365777846279,116.37032547969532,116.58016978530888,voiding,1
25.1625759601593,112.627646322,111.65244765362468,2.430725418058431,4.42594683440645,116.4689914017864,116.67901362631376,voiding,1
25.200376749038696,111.154684452,111.722906895315,2.789584793237616,4.4196086393548875,116.47157109177994,116.68159796812256,voiding,1
25.201239109039307,112.34157304200002,111.79971221113819,3.1932761736824573,4.413356003640949,116.60039884610711,116.81065803056212,voiding,1
25.238934993743896,111.363980712,111.88429066561181,3.6418335650463542,4.4071938640582395,116.74638017258499,116.95690259726007,voiding,1
25.276483058929443,111.535940202,111.97793937603188,4.133870762540503,4.4011273237888275,116.91194381841974,117.12276479505084,voiding,1
25.31411099433899,112.14752701200001,112.08151355336548,4.666168040159921,4.395161703652002,116.91329977301744,117.12412319476803,voiding,1
25.314384937286377,113.048342322,112.19515066566021,5.233372069445363,4.389302600535183,117.1163960477236,117.32758570198718,voiding,1
25.351107120513916,111.461792532,112.31807111645324,5.827858873591107,4.383555948898191,117.34132918728979,117.55292445130213,voiding,1
25.38777804374695,111.668459442,112.44848453665018,6.439797336578686,4.377928081036958,117.34835406113191,117.55996199271881,voiding,1
25.388818979263306,112.47882511200001,112.58362545214558,7.057434205118434,4.37242578199419,117.61422982625832,117.82631719721331,voiding,1
25.424931049346924,112.68338854200002,112.71993288485677,7.6676017460622,4.367056335600071,117.61422982625832,117.82631719721331,voiding,1
