# expected_volume_mL=112.37,sensor_cal_factor=0.00052587,source_duration_s=25.00
time_s,mass_g,filt_mass_g,filt_inflow_g_s,kz_flow_g_s,cum_volume_g,cum_volume_mL,zone,is_roi
0.0,-0.030693279000001183,-0.02850866750092922,-0.001981110900999914,0.46494704326888514,-9.016831565799785e-05,-9.033091129833486e-05,empty,0
0.03699612617492676,-0.008080869000004043,-0.029499461181909815,-0.0028933624550298463,0.46611080734271965,-9.387089173258307e-05,-9.404016402783317e-05,empty,0
0.03821992874145508,0.050290700999997995,-0.03054723761274893,-0.003157574478512753,0.4672959180216107,-0.0001945134139002576,-0.00019486416940518695,empty,0
0.07514286041259766,-0.004925649000004029,-0.03158772771722969,-0.002293916917894023,0.4685008923719366,-0.00023500879058782587,-0.0002354325692124082,empty,0
0.11205697059631348,-0.10747029900000271,-0.032557186345517644,9.988452832650911e-05,0.4697246853184113,-0.00023159745262929895,-0.00023201507977289016,empty,0
0.11360311508178711,0.04135091099999855,-0.03339433878269544,0.004312818153185066,0.47096667610914233,3.330748353091572e-05,3.336754511211753e-05,empty,0
0.14939188957214355,-0.11167725900000391,-0.034044802474086214,0.010490982196647828,0.4722266409309758,0.0005720531570919418,0.0005730847095691663,empty,0
0.18640899658203125,-0.08275440900000319,-0.034465411507738034,0.01861694746501487,0.4735047129332761,0.0014714089098222414,0.0014740622218215203,empty,0
0.22458386421203613,0.029255900999999085,-0.03462572432637982,0.02850074061432345,0.474801331510323,0.0015144626145044255,0.0015171935629176773,empty,0
0.2258448600769043,-0.09327180900000087,-0.03450510218349052,0.03978450263139518,0.4761171831472107,0.003170446244738799,0.0031761633387485467,empty,0
0.261944055557251,-0.09064245900000145,-0.03408552556547858,0.051961787456201544,0.4774531364339498,0.005375416888859166,0.005385110087015795,empty,0
0.2998390197753906,0.06343745099999865,-0.033342149776340674,0.06441096494581215,0.4788101739935685,0.005459421295327471,0.005469265974080816,empty,0
0.30103182792663574,0.01663502099999903,-0.03223515898172505,0.07644053138344409,0.4801893240619444,0.008416851942287657,0.008432029595559665,empty,0
0.3371458053588867,0.0718513709999975,-0.0307074278435291,0.08734262722921554,0.481591594320715,0.011879233226210891,0.011900654404138341,empty,0
0.37482285499572754,-0.11378073900000274,-0.028691866972134893,0.09644996360771134,0.483017910347891,0.015506324828804076,0.015534286544584329,empty,0
0.41115903854370117,-0.009132609000001679,-0.026129410130731497,0.10319079380999815,0.48446906074319057,0.015599496008307786,0.01562762573463012,empty,0
0.4120450019836426,0.01663502099999903,-0.022994487775098674,0.1071365747998664,0.48594565063210937,0.019633153921211635,0.01966855732439555,empty,0
0.4495370388031006,-0.10694442900000212,-0.019321641775416735,0.10803753976359838,0.48744806487288567,0.023559460074762263,0.023601943573194013,empty,0
0.4862520694732666,-0.15795381900000294,-0.015225712174866781,0.10584250238170624,0.4889764418957984,0.023678211375802293,0.023720909012023936,empty,0
0.48740196228027344,-0.0038739090000028398,-0.010908654423353785,0.1007007515919219,0.4905306587027974,0.027161148671154135,0.02721012689957337,empty,0
0.523374080657959,0.06817028099999689,-0.006648643087474661,0.0929457419941996,0.49211032715462616,0.030492532306277,0.030547517838386096,empty,0
0.5612289905548096,-0.08485788900000202,-0.002771591273084453,0.08306226564340549,0.4937148012803528,0.030573050209014137,0.030628180934696592,empty,0
0.562269926071167,0.05870462099999685,0.00039009360446983155,0.07164069428421314,0.49534319496931445,0.03293924251453647,0.032998640066656454,empty,0
0.5984048843383789,0.07816181099999753,0.0025438513120092207,0.05932347000371787,0.4969944090568563,0.03493104959248067,0.03499403886243305,empty,0
0.6359601020812988,-0.05383155900000247,0.0034801697812844048,0.046750050409818035,0.4986671665016576,0.03647256960500198,0.0365383386145081,empty,0
0.6739020347595215,0.047661350999998575,0.003105350430538277,0.03450674932121391,0.5003600540823024,0.036507063043587945,0.03657289425324378,empty,0
0.6750998497009277,0.11865380099999712,0.0014583631783908072,0.023087186759542588,0.5020715688222217,0.03715931579726387,0.03722632317898605,empty,0
0.7113819122314453,-0.016494789000002896,-0.0012913761715728032,0.012867370847390865,0.5038001671930368,0.03748422736128734,0.037551820638436526,empty,0
0.7496869564056396,0.022945460999999057,-0.004865718687034855,0.004097056215839559,0.5055443150541664,0.037484786282114,0.03755238056713484,empty,0
0.7508008480072021,-0.07223700900000196,-0.008915949461502502,-0.003093510043356994,0.5073025362680098,0.037271437612774884,0.037338647177694737,empty,0
0.787060022354126,-0.14007423900000404,-0.013070789149818835,-0.008674472718623127,0.5090734579905059,0.03687274772975293,0.03693923835879877,empty,0
0.8243839740753174,0.04345439099999737,-0.01698555371430691,-0.01268928243785938,0.5108558507796418,0.036345959557750745,0.03641150025821553,empty,0
0.8621277809143066,0.001910660999996594,-0.020384556643274706,-0.015224604163426055,0.5126486618898078,0.036327184587255756,0.03639269143183306,empty,0
0.8633158206939697,-0.002822169000001651,-0.023091823725024177,-0.01638203193812217,0.5144510404240812,0.03573942896551494,0.035803875942210926,empty,0
0.8993327617645264,-0.07276287900000256,-0.025048175777658336,-0.016255699322254034,0.5162623533912409,0.03514977756719524,0.035213161257458665,empty,0
0.937161922454834,-0.07118526900000077,-0.026313945561145465,-0.014918737940414404,0.5180821921461493,0.03513294784648746,0.03519630118862699,empty,0
0.9383931159973145,-0.09169419900000264,-0.02705648186896367,-0.0124201330446834,0.5199103691625488,0.034746294556643,0.034808950667845125,empty,0
0.9748489856719971,-0.07118526900000077,-0.0275220724898742,-0.008791995114364785,0.5217469055732152,0.03450437724111631,0.034566597115924975,empty,0
1.0124788284301758,0.06711854099999925,-0.0279942149482303,-0.004065742138555956,0.5235920103871076,0.03446069049344772,0.034522831590310284,empty,0
1.0495009422302246,0.04450613099999856,-0.028743733830065538,0.0017057068415691618,0.5254460527280868,0.03446731619878218,0.03452946924342034,empty,0
1.0508091449737549,-0.08328027900000379,-0.029979189093544276,0.008423770974049285,0.5273095288063488,0.034909227992043705,0.03497217791228582,empty,0
1.0871107578277588,0.04135091099999855,-0.03180652265704897,0.015922904477467605,0.5291830256057499,0.035654593070795965,0.035718887067517496,empty,0
1.1244909763336182,-0.02122761900000114,-0.034204829746383524,0.02395728395082768,0.531067183426156,0.03569109154992256,0.03575545136237484,empty,0
1.1257908344268799,0.052920050999997414,-0.03702200252556549,0.03220035251087416,0.5329626594452116,0.03700720746652316,0.03707394055953032,empty,0
1.1621167659759521,0.04187678099999914,-0.03999087234219687,0.04026115696605003,0.5348700943525531,0.03875534996587219,0.03882523538957342,empty,0
1.2018558979034424,-0.33306852900000194,-0.042763105284071554,0.047719753263129994,0.5367900838654,0.04055792978412868,0.040631065702392985,empty,0
1.2372348308563232,-0.0601419990000025,-0.04495446831545617,0.05418155736470814,0.5387231565717763,0.040625138245417095,0.040698395357059804,empty,0
1.2384188175201416,0.052920050999997414,-0.0461930432180328,0.05934752761952381,0.5406697590901318,0.0430055224586304,0.04308307198820918,empty,0
1.2773008346557617,0.03872156099999913,-0.046163605714552094,0.06309386758435935,0.5426302490138505,0.04527400902698163,0.045355649195533594,empty,0
1.312567949295044,-0.016494789000002896,-0.04464550937845067,0.06555212977344424,0.5446048955639425,0.045298692528750864,0.04538037720772477,empty,0
1.3129398822784424,-0.010710219000003462,-0.041543834417340345,0.06717878074542155,0.5465938873439308,0.047944355046952616,0.04803081050586317,empty,0
1.3518519401550293,-0.28994718900000294,-0.03691188268813725,0.06880284873265466,0.548597346117848,0.050412095981869375,0.05050300138436123,empty,0
1.3869938850402832,-0.09905637900000386,-0.030959467407630677,0.07164133800626772,0.5506153451516925,0.05321393701421094,0.05330989482489575,empty,0
1.424623727798462,0.19385321099999686,-0.02404009869911832,0.0772745663384348,0.5526479303996105,0.05330940577164932,0.05340553573597407,empty,0
1.4257819652557373,-0.2347308390000009,-0.01661320044731323,0.08757722089862877,0.5546951426975141,0.05679799563246135,0.056900416381948864,empty,0
1.4620869159698486,-0.0333226290000006,-0.009182998740517014,0.10460537636109182,0.5567570391558428,0.06113923881407551,0.061249487892281615,empty,0
1.499025821685791,0.04292852099999678,-0.00222040159207769,0.13044453091001207,0.5588337121142072,0.06129693626387397,0.0614074697093508,empty,0
1.5000860691070557,0.1160244509999977,0.003922726177482801,0.16702839217498103,0.5609253043157658,0.06839795060093,0.06852128892098779,empty,0
1.5371699333190918,0.1344299009999972,0.009095100367639117,0.21594217941670818,0.5630320193498252,0.0777434241996991,0.07788361470617021,empty,0
1.5749928951263428,-0.22789452900000384,0.013410714245457074,0.2782271374334333,0.5651541268605781,0.0781244539310821,0.0782653315278322,empty,0
1.576197862625122,-0.2347308390000009,0.017286014412502097,0.3542044124116958,0.5672919624867901,0.09246022447986466,0.09262695299525611,empty,0
1.6121478080749512,0.6555670709999966,0.021441668189085793,0.4433361885213004,0.5694459229395298,0.11056817445070835,0.11076755605160124,empty,0
1.6488230228424072,0.4972802009999988,0.026861382675846774,0.544139963188212,0.571616457003983,0.13359422190948692,0.13383512513472942,empty,0
1.6872539520263672,-0.007029129000002854,0.03470061877518511,0.6541681676695248,0.5738040535352765,0.13442088689033987,0.13466328079577228,empty,0
1.6884148120880127,-0.48820017900000323,0.04614640375490136,0.7700603128609599,0.5760092276853513,0.1643819533594018,0.1646783744333819,empty,0
1.7245619297027588,-0.566554809000003,0.0622472287217002,0.8876689029722498,0.5782325066386211,0.199985314045509,0.20034593673162593,empty,0
1.7622389793395996,0.621385520999997,0.08374698135751683,1.0022540622959244,0.5804744160514422,0.2012327410988958,0.2015956132026606,empty,0
1.763420820236206,0.5777383109999974,0.11095534300780148,1.1087357620851412,0.5827354681995325,0.24276930242226027,0.24320707515754386,empty,0
1.7993719577789307,0.001910660999996594,0.14367190632014293,1.2019873005162638,0.5850161525638574,0.2894229379041008,0.28994483861360526,empty,0
1.8370089530944824,-0.8442141690000007,0.18116951134714815,1.2771497873778404,0.5873169292619826,0.33881305368684567,0.3394240169172968,empty,0
1.8748979568481445,-0.11798769900000394,0.222242782694067,1.329945194789442,0.5896382253949405,0.34039439792627446,0.34100821270915094,empty,0
1.876075029373169,0.6723949109999978,0.26532860090081684,1.3569652645231802,0.5919804340655083,0.38904322021603865,0.3897447607854525,empty,0
1.911940097808838,0.8559235409999992,0.3086904154335337,1.355915229600255,0.5943439155644691,0.4397206043105404,0.4405135286621322,empty,0
1.9497349262237549,0.7207749509999992,0.3506322177657078,1.3257947407776078,0.5967290000415784,0.4410573995562755,0.4418527344783365,empty,0
1.9507660865783691,0.16282688099999731,0.3896921201729369,1.2670032459820741,0.5991359908924172,0.48597238026919926,0.48684870794349755,empty,0
1.9874558448791504,0.7260336509999981,0.4247732313468314,1.1813628808652314,0.6029507340710847,0.5278975330859348,0.5288494621177467,empty,0
2.0246660709381104,0.7707326009999989,0.4551934117309373,1.0720581411035555,0.6068119151887214,0.5657244282130461,0.5667445684362313,empty,0
2.0622010231018066,-0.03542610900000298,0.48066002187744866,0.9434976513824397,0.6107198066944882,0.566744121216464,0.5677661001968183,empty,0
2.0633699893951416,-0.16321251900000178,0.5011932008617938,0.8011086888204705,0.6146746845524667,0.5929162335402549,0.5939854072733469,empty,0
2.0994150638580322,0.9121916309999989,0.5170298575217899,0.651079312662829,0.6186768305855067,0.6146410794123215,0.6157494283834116,empty,0
2.137159824371338,0.9484766609999973,0.5285374650968491,0.5000656715215683,0.6227265310869394,0.6152254762944829,0.6163348790768212,empty,0
2.1385269165039062,0.6566188109999977,0.5361532351860856,0.35488311830641095,0.6268240722028878,0.6255004829027696,0.6266284140480561,empty,0
2.1741371154785156,-0.5565632790000024,0.5403521146565503,0.2221991167921882,0.6309697329956414,0.6317746983077214,0.6329139434058519,empty,0
2.212111711502075,-0.5002951890000027,0.541645426359241,0.1082436561110048,0.6351637773855772,0.6341664175841207,0.6353099755400929,empty,0
2.24983811378479,2.028613640999996,0.5406112986146845,0.01854920680108794,0.6394064463101726,0.6341537282218747,0.6352972632958072,empty,0
2.2509078979492188,2.160607010999996,0.5379422308076602,-0.04227242624664217,0.643697951425033,0.6321118399951323,0.633251693042609,empty,0
2.2870519161224365,0.7034212409999974,0.5344716525685528,-0.07071380660421321,0.6480384715110828,0.6295716561204915,0.630706928591957,empty,0
2.324620008468628,-1.4216194290000033,0.5311417007930123,-0.06451711495725042,0.6524281524661385,0.6295224207856068,0.6306576044736595,empty,0
2.3257479667663574,-0.24945519900000335,0.5289123288108053,-0.022782805587207924,0.6568671113813332,0.6300889783422589,0.6312251836728701,empty,0
2.362093925476074,1.9912768709999966,0.5286550680921247,0.05395862687600512,0.6613554447740476,0.6341742080091156,0.6353177800131393,empty,0
2.3996291160583496,0.664506860999996,0.5310809456227223,0.16371601942169403,0.6658932406129869,0.6429425156293934,0.6441018990476792,empty,0
2.437199115753174,-0.9388707690000011,0.5367227641548691,0.30305575015517855,0.6704805933704295,0.6434146486852568,0.6445748834755127,empty,0
2.438425064086914,0.5898333209999969,0.545963931828085,0.46717745277744704,0.6751176210089416,0.6637923871259401,0.6649893679883191,empty,0
2.4749040603637695,1.846136750999996,0.5590960820492753,0.6500538595112768,0.6798044825841139,0.6934103559055035,0.694660745246948,empty,0
2.5145349502563477,1.438587500999997,0.5763812905740944,0.8446372190814393,0.6845413950397564,0.6937474648574288,0.6949984620891894,empty,0
2.514892101287842,-0.22263582900000145,0.5980873804549057,1.0431297041445713,0.6893286477945474,0.7332148642330983,0.734537030888698,empty,0
2.5495059490203857,-0.48820017900000323,0.6244741645892378,1.2373101753295779,0.6941666138649324,0.7840627517038476,0.7854766096011297,empty,0
2.587791919708252,1.0531247909999983,0.6557364185645397,1.4189049633851527,0.6990557565232237,0.8393097764930256,0.8408232583580701,empty,0
2.6246368885040283,1.8403521809999965,0.6919288590772793,1.579986152273011,0.7039966308288083,0.8413615016285918,0.842878683258457,empty,0
2.625882863998413,1.2161444909999979,0.7328921594702872,1.713377392696607,0.7089898797643508,0.9052957614038591,0.9069282322218585,empty,0
2.6621429920196533,-0.735359079000002,0.7781861227364432,1.8130447830781926,0.714036225124432,0.9746554475155345,0.976412990899153,empty,0
2.6997618675231934,-0.12797922900000103,0.8270422669420191,1.8744490711784745,0.7191364537068134,0.9765386052424374,0.9782995444223977,empty,0
2.700761079788208,1.2419121209999986,0.878365181916522,1.8948355800168404,0.7242913997136627,1.045356309887157,1.0472413443069095,empty,0
2.737285852432251,1.5505978109999994,0.9308086789882515,1.8734400128467572,0.7295019245526538,1.1146481595998123,1.1166581442594794,empty,0
2.774893045425415,0.7244560409999963,0.9829197819185258,1.8115917163360398,0.734768895412856,1.1168735799177523,1.1188875775573555,empty,0
2.776155948638916,1.7619975509999968,1.033307127059114,1.7127010309612727,0.740093164062446,1.1741871230561471,1.1763044711041346,empty,0
2.810945987701416,2.0948732609999965,1.080778031782821,1.5821238489666576,0.7454755472684766,1.231985829722912,1.2342074030483992,empty,0
2.849362850189209,1.1015048309999962,1.1244040917773352,1.4269041103119244,0.7509168100772354,1.281534892627332,1.2838458150945022,empty,0
2.886307954788208,-0.6364955190000039,1.1635087725193367,1.2554032450047723,0.7564176529312824,1.2825599683700022,1.2848727393007435,empty,0
2.8871870040893555,0.5472378509999984,1.197608848746505,1.076833960194204,0.7619787032592551,1.3184169862338706,1.320794416183,empty,0
2.9234509468078613,2.0538554009999963,1.2263628588062552,0.9007236452875785,0.7676005117874451,1.349435208477746,1.3518685719071788,empty,0
2.961345911026001,2.071209110999998,1.2495649194015988,0.7363393726543853,0.7732835534229385,1.35008164897616,1.352516178096734,empty,0
2.9623191356658936,1.4648810009999984,1.2671827261679902,0.5921113712261896,0.7790282321831713,1.3693841037541492,1.371853439946052,empty,0
2.998492956161499,0.0497648309999974,1.279411467569845,0.47509438771952045,0.7848348893304485,1.3860530317543587,1.388552426121377,empty,0
3.0370070934295654,0.8958896609999982,1.2867206282907337,0.3905060999242882,0.7907038136414452,1.3999394214685899,1.4024638564101282,empty,0
3.074954032897949,2.1090717509999983,1.2898886982312732,0.3413784688326186,0.7966352526220402,1.4004115836722701,1.4029368700383391,empty,0
3.076364040374756,2.444050940999997,1.290022356274068,0.32835160203144054,0.802629423477952,1.4122162507342322,1.414762823817103,empty,0
3.111186981201172,0.7575858509999982,1.2885423322424212,0.3496306006093743,0.8086865227712616,1.4266628400780281,1.4292354639130718,empty,0
3.1496729850769043,0.47309018099999633,1.287114128338683,0.40111449573487085,0.8148067339204651,1.4271944258580365,1.4297680082729278,empty,0
3.1508841514587402,1.834567610999997,1.2875204818995767,0.4766935213642744,0.8209902320153007,1.4460160839129002,1.4486236064044282,empty,0
3.1868929862976074,1.7530577609999973,1.2914955721136374,0.5686975966259096,0.8272371857872094,1.469251779746227,1.4719012019096644,empty,1
3.2244558334350586,0.6534635909999977,1.3005484249107522,0.6684661225299882,0.8335477569661498,1.4961582822992412,1.498856223501544,empty,1
3.261944055557251,0.6045576809999993,1.3157987847257855,0.7669981929188905,0.8399220976265775,1.4971188698399736,1.4998185432177655,empty,1
3.2631280422210693,1.7556871109999967,1.33784490024002,0.8556341729465748,0.8463603464425331,1.5302301757043424,1.5329895569067746,empty,1
3.3002827167510986,2.5113623009999984,1.3666768870120776,0.9267152236337874,0.8528626250011219,1.5651116077839753,1.5679338887837861,empty,1
3.3369829654693604,1.4075611709999976,1.401637394018908,0.9741673751414164,0.8594290354396645,1.5666073054157499,1.569432283526097,empty,1
3.338502883911133,0.033462860999996735,1.4414251837488907,0.9939614279150195,0.866059660658843,1.6014890065054732,1.6043768848982902,empty,1
3.3737659454345703,1.0909874309999985,1.4841483838122183,0.9844091152404127,0.8727545682181702,1.6372605804934384,1.6402129638283294,empty,1
3.4108219146728516,1.693108580999997,1.5274487514671131,0.9462689764831128,0.8795138187492724,1.6719434468665675,1.6749583719360523,empty,1
3.44874906539917,1.9618281509999989,1.5687110628498453,0.8826512407723357,0.8863374793465052,1.6727469950557226,1.6757633691201388,empty,1
3.449704885482788,2.0738384609999976,1.6053411243624964,0.7987283471376498,0.8932256419431599,1.7000574861949733,1.7031231077889935,empty,1
3.486118793487549,1.4538377309999966,1.635067084450425,0.7012749557586105,0.9001784461921442,1.7246107901967214,1.727720687434103,empty,1
3.523911952972412,1.7215055609999972,1.6562128220476657,0.5980767965912834,0.9071961058840112,1.7252269703713248,1.7283379787330444,empty,1
3.5250370502471924,1.511683430999998,1.6679064664700685,0.49725991502556366,0.9142789374947471,1.7413811555878238,1.7445212939168742,empty,1
3.560781955718994,2.000216660999996,1.6702051827947815,0.40659953030113727,0.9214273891000744,1.7556781160655235,1.758844035329116,empty,1
3.59945011138916,1.4023024709999987,1.6641281081310106,0.33286994942532105,0.9286420676552383,1.767023500716461,1.770209878497757,empty,1
3.6363959312438965,2.2820829809999985,1.651593235874203,0.2812934225363926,0.9359237625433988,1.777351142529213,1.780556143587671,empty,1
3.674901008605957,1.5400804109999982,1.6352571678167285,0.2551367066978338,0.9432734633549565,1.7776435082156143,1.7808490364812808,empty,1
3.676046133041382,1.6121246009999979,1.618263553612795,0.2554902214453568,0.9506923700753713,1.7876130633179044,1.7908365691423607,empty,1
3.7131948471069336,1.8035412809999976,1.6039174866562156,0.28124734016703656,0.9581818942192124,1.7987635186122366,1.8020071314488446,empty,1
3.7497220039367676,1.5001142909999992,1.5953164026190296,0.3292822636714344,0.9657436499308322,1.8122790254633607,1.8155470100815074,empty,1
3.787053108215332,1.3029130409999965,1.5949791109877867,0.39480597921961086,0.9733794346453171,1.8285462801015544,1.8318435985789967,empty,1
3.8245928287506104,1.284507590999997,1.604520920551501,0.47186294672011625,0.9810911995282452,1.8292469595731602,1.8325455415479466,empty,1
3.8259589672088623,1.683642920999997,1.6244227156353106,0.5539181040562606,0.9888810105463469,1.8505668005196563,1.8539038274089925,empty,1
3.8618390560150146,1.6137022109999961,1.653933654233974,0.6344758858070156,0.9967510016196353,1.875890387051123,1.8792730785925897,empty,1
3.8995749950408936,0.8317335209999968,1.6911322002894813,0.7076710004331798,1.0047033218277448,1.8768286753740482,1.8802130588800323,empty,1
3.900846004486084,1.204575350999999,1.7331523641936253,0.7687748693844124,1.012740079053346,1.9046424365214973,1.9080769750766353,empty,1
3.935978889465332,1.6426250609999968,1.7765609605923436,0.8145713980159366,1.0208632827159325,1.936370179112247,1.9398619305873042,empty,1
3.974247932434082,3.119793890999997,1.8178425513932381,0.8435700201877111,1.0290747883623497,1.9364763464593164,1.9399682893802008,empty,1
3.9743728637695312,2.9993696609999994,1.8539149253401173,0.8560411572275726,1.0373762468295085,1.9679936030321394,1.9715423793149063,empty,1
4.011236906051636,0.8985190109999976,1.8825785749034918,0.853877485531951,1.0457549603752558,1.999480877757635,2.003086433337643,empty,1
4.048408031463623,1.920284420999998,1.9028170262378221,0.8403017665894356,1.0542124336588243,2.0308792603986117,2.0345414349815787,empty,1
4.086242914199829,2.9599294109999974,1.9149043584827745,0.8194566558110763,1.062749787038987,2.0611540612054537,2.0648708286971087,empty,1
4.12372612953186,2.3809465409999966,1.920315237494207,0.7959224165904758,1.0713677340877614,2.0619781919871216,2.0656964455891824,empty,1
4.1247758865356445,1.489596890999998,1.9214579781182917,0.7742138696109265,1.0800665751417022,2.0900004067934255,2.0937691913378336,empty,1
4.161345958709717,0.9558388409999985,1.9212731149156395,0.7583078422915954,1.0888462071563576,2.0912813120453055,2.0950524063767837,empty,1
4.163043022155762,2.0533295309999993,1.9227649697902207,0.751247094933013,1.0977061493456286,2.1186156225452955,2.122436007358541,empty,1
4.199341058731079,2.224237280999997,1.928547427121759,0.7548569855602675,1.1066455833599176,2.1473980785486675,2.1512703652060385,empty,1
4.237102031707764,1.6515648509999963,1.9404754841144387,0.7695982249102696,1.1156634061244146,2.1767596177450335,2.18068485047589,empty,1
4.27464485168457,1.2839817209999964,1.9594112213312918,0.7945644679564509,1.1247582929515363,2.1777646100311037,2.181691655010122,empty,1
4.275883913040161,1.2834558509999994,1.985153068716966,0.8276187783139156,1.133928768177946,2.2083891917558818,2.212371460384574,empty,1
4.312056064605713,2.0212514609999985,2.0165403265252313,0.8656496837116071,1.143173280362762,2.241610236480829,2.2456524108203055,empty,1
4.349581956863403,2.2342288109999977,2.0517189955315587,0.904916862544933,1.1524902790137264,2.242601805019749,2.246645767401071,empty,1
4.350656032562256,3.1203197609999975,2.0885186288203137,0.9414493479177193,1.1618782898668856,2.278117740884324,2.282225747229337,empty,1
4.387789011001587,2.3509719509999982,2.1248587591487227,0.9714559646793831,1.1713359859122232,2.3140119346014836,2.3181846670020874,empty,1
4.424356698989868,2.5271384009999984,2.1590960882432837,0.9917085497773407,1.1808622516116631,2.351966570818131,2.356207744758697,empty,1
4.462471961975098,1.8734819909999985,2.1902451825719154,0.9998629753282591,1.1904562380788424,2.3531195141153445,2.3573627670961175,empty,1
4.463628053665161,2.295755600999996,2.2180437536328053,0.9946904102256916,1.2001174073677376,2.3884534237557165,2.3927603924621486,empty,1
4.499483823776245,2.7779783909999978,2.242869618541102,0.9762007200389569,1.2098455644378077,2.4239480462744436,2.4283190205113643,empty,1
4.536421775817871,2.7101411609999992,2.265539382457026,0.9456504144650616,1.2196408758155788,2.4249375168674634,2.4293102753631173,empty,1
4.5374908447265625,1.0773148109999973,2.287032699823488,0.9054381074732981,1.2295038744449267,2.4569107802711434,2.4613411944211014,empty,1
4.573734760284424,2.0517519209999975,2.308199169313244,0.8589001496687345,1.2394354506986918,2.4888759424722604,2.493363997668063,empty,1
4.612040996551514,2.375161970999997,2.329514869068696,0.8100271747616878,1.2494368300007894,2.520843113744331,2.525388813608827,empty,1
4.652681827545166,1.9518366209999982,2.350950049966641,0.7631282204645264,1.259509537969231,2.5208907529467734,2.525436538716463,empty,1
4.652745962142944,1.818791510999997,2.371985220217668,0.7224725034052102,1.2696553544254663,2.545285066375965,2.549874841089927,empty,1
4.6872398853302,1.311326960999999,2.391779981081603,0.6919397278021895,1.2798762580135268,2.5708004929229076,2.57543627822371,empty,1
4.7245800495147705,2.9630846309999974,2.4094645703101514,0.6747080684325221,1.2901743635226286,2.571625320905008,2.57626259357344,empty,1
4.725804090499878,4.655860160999996,2.424485908335434,0.6730049446705535,1.3005518542978962,2.59631004380123,2.6009918290935987,empty,1
4.762079954147339,4.118946890999997,2.436904884713495,0.6879397945706692,1.3110109123436358,2.622647507938372,2.627376786153448,empty,1
4.7995078563690186,1.4680362209999984,2.447536981567929,0.7194307805232392,1.3215536488597,2.6512806981878456,2.656061609084197,empty,1
4.838053941726685,0.6240148709999964,2.45787664159152,0.7662293057754741,1.3321820379917044,2.6518347625049707,2.6566166725154985,empty,1
4.838749885559082,3.9627635009999977,2.46982725101904,0.826038033433733,1.342897856509056,2.6827074073475665,2.6875449883265543,empty,1
4.874611854553223,3.2270713709999974,2.4853201825296596,0.8957104209046197,1.3537026319425776,2.7177805320646042,2.7226813585099223,empty,1
4.912178993225098,0.7749395609999965,2.505920110240736,0.9715132195956094,1.364597601411657,2.718989925477586,2.7238929327565478,empty,1
4.9133758544921875,0.6029800709999975,2.532502275529951,1.0494284655207744,1.375583682951043,2.759521540833177,2.7644976365790193,empty,1
4.950648069381714,3.1108541009999975,2.5650748097474514,1.125468597920467,1.3866614606186791,2.804640068695791,2.809697524239422,empty,1
4.989519119262695,4.156809530999997,2.602792681099207,1.1959777227094883,1.3978311840455526,2.805049602677079,2.810107796711159,empty,1
4.9898529052734375,1.7730408209999986,2.6441564954717705,1.2578937285080452,1.4090927824023842,2.849467648532159,2.85460593922276,empty,1
5.024461984634399,1.6158056909999985,2.687335885851323,1.3089498093863774,1.4204458920397487,2.899793058753155,2.90502209853051,empty,1
5.062346935272217,3.777657260999998,2.7305351356147147,1.3477996055520527,1.4318898963481628,2.9495759352690953,2.9548947458115564,empty,1
5.098927021026611,5.061305930999996,2.772320301715347,1.374057136402656,1.4434239757267213,2.951223716005198,2.9565454979014207,empty,1
5.1001200675964355,3.727173740999998,2.811832134019403,1.3882503506310864,1.4550471649877341,3.0026277640729875,3.0080422401051767,empty,1
5.137102127075195,1.1067635309999986,2.848829073670544,1.3916947791047338,1.466758415102096,3.0547690278320276,3.060277527381314,empty,1
5.174640893936157,1.4249148809999994,2.8835601716526424,1.3863007769114601,1.4785566559405456,3.0564546435095843,3.0619661826383333,empty,1
5.175862073898315,3.321727970999998,2.9165369377964647,1.3743335764032611,1.4904408566136995,3.106118839952156,3.1117199358366623,empty,1
5.212213039398193,4.202560220999999,2.9483041103892735,1.3581493582103328,1.502410080169676,3.1600965066298405,3.1657949375173717,empty,1
5.252224922180176,0.667136210999999,2.9792848217690513,1.3399324577241516,1.5144635297678324,3.2101614853150795,3.2159501956672805,empty,1
5.28984808921814,2.3083764809999963,3.0097296746305835,1.3214585216540988,1.5266005839904064,3.2105918160888214,3.2163813024332013,empty,1
5.290175914764404,4.547005070999997,3.039763170817127,1.303905966532079,1.5388208196456812,3.255066974780315,3.2609366607697003,empty,1
5.324497938156128,5.324766800999999,3.0694899748886053,1.2877337036523016,1.5511240212090103,3.303383604929956,3.3093404176817836,empty,1
5.362239837646484,2.903135450999997,3.0990946241725417,1.2726371733877728,1.5635101768852646,3.304887815385642,3.3108473405987198,empty,1
5.363428831100464,1.4091387809999993,3.128869323804738,1.2575877839514689,1.575979462097278,3.3498353636358513,3.3558759403284424,empty,1
5.399407863616943,2.4813877109999964,3.1591513138934637,1.240953455567519,1.5885322119499663,3.3969697334408933,3.403095304989875,empty,1
5.437702894210815,4.468650440999998,3.190207577789398,1.2206907355502796,1.6011688848355428,3.4415861785249664,3.447792204493054,empty,1
5.4746479988098145,4.3082600909999975,3.2221216448978294,1.1945924565445176,1.6138900197891202,3.4429545891423405,3.4491630826911845,empty,1
5.4758100509643555,1.6510389809999992,3.2547166795499525,1.1605696797272058,1.6266961904483503,3.4844849625710834,3.490768345593151,empty,1
5.512279987335205,1.6168574309999961,3.287532343512252,1.1169431191126726,1.6395879585050634,3.5254309296484014,3.531788148315369,empty,1
5.549850940704346,2.8994543609999965,3.319875377453064,1.062717677621295,1.6525658293686374,3.5266971757634304,3.5330566777834407,empty,1
5.551079988479614,5.642918150999996,3.3509547524635046,0.9978142894980373,1.6656302124143387,3.563445705538528,3.5698714741920736,empty,1
5.589338779449463,5.143867520999997,3.3800694706000196,0.9232359498604567,1.6787813877038575,3.593943088511272,3.600423851443871,empty,1
5.623908758163452,2.4130246109999973,3.4067723276801063,0.841149456625361,1.6920194804883846,3.6245006253875274,3.631036491071456,empty,1
5.662200927734375,1.637366360999998,3.4309369393486224,0.7548706811032375,1.705344444190973,3.62534356826503,3.6318809539821983,empty,1
5.6633851528167725,5.365258790999999,3.4527095378814177,0.6687486798313305,1.7187560519681302,3.648004340184793,3.6545825888447134,empty,1
5.699449062347412,4.2193880609999965,3.472380607791445,0.5879521168757195,1.732253896418883,3.6689210270087056,3.6755369935971807,empty,1
5.737268924713135,2.1532448309999985,3.490229684816237,0.518169667579521,1.7458373965808693,3.669504725166169,3.6761217443059198,empty,1
5.7384560108184814,1.2534812609999975,3.5063971069793967,0.4652436751168061,1.75950581105202,3.685662573960469,3.6923087296738824,empty,1
5.774362087249756,2.9599294109999974,3.5208396065445218,0.43476269707630677,1.7732582559125754,3.7021714284484117,3.708847353685045,empty,1
5.81247091293335,5.253248480999996,3.5334116891947853,0.43164313893716244,1.7870937260899935,3.719263177513816,3.7259699233758927,empty,1
5.850820064544678,5.418897530999999,3.544059392195616,0.45973246376875887,1.80101111888985,3.7193906726276547,3.726097648394765,empty,1
5.851079940795898,3.553636640999997,3.553047114793982,0.5214661893571816,1.8150092585802238,3.739888311251113,3.7466322492998527,empty,1
5.887069940567017,2.0911921709999994,3.561119351284803,0.6176079286653285,1.829086921130473,3.7654601803107326,3.7722502307260397,empty,1
5.924546003341675,3.1539754409999965,3.5695422343647256,0.7470962139967203,1.8432428584319183,3.766556727861911,3.773348755622031,empty,1
5.925871849060059,4.777336130999998,3.5800288927612196,0.9070141187129367,1.857475821535106,3.8028603296440493,3.809717821723151,empty,1
5.962180852890015,4.684257140999996,3.594577640265845,1.0926883216050036,1.871784582600777,3.8479709860571436,3.8549098237398756,empty,1
5.999920845031738,3.0293442509999977,3.615244574657413,1.2979139998629923,1.8861679553637944,3.8992854637442993,3.9063168340455814,empty,1
6.036401987075806,1.910818760999998,3.643870766878297,1.5152916626774124,1.9006249629988639,3.901398996824225,3.9084341783452463,empty,1
6.037701845169067,4.0810842509999965,3.68180497663672,1.7366526701413432,1.9151547077749003,3.9695702810630946,3.976728392168999,empty,1
6.074649095535278,5.224851500999996,3.7296799719014286,1.9535425981492585,1.9297563856430475,4.046672554888409,4.053969700349038,empty,1
6.112156867980957,2.383575890999996,3.7872900062272072,2.1577265494376414,1.9444292982047284,4.050888966364959,4.058193715052053,empty,1
6.114031076431274,2.1117011009999977,3.853591981433674,2.3416784936202593,1.9591728617108646,4.1371859581617585,4.144646321540532,empty,1
6.149685859680176,4.464969350999997,3.92683517592784,2.4990179814849847,1.9739866126954733,4.23331526995522,4.240948978115829,empty,1
6.187207937240601,6.0336395609999975,4.004806144002491,2.6248620402785625,1.9888702098383553,4.236789678524989,4.244429651898407,empty,1
6.188508987426758,4.513349390999998,4.085142277492425,2.716067320840828,2.0038234316971826,4.3357358680040665,4.343554265682295,empty,1
6.224571943283081,2.494534460999997,4.165640388143854,2.7713469595240094,2.0188461700561176,4.440151802952437,4.448158488231254,empty,1
6.26211404800415,3.8297183909999966,4.244496569562315,2.7912572537539044,2.033938418804917,4.54431996735616,4.55251449344436,empty,1
6.2995219230651855,6.556354340999999,4.320449140068683,2.7780601284155284,2.049100258479887,4.548074921733819,4.556276218927889,empty,1
6.300884008407593,5.696556890999997,4.392819164134431,2.735477475656076,2.064331836849535,4.647105275364289,4.6554851486318265,empty,1
6.337535858154297,2.7606246809999995,4.461448784033005,2.6683618565934966,2.0796333461916343,4.745379937322664,4.753937023965802,empty,1
6.374969005584717,1.9081894109999986,4.5265580400788,2.582314012489947,2.095004998159885,4.748441537641135,4.757004145102319,empty,1
6.376177787780762,4.493892200999998,4.5885789906473216,2.4832806471416697,2.110446997352361,4.835679880387168,4.844399800027217,empty,1
6.412075042724609,7.116405890999999,4.648035870332354,2.3771658066329238,2.125959514847308,4.922462609056572,4.931339019291296,voiding,1
6.449427843093872,5.656064900999997,4.705493686248087,2.2694860005400854,2.1415426630458914,5.014777431550908,5.023820308105498,voiding,1
6.4910619258880615,3.4984202909999986,4.761536508804111,2.16509337764285,2.1571964731436264,5.016472961739411,5.025518895751764,voiding,1
6.491863012313843,5.676047960999998,4.816723797643441,2.067983438878489,2.1729208764373866,5.159973777742511,5.16927847900472,voiding,1
6.562741994857788,3.525239660999997,4.871514786596121,1.9811947759506747,2.1887156904662377,5.162114151416322,5.171422712298459,voiding,1
6.563843011856079,3.3027966509999978,4.926198631498704,1.9067991008614644,2.2045806106931116,5.228969286010179,5.2383984031358235,draining,1
6.599472761154175,5.321611580999999,4.980879244454565,1.8459713177297488,2.220515208079328,5.297898626917209,5.307452040590271,draining,1
6.637293100357056,7.376185670999998,5.035532020645065,1.7991224259973857,2.2365189325101964,5.3646923260493935,5.374366185182723,draining,1
6.674762964248657,6.599475680999998,5.090097174666113,1.7660732910415442,2.2525911216270487,5.367846400601841,5.377525947306993,draining,1
6.676558971405029,4.194672170999997,5.1445433651827654,1.7462451774645324,2.268731014240988,5.429804027844708,5.4395952993835985,draining,1
6.7121148109436035,3.0267149009999983,5.198860799130955,1.7388435194652516,2.284937767178662,5.495800959611813,5.5057112398435315,draining,1
6.75002384185791,4.272500930999996,5.253009191624037,1.743014506201048,2.3012104741699546,5.498206139537782,5.508120756900202,draining,1
6.7513978481292725,6.367041140999998,5.3068899709789745,1.7579592172800194,2.3175481852564066,5.565503905869142,5.57553987764891,draining,1
6.789408922195435,6.548466290999997,5.360390436973641,1.782996569142729,2.3339499251945885,5.628733367203939,5.638883357246984,draining,1
6.824530839920044,5.358422480999998,5.4134843428356465,1.8175734128598635,2.350414709458042,5.697986544103903,5.7082614146502735,draining,1
6.862180709838867,5.345275730999997,5.466329659132831,1.861226914964931,2.366941556701058,5.700649997719434,5.710929671127463,draining,1
6.863591909408569,6.246091040999996,5.519311065770351,1.9135100856889309,2.3835294969213567,5.844182550691013,5.854721048578454,draining,1
6.937436819076538,3.9070212809999987,5.5730121121246174,1.973895386589361,2.4001775750186316,5.84674308007824,5.857286195229654,draining,1
6.938712120056152,5.569296350999998,5.62813466759232,2.0416733742876803,2.416884849953285,5.9211024783313215,5.931779681758487,draining,1
6.974483013153076,7.716423560999999,5.6853931143949605,2.11586320449434,2.4336503902181286,6.083099093649009,6.094068416799248,draining,1
7.049637794494629,5.7906876209999965,5.745400624157994,2.1951496792094503,2.4504732667950613,6.085749750339314,6.0967238532752095,voiding,1
7.050822973251343,4.390295810999998,5.808554546375485,2.277857747374238,2.467352545129452,6.16992986960299,6.181055769988971,voiding,1
7.087108850479126,4.660067120999997,5.874937582343884,2.3619705106137956,2.4842872778736815,6.261040419077277,6.272330614182806,voiding,1
7.125015020370483,6.094114610999998,5.944271684999009,2.445191475702315,2.501276500195786,6.26577152006842,6.277070246512142,voiding,1
7.126918792724609,7.108517840999998,6.015958263652186,2.5250466737166595,2.5183192293020458,6.3570719698661255,6.368535333466365,voiding,1
7.162554740905762,6.436981850999999,6.089199955713772,2.5990178991459656,2.5354144694847034,6.45468769427266,6.4663270830221,voiding,1
7.1996448040008545,6.230314940999996,6.16315757823615,2.6646951420674667,2.5525612234978743,6.555784684699595,6.567606376176713,voiding,1
7.237195014953613,6.117252890999996,6.237086556892751,2.719934550379468,2.5697585104249017,6.559060616564224,6.570888215351857,voiding,1
7.23838996887207,6.315505880999996,6.310420872786387,2.7630080368281273,2.5870053894832985,6.659758057251077,6.671767238279981,voiding,1
7.274639844894409,6.170891630999996,6.3828037808260625,2.7927318296915686,2.604300988484619,6.763315084490368,6.775511004298105,voiding,1
7.311615943908691,5.5487874209999966,6.454082604660586,2.8085636016783933,2.621644534996882,6.765934251813477,6.7781348946238005,voiding,1
7.3125481605529785,7.670672870999997,6.524285806509446,2.8106609405151115,2.6390353877156962,6.870483856921876,6.882873028372948,voiding,1
7.3498170375823975,7.704854420999997,6.593589627238473,2.7998974364314524,2.6564730651979,6.972416398777233,6.984989379660623,voiding,1
7.386366844177246,5.652383810999996,6.662270608109463,2.7778361469645323,2.6739572689943847,6.974864309615457,6.987441704683889,voiding,1
7.387253046035767,5.062883540999998,6.730644099102473,2.7466632990427744,2.6914878983631283,7.073621331144783,7.086376809401706,voiding,1
7.4234559535980225,6.804039110999998,6.799006344215471,2.709087533096885,2.7090650541526045,7.17480889468062,7.187746838990804,voiding,1
7.461091041564941,8.247552261,6.867602928532563,2.668211631171328,2.7266890300983815,7.275345330387842,7.288464566607736,voiding,1
7.499060869216919,8.887536050999998,6.936620995944598,2.6273844736472287,2.744360290627586,7.277941414749278,7.291065332347504,voiding,1
7.500056028366089,6.529009100999996,7.006171019463719,2.5900410277935655,2.7620794352527773,7.373574339470861,7.386870706742998,voiding,1
7.537198066711426,5.142289910999999,7.076229794235105,2.5595376696603993,2.779847150680078,7.467101338588238,7.480566358032697,voiding,1
7.573885917663574,5.871671600999999,7.146564777453261,2.5389893189802595,2.797664152769919,7.469862253374231,7.483332251426799,voiding,1
7.57497501373291,7.505549690999999,7.216703003877297,2.531113978107724,2.815531121386418,7.564589904842512,7.5782307201387615,voiding,1
7.612348794937134,8.604092120999997,7.285996912434403,2.5380895338760165,2.833448631874802,7.662373407844952,7.676190550836458,voiding,1
7.650698900222778,7.849468670999997,7.353780536513917,2.561427261403459,2.8514170873521336,7.853820591646206,7.867982960975962,voiding,1
7.724855899810791,7.642801760999998,7.41955539828748,2.601866422668415,2.8694366561422853,7.856654187595558,7.87082166659543,voiding,1
7.725933074951172,7.030163210999998,7.483138253631934,2.659294632997453,2.887507218513867,7.857351599278521,7.87152033588311,voiding,1
7.726191759109497,7.213691840999999,7.544737227608879,2.732699120913827,2.9056283263983453,7.957256000904812,7.971604889706284,voiding,1
7.762174844741821,6.827177390999999,7.604962820861981,2.820154386265425,2.9237991790096003,7.96059940699485,7.9749543247794525,voiding,1
7.763339996337891,8.230724420999998,7.664796517772525,2.9188517676401875,2.942018616312803,8.067894507195426,8.082442904423388,voiding,1
7.799441814422607,9.280886810999998,7.725528351060881,3.0251757574443565,2.960285131174789,8.183995009017456,8.198752763992644,voiding,1
7.837136745452881,7.949909840999997,7.788654141267852,3.1348303043143124,2.978596899855572,8.303771672868683,8.31874541461499,voiding,1
7.874696969985962,6.394912250999997,7.855719837197666,3.243015693157499,2.9969518293598854,8.307779901733797,8.32276087130214,voiding,1
7.875913858413696,6.724632740999997,7.92812498099571,3.344652943935483,3.0153476191425352,8.430454701607555,8.445656883998753,voiding,1
7.912104845046997,8.710843730999997,8.006926978869064,3.4346482736157635,3.033781833823499,8.558949890115716,8.574383780921375,voiding,1
7.949120044708252,9.745230020999998,8.092687645207185,3.5081854640966608,3.0522519829720878,8.562678908858482,8.578119524001686,voiding,1
7.950175046920776,9.085263170999998,8.185372008590262,3.5610295545951702,3.070755603696084,8.825572990609313,8.841487668412455,voiding,1
8.02370309829712,6.4595942609999994,8.284286613451682,3.589821768942428,3.0892903417303264,8.829314500836583,8.845235925502488,voiding,1
8.024744987487793,6.124615070999997,8.388062252458345,3.5923435913688353,3.1078540269456947,8.960361283750188,8.976519017982557,voiding,1
8.061349868774414,8.714524820999998,8.494722215550992,3.5677278694558043,3.1264447396600397,8.963928524959424,8.980092691804673,voiding,1
8.062356948852539,9.942431270999997,8.601877812956682,3.5165969756507214,3.1450608647781313,9.089671628859133,9.106062541433714,voiding,1
8.098501920700073,9.990285440999997,8.707039379212866,3.4411123527789207,3.163701131559607,9.2215003633528,9.23812899554478,voiding,1
8.137354850769043,8.553082730999996,8.807966952169776,3.344925882157314,3.1823646376499566,9.226371525225078,9.243008941319454,voiding,1
8.138835906982422,7.901529800999999,8.902966745233023,3.2330308871750066,3.2010508568501272,9.459067556337391,9.47612458058244,voiding,1
8.212188959121704,9.907197981,8.991073865952867,3.1115185030936314,3.219759630892881,9.575188092428043,9.592454510547027,voiding,1
8.250268936157227,9.568011830999996,9.072107920691343,2.987252826643772,3.2384911461971515,9.57808872746492,9.595360376141976,voiding,1
8.251259803771973,9.101565140999998,9.146613704631706,2.8674849682147183,3.2572458971566194,9.68561621285354,9.703081760021579,voiding,1
8.289478778839111,8.240715950999999,9.21570961265561,2.759431253359969,3.2760246379702376,9.78146755878888,9.799105949497976,voiding,1
8.324787855148315,9.038460740999998,9.280878676763166,2.6698439333348785,3.2948283253373973,9.784374330829444,9.802017963163138,voiding,1
8.325890064239502,9.703686290999997,9.343747359840316,2.6046036534398773,3.3136580545257175,9.878666804185547,9.896480469029802,voiding,1
8.362345933914185,9.704212160999997,9.405890817454125,2.568361589059128,3.332514991389521,9.974621069487597,9.992607763461828,voiding,1
8.399735927581787,9.826739870999997,9.468683019614746,2.5642557713547016,3.3514003028905384,9.977542973296584,9.995534936181711,voiding,1
8.400868892669678,8.885958440999996,9.533195385112277,2.593721010484312,3.3703150885696376,10.071504537515299,10.08966593620046,voiding,1
8.436662912368774,8.706636771,9.600149607071847,2.6564054077612425,3.3892603152585816,10.174308945183437,10.192655725489319,voiding,1
8.474692106246948,9.237239600999999,9.669938567095777,2.750199212755925,3.408236757119916,10.28367037823756,10.302214364092928,voiding,1
8.513599872589111,10.686011450999999,9.742723355485285,2.871374233140423,3.4272449428724987,10.284983239452947,10.303529592719842,voiding,1
8.51404595375061,11.372271800999997,9.818587756957175,3.0148246414122437,3.4462851118061466,10.511861251598077,10.530816721697132,voiding,1
8.58735990524292,8.713998950999997,9.897702814365118,3.174393304886288,3.465357179913838,10.51558990696859,10.53455210074994,voiding,1
8.588504076004028,8.957476760999999,9.980450340366914,3.3432620963063515,3.484460717173901,10.516298674859497,10.5352621467236,voiding,1
8.58871078491211,10.663924910999999,10.067477308729945,3.514380348687498,3.5035949366975725,10.645224551520942,10.664420508436127,voiding,1
8.624547004699707,12.047488880999996,10.159674203537621,3.6809029387570207,3.5227586961202504,10.787654400862863,10.807107193811724,voiding,1
8.662439823150635,10.642890110999996,10.258070842282047,3.8366085668266585,3.541950511260825,10.934463092342861,10.954180617454279,voiding,1
8.700021028518677,8.910148460999999,10.363643428857605,3.9762697079527274,3.5611685817079657,10.938947332932395,10.958672944232013,voiding,1
8.70113205909729,9.439699550999997,10.477053727138193,4.095948421506705,3.580410827622378,11.088416821624175,11.10841196315786,voiding,1
8.73719596862793,11.652034640999997,10.598381874189188,4.193196634427549,3.599674936678586,11.252624113778118,11.27291536142869,voiding,1
8.77601408958435,11.076732860999996,10.726929529196395,4.267145500025075,3.6189584197185782,11.409088483396292,11.429661874770881,voiding,1
8.812462091445923,9.291404210999996,10.861149878467824,4.3184757481529505,3.638258673362917,11.56985688673047,11.590720183059979,voiding,1
8.849557876586914,9.327689240999998,10.998732121776133,4.349269265095279,3.6575730475335626,11.745500212946864,11.766680237374137,voiding,1
8.889879941940308,12.082722170999997,11.136845550874401,4.362751048200037,3.676898915597579,11.746756754477502,11.767939044758068,voiding,1
8.890167951583862,13.577770581,11.272516008751092,4.36293962750728,3.6962337446534317,11.897089015156604,11.918542391461235,voiding,1
8.924659013748169,11.779821050999995,11.403060465601413,4.354232372760946,3.7155751633635323,12.057337199894754,12.079079543072284,voiding,1
8.961518049240112,9.214101320999998,11.526477935289606,4.3409590558468985,3.7349210246996467,12.06275786182541,12.084509979789031,voiding,1
8.962768793106079,12.322518890999998,11.641716481892804,4.326941828027981,3.754269461023357,12.22177209339872,12.243810953114325,voiding,1
8.999568939208984,14.203555880999996,11.748783425198413,4.315101664334912,3.773618929081946,12.384849109934908,12.407182037602594,voiding,1
9.03739595413208,12.626471751,11.848696346090113,4.30714975400898,3.7929682427683424,12.550792333055366,12.573424497150237,voiding,1
9.075940132141113,8.870182340999996,11.943288207399545,4.303396984415062,3.8123165918753514,12.551961890270915,12.574596163364973,voiding,1
9.076211929321289,9.627961010999996,12.034911726131632,4.302705660154932,3.8316635455666375,12.706379329798239,12.729292055498135,voiding,1
9.112100839614868,13.446303081,12.126123814890205,4.302595435038798,3.851009039879688,12.868563446580419,12.891768630114626,voiding,1
9.149808883666992,16.013074551,12.219418126629542,4.299501059703375,3.870353349251111,12.873704190867882,12.896918644427853,voiding,1
9.151005983352661,13.014037940999994,12.317007813096122,4.289164277035513,3.8896970427850532,13.0297279008356,13.053223703501903,voiding,1
9.18747591972351,9.109453190999997,12.420614644553718,4.267127589293455,3.909040926736678,13.187846149996416,13.211627078738145,voiding,1
9.224695920944214,9.730505660999999,12.531253477011628,4.229285305656411,3.92838597541352,13.345886869980989,13.369952784993979,voiding,1
9.262316942214966,13.541485550999997,12.649069598344914,4.1724387648934815,3.9477332533633063,13.351521153869706,13.375597228881693,voiding,1
9.26367998123169,17.290412780999997,12.773295863523689,4.094799105173444,3.9670838322723183,13.49721939613828,13.5215582008999,voiding,1
9.299694061279297,13.703453510999996,12.902327906768944,3.9963831255526343,3.9864387064011217,13.646147185305463,13.670754543483733,voiding,1
9.33751392364502,9.172031720999996,13.033855807183398,3.879255750497814,4.005798710598969,13.650043975208122,13.674658360256585,voiding,1
9.338535785675049,10.070743550999996,13.165015804274798,3.7475858154775032,4.025164444938878,13.78318258277078,13.808037049459807,voiding,1
9.374738931655884,17.901473721,13.292596365178127,3.607499161564968,4.044536209789655,13.916450674759462,13.94154545658131,voiding,1
9.412415981292725,13.203877011,13.413349564348461,3.4667326731046506,4.06391395469113,14.046934265372839,14.072264341186976,voiding,1
9.450788736343384,8.880699740999997,13.52440123784722,3.334112897723601,4.083297243742326,14.167061023636702,14.192607717528253,voiding,1
9.487451791763306,16.935976401,13.623691991364849,3.21890113168483,4.102685239381829,14.296856410865415,14.322637157749364,voiding,1
9.52833890914917,18.629803671,13.710358093990905,3.130061354655029,4.1220767054812075,14.297219634268842,14.323001036133883,voiding,1
9.528455972671509,12.276768201,13.78496019875621,3.075516543060224,4.141470029642414,14.397397005039755,14.423359051332154,voiding,1
9.561103105545044,9.010589630999998,13.849495539785242,3.061461620319008,4.1608632635515015,14.516529633868673,14.542706505578716,voiding,1
9.599824905395508,12.038023221,13.90720544846317,3.0917972307151063,4.180254179258979,14.520200912021167,14.546384403948274,voiding,1
9.600997924804688,19.056810111,13.962258520612455,3.1677379888440105,4.1996403383942305,14.63715024115297,14.663544621471619,voiding,1
9.63723111152649,18.787038800999998,14.019368979859795,3.287632885914498,4.219019170633312,14.763798701771574,14.790421460400294,voiding,1
9.674842119216919,10.892152490999997,14.083334280276597,3.447015739351154,4.238388057270547,14.897420869883446,14.924284582131282,voiding,1
9.712557077407837,8.818647080999998,14.158470660107184,3.638881979822168,4.257744415524756,14.903470791408449,14.930345413152123,voiding,1
9.714171886444092,13.738160931,14.248021871394977,3.854166906049976,4.277085779254101,15.046035430262126,15.073167131098103,voiding,1
9.75009799003601,21.859171340999996,14.353696176733678,4.082381987370583,4.296409872055373,15.202793818930747,15.23020819367937,voiding,1
9.787444829940796,10.097037050999997,14.47545059708729,4.31235176082725,4.315714669262482,15.208304355829078,15.235728667430454,voiding,1
9.78869080543518,9.022684640999998,14.611546699286386,4.532985764936855,4.334998446097667,15.375282830362174,15.40300824520354,voiding,1
9.824728012084961,16.297044351,14.758852196741172,4.734018537357659,4.354259810117137,15.557033380193712,15.585086535958437,voiding,1
9.862432956695557,23.067620600999998,14.9133409892173,4.906656005920269,4.373497717070339,15.739400458470715,15.767782466911155,voiding,1
9.899086952209473,15.995194971,15.070684820765686,5.044077916539378,4.3927114702936985,15.745206986332665,15.773599465370332,voiding,1
9.900227069854736,8.974304600999996,15.22678218477059,5.141761915116241,4.411900704719558,15.938071420794483,15.966811681821762,voiding,1
9.937533855438232,10.410455570999996,15.37813313869191,5.197613694190498,4.4310653574370935,16.13371354056442,16.162806592430794,voiding,1
9.975122928619385,20.662291221,15.522093444506433,5.211907116662192,4.450205627440677,16.139244872432055,16.168347898649625,voiding,1
9.976186752319336,23.216441811,15.657071065128248,5.187056297841103,4.4693219277004275,16.325337833682728,16.354776431258994,voiding,1
10.012271165847778,13.011934461,15.782637985963852,5.127256340439115,4.488414832962174,16.518837685634402,16.54862521101423,voiding,1
10.050341844558716,8.701378070999997,15.899476843328761,5.038039288823456,4.5074850267186815,16.704075809445843,16.734197364702307,voiding,1
10.087523937225342,14.012139201,16.009164316570462,4.925796016105825,4.526533250596222,16.709550167510155,16.73968159438004,voiding,1
10.088649988174438,23.301632750999996,16.11389751748411,4.797312993665173,4.545560258991983,16.87982230463029,16.910260774023534,voiding,1
10.124660968780518,20.637049461,16.21624197725911,4.659365733455737,4.564566781214589,17.0525570295629,17.083306982130736,voiding,1
10.16230297088623,11.407505090999997,16.318864462514387,4.518399277422614,4.583553492669542,17.05797670302031,17.088736428591773,voiding,1
10.16352105140686,10.535086760999999,16.424184652978962,4.380312040288831,4.602520995849664,17.21428644097189,17.24532803142846,voiding,1
10.199743032455444,23.730742670999998,16.533976847802624,4.250344452072763,4.621469811097139,17.372287371767065,17.403613876745208,voiding,1
10.237436771392822,17.418725061,16.649037656181065,4.133060073419903,4.640400376357896,17.525051511501097,17.5566534877791,voiding,1
10.274853944778442,10.897411190999996,16.769017355621354,4.03239583420042,4.65931305450494,17.52951062176466,17.56112063891471,voiding,1
10.275970935821533,14.223538940999997,16.892459909945146,3.951751023815395,4.678208146310064,17.67287376173495,17.70474229787112,voiding,1
10.3125159740448,20.458779531,17.017072802871787,3.89408233361242,4.697085906825478,17.817970305520753,17.850100486396265,voiding,1
10.349931001663208,22.184159001,17.140202765861194,3.8619746852745664,4.715946562816021,17.82230929686169,17.8544473020053,voiding,1
10.351055145263672,16.344372650999997,17.25940157425207,3.857664227667308,4.734790328959651,17.96338992724304,17.995782335446844,voiding,1
10.38750696182251,13.253834660999996,17.37291861623645,3.8829996788146737,4.753617420794352,18.105306420305105,18.13795473883501,voiding,1
10.423791885375977,16.624135491,17.480021662728713,3.939339693236002,4.772428062804102,18.25961891274023,18.292545494630566,voiding,1
10.462531089782715,20.423546241,17.581147969695536,4.027395545564246,4.7912224905646195,18.26398745496027,18.2969219144062,voiding,1
10.463599920272827,20.920493390999997,17.67791117020475,4.147038586796008,4.810000946463044,18.416412827381052,18.449622147246096,voiding,1
10.499701976776123,17.268326241,17.772943323112795,4.297099347942888,4.828763669113544,18.58306899587919,18.61657883778721,voiding,1
10.537698030471802,14.914006251,17.869539829293704,4.475188944569699,4.847510877163452,18.588528831612184,18.622048518946286,voiding,1
10.538891077041626,16.737197540999997,17.971144624979736,4.677573187415148,4.866242748678604,18.760578401880863,18.794408336887262,voiding,1
10.574821949005127,20.860544211,18.080796308747402,4.899125671629993,4.88495939767796,18.950152441411028,18.984324225016056,voiding,1
10.612613916397095,17.673246140999996,18.200670325735523,5.133378726140914,4.903660849634077,19.1580303605167,19.192576999115108,voiding,1
10.652186870574951,14.555362911,18.331804125377836,5.372681456851222,4.922347017858373,19.159288361873326,19.19383726895745,voiding,1
10.652415990829468,17.364034580999995,18.47404165661071,5.608463438248109,4.941017682651162,19.35979803599415,19.394708511314516,voiding,1
10.687469959259033,23.022921651,18.62619482442005,5.831592173356161,4.9596724749304295,19.583244929724522,19.61855833472703,voiding,1
10.725136756896973,22.204142060999995,18.78636253762429,6.0328034080355675,4.978310865782059,19.590630036647607,19.625956758813473,voiding,1
10.726343870162964,15.704914730999999,18.952291017298407,6.203176646445265,4.996932163025192,19.816830666092052,19.852565283602537,voiding,1
10.762426853179932,14.719960220999997,19.121670356523186,6.334624307432353,5.015535515488158,20.055560308162853,20.091725413907888,voiding,1
10.799860000610352,21.226549730999995,19.29234374863698,6.420362032658142,5.034119925270374,20.065036793349464,20.101218987527012,voiding,1
10.801331996917725,24.866096001,19.46246101149769,6.455329487959014,5.052684267847164,20.29806325514183,20.334665653317803,voiding,1
10.837482929229736,19.763579390999997,19.63057855480599,6.436535085887144,5.0712273194755095,20.53679315892321,20.57382604580566,voiding,1
10.87478494644165,14.467542620999996,19.79566641332151,6.363303723105199,5.089747790991579,20.77375598845066,20.811216177570287,voiding,1
10.91239595413208,17.924086131,19.95701915598651,6.237413145629249,5.10824436676276,20.78080320299596,20.818276099975915,voiding,1
10.913541793823242,23.844856460999996,20.114141331335286,6.063111263946657,5.126715747271152,20.989504911709705,21.027354149178226,voiding,1
10.948587894439697,23.143871750999995,20.266680103918898,5.847013117523333,5.145160693564602,21.21156453262615,21.24981419818288,voiding,1
10.987392902374268,18.315859280999998,20.414401857207864,5.597881896587198,5.163578071617815,21.21301785964974,21.251270145912383,voiding,1
10.987658977508545,17.324594330999997,20.557161094243753,5.326303315520592,5.181966894505733,21.40043365888451,21.439023901907944,voiding,1
11.023802757263184,23.152811540999995,20.694843052282152,5.044266697191924,5.200326360212884,21.58327731196995,21.62219726705064,voiding,1
11.061083793640137,22.485482510999997,20.827310631829384,4.764669472751854,5.218655882899267,21.759233796062844,21.79847104394194,voiding,1
11.099065065383911,20.072265081,20.95438516168839,4.500764569579065,5.236955115530817,21.76281406477076,21.80205776875452,voiding,1
11.099881887435913,18.318488630999997,21.075866300729533,4.265572478114011,5.255223961977429,21.913081231268972,21.952595903895986,voiding,1
11.13593077659607,20.529771981,21.19159814349087,4.071281721781712,5.273462576997882,22.078028554513114,22.117840667715,voiding,1
11.177167892456055,24.050471630999997,21.301596573912132,3.9286629787253013,5.291671352977132,22.07877468841178,22.11858814707652,voiding,1
11.177359819412231,23.966858301,21.40622264908659,3.8465230975698934,5.30985089285671,22.212436360622068,22.252490844141523,voiding,1
11.212177753448486,19.983393050999997,21.50633900240313,3.831225505842977,5.3280019693901846,22.36651353866776,22.406845861217953,voiding,1
11.25210690498352,17.354568921,21.60338605167364,3.8863027722374417,5.3461254716364435,22.515660605114196,22.55626187649188,voiding,1
11.289872884750366,22.285651911,21.69937027905249,4.012185092619703,5.36422234043281,22.516943021623657,22.557546605513583,voiding,1
11.29018497467041,26.655105740999996,21.796795264341267,4.206065014782289,5.382293495414661,22.66616652527924,22.70703919583174,voiding,1
11.324615955352783,23.554050350999997,21.89853633810079,4.4619136891747795,5.400339756905523,22.835930943219385,22.87710974075274,voiding,1
11.361391067504883,18.386325861,22.007615690079664,4.770657362573937,5.418361766624738,22.84193973680076,22.88312936966616,voiding,1
11.362606048583984,19.400729091,22.12686265540386,5.120514911186223,5.436359911583705,23.04234951466715,23.083900535631287,voiding,1
11.400355100631714,25.395121221,22.258529819645727,5.497488296576206,5.454334255709789,23.252811866986303,23.294742403312267,voiding,1
11.437331914901733,22.278289730999997,22.403981004354797,5.885988429259161,5.472284483608002,23.475854828166785,23.518187565785198,voiding,1
11.474030017852783,20.277354381,22.563530588769023,6.269569664737738,5.49020986042394,23.48234346321718,23.524687901439773,voiding,1
11.475035905838013,22.016406471,22.736452363860494,6.631737728676415,5.50810921101196,23.734247546821898,23.777046230035964,voiding,1
11.512111902236938,24.770387660999997,22.921139936477772,6.9567889770827245,5.525980920571921,24.004362390993826,24.047648157677646,voiding,1
11.550189971923828,24.760396130999997,23.11537355762942,7.230634198148702,5.5438229576545,24.0122261720894,24.055526119103785,voiding,1
11.551261901855469,23.733372020999997,23.316616709752562,7.441558196997483,5.56163291903109,24.283403566906397,24.32719251343057,voiding,1
11.587364912033081,21.180273171,23.522262235142986,7.580867549936847,5.579408094479487,24.568835766726497,24.61313941767832,voiding,1
11.6248619556427,22.684787241,23.72979184417127,7.6433833425723545,5.597145548161205,24.853939853558035,24.89875761726912,voiding,1
11.662200927734375,26.112933770999998,23.936865000335388,7.627743357517209,5.614842212071066,24.863918453255216,24.90875421083472,voiding,1
11.663516998291016,26.305928061,24.141362757807585,7.53648875273034,5.6324949861271465,25.13513650985708,25.180461340269567,voiding,1
11.699891805648804,23.547739910999997,24.341387759461433,7.375923232527646,5.650100838922049,25.417087304992968,25.462920562004577,voiding,1
11.738696813583374,20.784293060999996,24.535219522138625,7.155747298826956,5.667656903031378,25.41828938275091,25.46412480740424,voiding,1
11.738867998123169,24.634187330999996,24.721264570728398,6.888485426628313,5.685160559093972,25.660550154383607,25.706822434766188,voiding,1
11.774819135665894,26.903316381,24.898071727844247,6.588738838934501,5.702609503626371,25.901255720264487,25.94796205195801,voiding,1
11.812250852584839,25.427199290999997,25.064451107457987,6.272309795415093,5.720001796658159,25.912016012621482,25.958741747767466,voiding,1
11.814010858535767,23.870098220999996,25.219665182988273,5.955253811768188,5.737335886689184,26.1203654696704,26.167466910108597,voiding,1
11.849907875061035,26.262280850999996,25.363618195535103,5.652922979317367,5.75461061206083,26.334722727595214,26.382210706867575,voiding,1
11.888768911361694,26.661416180999996,25.496976963391017,5.379065785283671,5.771825179471757,26.523710184419212,26.57153895453738,voiding,1
11.924684047698975,26.514698450999997,25.62118159435226,5.145046112786844,5.788979121919678,26.53087830877049,26.578720004779093,voiding,1
11.926102876663208,24.374933420999998,25.73833084068473,4.959236407483081,5.806072239688877,26.70848213649579,26.756644095868353,voiding,1
11.962400913238525,23.628723890999996,25.85096269089192,4.826627759399646,5.82310452902332,26.88882806951925,26.937315236945754,voiding,1
12.000069856643677,27.082112180999996,25.961788079993205,4.748683715824563,5.840076103752907,26.894512290566883,26.94300970804136,voiding,1
12.001270055770874,27.588524990999996,26.07344129784321,4.723446231327477,5.856987115339043,27.06619521773485,27.115002221733974,voiding,1
12.037530899047852,27.048456501,26.188276201924733,4.745882755677779,5.873837676578815,27.24362881564975,27.292755776046633,voiding,1
12.074672937393188,23.613999531,26.30820275932508,4.808444675960147,5.890627793597351,27.427050758642192,27.476508473895205,voiding,1
12.112452030181885,25.171100600999996,26.434562492705346,4.901790771902269,5.90735730984046,27.434210446901787,27.483681072832887,voiding,1
12.113895893096924,28.595040170999997,26.56806564424782,5.015616462566823,5.9240258646541815,27.61835401420846,27.668156696261732,voiding,1
12.150161981582642,27.761536220999997,26.70880823882305,5.139521573849416,5.940632867815859,27.813286458098386,27.863440651270672,voiding,1
12.187636852264404,27.181501610999998,26.85634900802275,5.263846888462038,5.957177490175112,27.81874270519204,27.868906737319215,voiding,1
12.188662052154541,25.008080900999996,27.00980300797694,5.380413116141615,5.973658669473563,28.014469996286955,28.064986972838064,voiding,1
12.224695920944214,26.869134831,27.16793087583543,5.48310488340268,5.990075129519628,28.222561210604194,28.273453426772384,voiding,1
12.262354850769043,28.778568800999995,27.32923924098367,5.568256123677352,6.006425410252473,28.433722644692196,28.484995636838505,voiding,1
12.300051927566528,27.915616130999997,27.492114627150855,5.634810640485569,6.0227079058606305,28.439263023666822,28.490546006478485,voiding,1
12.30103087425232,25.104840981,27.65499227380824,5.684251071538449,6.038920908019726,28.647703372824466,28.69936222482916,voiding,1
12.337584733963013,28.263742071,27.816545309602287,5.720309257102806,6.055062651449182,28.861557448103543,28.913601931580388,voiding,1
12.3748779296875,29.404354101,27.975875609592585,5.748489333341285,6.071131359309115,28.868512798178322,28.920569823861275,voiding,1
12.376085042953491,29.566847930999995,28.132675521689716,5.775450085993969,6.087125286404573,29.07637004685741,29.12880189025988,voiding,1
12.411972761154175,27.741553160999995,28.28731276311272,5.808303861066781,6.103042758669732,29.299100782916,29.351934264592266,voiding,1
12.450169801712036,26.250711710999997,28.44080078467697,5.853894717966814,6.11888220790918,29.53270525554963,29.585959983519967,voiding,1
12.489857912063599,29.320214900999996,28.59465915711443,5.918118137486909,6.134642201226327,29.741890752725894,29.795522693574327,voiding,1
12.524945974349976,30.933584061,28.750703791080138,6.005338647841581,6.150321464934133,29.96804568758626,30.02208544138075,voiding,1
12.562255144119263,27.831476931,28.910805689563606,6.117950948730303,6.16591890300054,29.970425029846805,30.02446907418033,voiding,1
12.562639713287354,27.451272921,29.07664095456327,6.256115710609281,6.181433610226331,30.199301385926155,30.253758150597232,voiding,1
12.59875774383545,30.136891011,29.249457014864156,6.417684748946421,6.196864880396824,30.44665880152445,30.50156161242682,voiding,1
12.636765956878662,30.618062061,29.4298925211549,6.59831341529596,6.2122122096122805,30.702662008573622,30.758026456194774,voiding,1
12.67500376701355,27.968203131,29.617884640430642,6.7917424559003265,6.227475294913846,30.711344934824535,30.76672503989635,voiding,1
12.676263809204102,28.125438260999996,29.81268108592853,6.9902186816225225,6.242654028214015,30.96706024880217,31.022901471450783,voiding,1
12.712342977523804,30.854177691,30.012961054405338,7.185014611545955,6.257748485444213,31.25866063047012,31.31502768029465,voiding,1
12.75241994857788,32.184102921000004,30.21704943360585,7.367002369701758,6.2727589107741135,31.26122982476297,31.31760150747643,voiding,1
12.75276494026184,31.728173631,30.423172184840638,7.527236606486064,6.287685695758522,31.523940478318547,31.580785892925814,voiding,1
12.78736686706543,28.786982720999998,30.629676663825542,7.657504696898694,6.302529353340783,31.806251465882166,31.863605956604054,voiding,1
12.824010848999023,30.032768750999995,30.835164305139486,7.75080917440629,6.317290486790801,32.106378649720476,32.16427434353885,voiding,1
12.862606048583984,30.781081761,31.038538677986054,7.801756277554981,6.331969753876414,32.11538252387016,32.17329445388716,voiding,1
12.863759756088257,32.921898531,31.239005136549817,7.806834489764168,6.346567826846854,32.39707693249293,32.455496826781136,voiding,1
12.899940729141235,32.501728400999994,31.43604506065032,7.764576937468185,6.361085349127029,32.688666966941256,32.7476126697468,voiding,1
12.937711000442505,29.832938150999997,31.62936122597263,7.675610511676516,6.375522889956841,32.698619406368834,32.757583055869404,voiding,1
12.939018964767456,30.658028180999995,31.818793379369417,7.542601847366953,6.389880898532423,32.96601199645469,33.02545782053165,voiding,1
12.97487998008728,32.582186511,32.004230083061586,7.370115358274228,6.404159659485393,33.24041687864692,33.30035752218686,voiding,1
13.012639045715332,33.598693221000005,32.185553308417425,7.164401194400879,6.418359251742145,33.25115059518475,33.31111059425441,voiding,1
13.014161825180054,31.960608171,32.362628606896685,6.93313135905668,6.432479512909743,33.49764091116119,33.55804539286836,voiding,1
13.05036187171936,31.083982881,32.535325354609974,6.6851006345845665,6.446520011315478,33.74150794600673,33.8023521799306,voiding,1
13.08755087852478,32.952398990999995,32.703548351382246,6.429905965161118,6.460480027667799,33.97901502772637,34.040287545307926,voiding,1
13.125227928161621,35.060611820999995,32.86727255393665,6.177614210060089,6.474358548000696,33.986337853633025,34.04762357606995,voiding,1
13.126436710357666,32.843018031,33.02657238638514,5.9384244454009405,6.4881542691163,34.19606883652303,34.257732755482905,voiding,1
13.162408828735352,31.154449460999995,33.1816334189431,5.722327956665692,6.501865617167243,34.407411172495586,34.46945619364415,voiding,1
13.199943780899048,32.920846791,33.332749186228455,5.538767304671355,6.515490779349005,34.413925067294656,34.47598183459693,voiding,1
13.201135158538818,34.195029801000004,33.48032785834629,5.396295737687498,6.529027747940513,34.608584001228074,34.67099178644367,voiding,1
13.23752498626709,35.16105299099999,33.62492838194587,5.302239874350491,6.5424743751848204,34.80502267173074,34.86778468416223,voiding,1
13.274713039398193,33.189566361000004,33.76731340532512,5.262371820170582,6.555828436791327,35.00404142771556,35.06716231989137,voiding,1
13.312466859817505,32.960812911000005,33.90848561664907,5.2806012498089325,6.569087701219151,35.01148383486528,35.074618147530835,voiding,1
13.313865900039673,33.69966026099999,34.04968712953525,5.358702798479276,6.582250001417451,35.20500309877031,35.26848637424395,voiding,1
13.34952187538147,34.993826330999994,34.19236480772776,5.496098510415642,6.595313305395426,35.417975586338876,35.481842903565294,voiding,1
13.387600898742676,36.110248341,34.33810663161186,5.689718181802046,6.608275781905067,35.424339879450365,35.48821867306188,voiding,1
13.38869595527649,33.529804251,34.488540620067795,5.933961354308194,6.621135857662155,35.63854229952283,35.702807352757794,voiding,1
13.423941850662231,33.21691160099999,34.64518966609748,6.220782778486272,6.633892262908681,35.88484947983174,35.94955868546558,voiding,1
13.46254587173462,35.142121671,34.80930264504634,6.539917970642902,6.646544062718873,36.13609844039189,36.2012607096693,voiding,1
13.49999213218689,35.812605921,34.98170622510404,6.879257003071475,6.659090672240363,36.14468704061067,36.209864797245714,voiding,1
13.50120997428894,34.447973270999995,35.16271630104448,7.225363299206994,6.671531854995238,36.41324975371709,36.478911794948,voiding,1
13.537528038024902,34.769279841,35.35212326750469,7.564120802088458,6.683867704382964,36.70253731136084,36.76872100917736,voiding,1
13.574986934661865,34.94123933099999,35.54924661493579,7.8814787011440774,6.696098609559422,36.71222946824672,36.778430643404846,voiding,1
13.576195001602173,37.54166648099999,35.75304304152787,8.164249498992111,6.708225207839793,37.01277005468978,37.07951317841092,voiding,1
13.612480878829956,37.359189591,35.96223622626804,8.400905288719347,6.720248326614542,37.33014367035739,37.3974590967315,voiding,1
13.649855852127075,34.594691001,36.175424252045566,8.582310359066334,6.73216891841082,37.98032284126659,38.04881070052754,voiding,1
13.725087881088257,35.394539271,36.391135479321086,8.702327045693508,6.7439879931214515,37.99112354465236,38.05963088023679,voiding,1
13.726325035095215,37.165143560999994,36.60784188608773,8.75823699891242,6.755706551522732,37.99358441899319,38.06209619213904,voiding,1
13.726606130599976,37.504329711,36.823964337487304,8.750931942926098,6.767325523994358,38.31081858151811,38.37990240584864,voiding,1
13.76299500465393,37.281886701000005,37.03789541540175,8.68484592997831,6.778845717847164,38.319341358306986,38.388440551299325,voiding,1
13.763983011245728,36.558815451,37.24804407576046,8.56762355684062,6.790267775889161,38.624829284446534,38.694479347271624,voiding,1
13.799971103668213,36.608773101,37.45290263122508,8.40954336566507,6.801592147873242,38.93587683510875,39.006087793136395,voiding,1
13.837373971939087,36.702903831,37.65114698953105,8.222739934620298,6.812819075346519,39.24205742651635,39.31282050342251,voiding,1
13.875073909759521,39.942788901,37.84177850905437,8.020289052108556,6.823948589252199,39.25060700819855,39.32138550210234,voiding,1
13.876153707504272,37.930284411,38.024288438203925,7.815235190767204,6.834980518518376,39.529487464301276,39.600768848228086,voiding,1
13.912290096282959,38.632320861,38.198794444377214,7.61964723817181,6.845914506902127,39.81352968145533,39.88532326332932,voiding,1
13.950002908706665,37.969198791,38.36609389959867,7.443786056742302,6.856750034629822,39.82358179070148,39.89539349899968,voiding,1
13.951366901397705,38.606027361,38.52760585147169,7.2954560406493245,6.867486440956712,40.08381355349664,40.15609452363919,voiding,1
13.987322807312012,39.29859815099999,38.685209837894604,7.179593672483675,6.878122943705576,40.3527352843934,40.425501186529154,voiding,1
14.024992942810059,38.677545681,38.84101354114624,7.098121410898441,6.888658652150835,40.884685852844385,40.95841099263112,voiding,1
14.100189924240112,37.176186830999995,38.9970924285832,7.050068006672717,6.899092570272704,40.893628314123426,40.967369579366284,voiding,1
14.101459980010986,39.506316801,39.15524940104201,7.031929782897711,6.909423588365075,40.895015435524535,40.96875920208829,voiding,1
14.101657152175903,41.105487471,39.31683615280309,7.038224609276676,6.919650462160865,41.14973710924341,41.223940201606304,voiding,1
14.137786865234375,37.840360641000004,39.482655330069036,7.062173769566883,6.929771779937871,41.160037985075135,41.234259652449545,voiding,1
14.139241933822632,40.02114353099999,39.652937927438366,7.096438291553547,6.939785919371431,41.413913261980355,41.488592728892364,voiding,1
14.174922943115234,40.302483980999995,39.82738268467547,7.1338361282820575,6.949690997090335,41.68275860370392,41.75792286486067,voiding,1
14.21251893043518,38.51820707099999,40.00524972704815,7.167974298222078,6.959484814861704,41.69393144370313,41.76911585223716,voiding,1
14.214074850082397,41.417328381000004,40.18550210261866,7.193744212369736,6.969164806990569,41.95243724689635,42.02808780494525,voiding,1
14.249974966049194,40.688998431,40.36698095804736,7.207646771008243,6.978727993811961,42.22819171720404,42.30433952835508,voiding,1
14.288232803344727,39.050913381,40.54859013410038,7.207933920475021,6.988170946052221,42.497958174455135,42.57459244084866,voiding,1
14.325693845748901,42.693614870999994,40.72946178588319,7.194572787188388,6.997489764353531,42.50358985641909,42.580234278119704,voiding,1
14.326478004455566,40.263569601,40.90907808811246,7.1690551776372695,7.006680077435552,42.76017352828137,42.83728063342153,voiding,1
14.362355947494507,40.600652271,41.08733182008588,7.134087652139354,7.015737061280607,43.028157416485804,43.10574776245823,voiding,1
14.400027751922607,42.852953481,41.2645188731442,7.09320473657003,7.024655480459402,43.036233562996074,43.113838472246115,voiding,1
14.401169776916504,39.681431511,41.44126846566112,7.050350007740996,7.033429751353093,43.291125541439875,43.36919008359034,voiding,1
14.437427997589111,41.519347161,41.61842862156604,7.009467253858125,7.042054025662664,43.556029635041696,43.634571864397614,voiding,1
14.475315809249878,43.705388751,41.79692997823564,6.97413760427808,7.050522291309498,43.816806797701084,43.89581927239139,voiding,1
14.512779951095581,40.57593638099999,41.97764806647751,6.947289649195438,7.058828486695384,43.82690207452574,43.90593275348201,voiding,1
14.514234781265259,41.273765870999995,42.16127815591987,6.930999425455932,7.066966623370116,44.0774369584922,44.156919413436384,voiding,1
14.55039381980896,43.856313441,42.34823536692642,6.926386946345446,7.074930911502876,44.33479646931766,44.41474300672977,voiding,1
14.587530851364136,42.168796611000005,42.5385924878203,6.933606706786891,7.082715882208848,44.34337084050736,44.42333283961867,voiding,1
14.588765859603882,41.94004316099999,42.732060912841675,6.9519220107662685,7.090316500768846,44.60048204303119,44.68090767684952,voiding,1
14.625675916671753,44.27332835099999,42.92801194665284,6.9798474281727625,7.097728265103546,44.85819639020777,44.93908674635121,voiding,1
14.66250491142273,42.083079801,43.12553517489628,7.0153402721238995,7.104947284514206,45.122703031686335,45.204070358331336,voiding,1
14.70009994506836,41.944775991,43.32353377173143,7.056020534295238,7.111970334648719,45.1330083346136,45.214394244253256,voiding,1
14.701555967330933,45.87565424099999,43.52085465436849,7.099398915199134,7.118794885845905,45.39164501006935,45.47349730521874,voiding,1
14.737874984741211,42.655752230999994,43.71644008353036,7.143094075955195,7.125419103384169,45.6574235850001,45.739755144259775,voiding,1
14.77497386932373,44.973261320999995,43.90947148494721,7.185022681279621,7.131841819626882,45.92262136660089,46.00543114265768,voiding,1
14.811784982681274,43.55288645099999,44.099470804354965,7.223548938108428,7.138062479520329,46.201709954289534,46.285022995681764,voiding,1
14.850330114364624,43.95833222099999,44.286338209930186,7.257583983235379,7.1440810622624795,46.21624617841708,46.29958543219503,voiding,1
14.852329015731812,45.352413591,44.47032655694765,7.286629519407354,7.149897983134458,46.47435666031829,46.55816135074964,voiding,1
14.887692928314209,44.495771360999996,44.651967299963076,7.310764436921351,7.155513980401465,46.48218121673163,46.566000016761805,voiding,1
14.888761758804321,43.488730311,44.83196761024581,7.330577638788902,7.160929992800913,46.74659391081861,46.83088951194011,voiding,1
14.924791097640991,46.31002286099999,45.01110069863322,7.347054681117374,7.166147033423789,47.0185373742204,47.103323356261676,voiding,1
14.961768865585327,44.865457971,45.1901110398998,7.361429822931388,7.171166065767032,47.026421540342746,47.1112217394738,voiding,1
14.962838888168335,43.904693480999995,45.36964948501489,7.375018262456625,7.1759878874180405,47.29453848167624,47.37982216156706,voiding,1
14.999159097671509,47.37280613099999,45.550242360110055,7.389045326442388,7.180613026270897,47.578506860646215,47.66430260533582,voiding,1
15.03754997253418,45.743135001,45.73228813724929,7.404489855330272,7.1850416534211705,47.85662046670474,47.94291771859822,voiding,1
15.075065851211548,45.155738211,45.91606748317988,7.421957817681488,7.1892735159988375,47.865540080855375,47.951853417005985,voiding,1
15.076266050338745,46.46673212099999,46.10175304263308,7.441599317984017,7.193307892232045,48.135522967564015,48.222323149232636,voiding,1
15.112493991851807,45.43970801099999,46.2894159605569,7.463077869446093,7.197143570036328,48.416169848777024,48.503476105767405,voiding,1
15.150042057037354,48.04644560099999,46.479035222701384,7.485595508325548,7.200778849434734,48.42527114944415,48.51259381831712,voiding,1
15.151256084442139,46.07706245099999,46.670513899974026,7.507971574674922,7.204211568164527,48.70191597917347,48.789737506685505,voiding,1
15.18805193901062,45.526476560999996,46.86370107883837,7.528767371798034,7.207439148938254,48.98262381751489,49.070951530269376,voiding,1
15.225292921066284,47.614706330999994,47.05841928814441,7.546444013436087,7.210458666016599,48.992079677963,49.08042444195853,voiding,1
15.226544857025146,48.36722630099999,47.25449769617024,7.5595370571959615,7.213266928030572,49.266034960045396,49.354873732764375,voiding,1
15.26276707649231,47.651517231,47.45180121159084,7.566829361667523,7.21586057337295,49.54762355713167,49.636970103317644,voiding,1
15.299978971481323,47.52583430099999,47.65023548342894,7.5675032042721,7.21823617397752,49.826460900583,49.91631025904929,voiding,1
15.336840867996216,46.351566590999994,47.849717512971026,7.561254120445166,7.220390342936864,49.834854517850495,49.924719012072224,voiding,1
15.337951898574829,47.921288540999996,48.05012693785264,7.54835209394445,7.222319841195458,50.11394791849973,50.20431568673586,voiding,1
15.374971866607666,49.84860209099999,48.251265811603176,7.529640431693692,7.224021678517516,50.397537633014906,50.488416783224714,voiding,1
15.41269302368164,48.66697220099999,48.45283974658643,7.506468559291193,7.22549320408936,50.409541752865955,50.500442549454974,voiding,1
15.414294958114624,48.321475611,48.654450361071866,7.480561626070234,7.226732182491364,50.67809931491475,50.769484386811015,voiding,1
15.450259923934937,47.82347672099999,48.85558820399813,7.453836665342619,7.227736851372692,50.946837941617204,51.03870761532479,voiding,1
15.48637580871582,48.452943110999996,49.05563737395004,7.428181501062303,7.228505957977895,51.22560182337261,51.31797417689101,voiding,1
15.523961782455444,50.229857841,49.25391783239076,7.405217983890814,7.229038772686878,51.23416773807976,51.32655553804825,voiding,1
15.52512001991272,49.898033870999996,49.449777337918306,7.386074860855102,7.2293350788984805,51.50187283336871,51.594743371437296,voiding,1
15.561401128768921,49.29380924099999,49.64271505522511,7.371197104011404,7.2293951398551695,51.78248348223613,51.87586003029065,voiding,1
15.59949803352356,49.168126310999995,49.832502160640715,7.360217464950809,7.229219644297847,51.78956015613013,51.882949465167435,voiding,1
15.600460052490234,50.40549842099999,50.01927015986104,7.3519122105364305,7.228809634070645,52.05341329823404,52.14727839935288,voiding,1
15.636367797851562,51.61973225099999,50.20354829788952,7.344256510102782,7.228166417875844,52.328856130151465,52.42321792241181,voiding,1
15.67389702796936,50.305583121,50.38623421711899,7.334586144161804,7.227291476222526,52.61279954413751,52.70767335617863,voiding,1
15.712648868560791,49.655081931,50.56848733952333,7.319861729926198,7.226186363144075,52.62301040740567,52.717902632143534,voiding,1
15.714046001434326,50.568518121,50.751555904986084,7.297020402877883,7.2248526104247555,52.89076852243248,52.986143580878064,voiding,1
15.750824928283691,50.85616901099999,50.93657559723058,7.2633889382352805,7.223291639846019,53.161148484999494,53.25701110498847,voiding,1
15.788168907165527,51.046008081,51.124386327183586,7.217122815616881,7.2215046883429475,53.168242805293794,53.26411821808635,voiding,1
15.789155960083008,52.491624711,51.315398565330696,7.157628869240032,7.219492749987839,53.426735757716884,53.52307729685122,voiding,1
15.825452089309692,50.22880610099999,51.50951959702272,7.085925908113397,7.217256537461462,53.68909199466501,53.78590662659288,voiding,1
15.862689971923828,51.170639271,51.706140998660395,7.004898732304656,7.214796464230211,53.94994298892795,54.04722799932674,voiding,1
15.90015697479248,53.255713821,51.90419044400819,6.919406618587563,7.212112647136507,53.95978505755942,54.057087815627554,voiding,1
15.901587963104248,51.372573351,52.10224963755393,6.836217449807066,7.209204927655313,54.20450192559255,54.302245968335555,voiding,1
15.937575817108154,52.288113021,52.29873035264968,6.76375258489239,7.206072908793937,54.45903320768606,54.55723623290529,voiding,1
15.975353002548218,51.83428721099999,52.49209165531522,6.711644225562998,7.202716003621677,54.466698566302675,54.56491541404796,voiding,1
15.976496934890747,53.238885980999996,52.68107831612918,6.690124972898115,7.199133490790265,54.70894709993853,54.80760078134495,voiding,1
16.012655019760132,53.919887630999995,52.864955283874224,6.709286777527139,7.195324572190914,54.96336222572738,55.06247468015165,voiding,1
16.05038094520569,52.319665220999994,53.04370405375225,6.778261786709285,7.1912884280953655,55.21834542049586,55.31791767230601,voiding,1
16.08765196800232,52.907062010999994,53.218145922191795,6.90438900394887,7.187024265713332,55.22616925924313,55.32575561935798,voiding,1
16.088769912719727,54.19176242099999,53.38997079927874,7.0924368237446025,7.1825313579983865,55.48638574476409,55.586441339174606,voiding,1
16.12481999397278,53.366672390999994,53.561667203652576,7.343951471437625,7.17780907065245,55.76989861398346,55.87046545179669,voiding,1
16.162619829177856,53.90463740099999,53.736357926040334,7.656794837703948,7.1728568765010765,55.77932416094621,55.87990799533782,voiding,1
16.163821935653687,54.457326771,53.917550737148176,8.024922468153543,7.167674357619443,56.07717784955598,56.17829878737325,voiding,1
16.200005769729614,52.99172708099999,54.10882318690004,8.438434509703395,7.162261196669741,56.403046854063895,56.50475541380875,voiding,1
16.237629890441895,54.36792887099999,54.3134737915441,8.883910748536984,7.156617159770747,56.73607227416167,56.838381360610775,voiding,1
16.274168014526367,55.34446946099999,54.53417994087324,9.345017443170663,7.150742073792138,56.7484032216029,56.850734543781705,voiding,1
16.275455951690674,54.224892231,54.77269998805472,9.803350634031403,7.14463580121373,57.126190467948916,57.22920303340906,voiding,1
16.313153982162476,54.875393421,55.02964794982581,10.239460176926052,7.138298215611201,57.514319287087645,57.61803174422725,voiding,1
16.350342750549316,55.192493031,55.30436378435882,10.633982853043465,7.131729180454413,57.52755093577565,57.631287252830745,voiding,1
16.35156774520874,55.27820984099999,55.59490093481802,10.968803063145511,7.124928533289038,57.929885332449594,58.034347157332796,voiding,1
16.387819051742554,55.505911551,55.89814706912973,11.228156723595665,7.1178960765929356,58.35176742614861,58.45699000816331,voiding,1
16.425107955932617,55.770424160999994,56.21007882780671,11.399598254059901,7.110631575744188,58.365366158143814,58.47061326201544,voiding,1
16.426296949386597,56.99202017099999,56.52612880369286,11.4747614822126,7.103134763697511,58.7822044206106,58.88820318634602,voiding,1
16.462662935256958,57.630952221,56.841616808134596,11.449861760657543,7.095405351224497,59.207495054760486,59.3142607240638,voiding,1
16.500008821487427,57.70720337099999,57.152175772522746,11.325906982670032,7.087443041000425,59.63056681636826,59.73809538806678,voiding,1
16.53772497177124,57.738229700999995,57.45409877630189,11.108607591281295,7.079247543466546,59.64014222624572,59.74768806476229,voiding,1
16.538598775863647,57.21183383099999,57.7445558084532,10.807998111677978,7.070818592288072,60.016749189142914,60.1249741425996,voiding,1
16.57405114173889,57.66355616099999,58.02166846824812,10.437803323547179,7.062155957365497,60.40318576067967,60.51210755427737,voiding,1
16.61184000968933,58.92722177099999,58.284466832895674,10.014599328131819,7.053259453717087,60.41361703492551,60.522557638675124,voiding,1
16.612905979156494,58.138942641,58.53276905418486,9.556832250673851,7.044128945088058,60.74840126292854,60.85794556494544,voiding,1
16.648825883865356,58.668493731,58.767022518000736,9.083764416634823,7.0347643417959675,61.08186168095458,61.192007294083936,voiding,1
16.686508893966675,59.01504206099999,58.98813846684702,8.61441930751399,7.025165593020458,61.396840931485784,61.50755452963914,voiding,1
16.724048852920532,58.03850147099999,59.19734687456096,8.166592675922574,7.015332674414788,61.40604491340167,61.51677510859715,voiding,1
16.725204944610596,60.30763052099999,59.396090956370905,7.755988543189165,7.005265572486404,61.68185546960325,61.79308301903752,voiding,1
16.761611938476562,59.759148111,59.58596571764747,7.395526422148418,6.994964267606632,61.952499108187766,62.06421469463812,voiding,1
16.798966884613037,59.793329661,59.768685999960994,7.094851242738608,6.984428717723455,61.96064221103356,62.07237248150026,voiding,1
16.80013394355774,60.389140370999996,59.94605825883149,6.8600614594091045,6.973658844845895,62.2067904322617,62.31896456848497,voiding,1
16.836455821990967,59.414703261,60.119934945297146,6.693655024755974,6.962654526145322,62.457401834154254,62.570027884346075,voiding,1
16.87417483329773,60.891872090999996,60.29214603816831,6.594678534910812,6.951415591100912,62.70434414431762,62.817415492203594,voiding,1
16.91172194480896,60.214025660999994,60.46441705115587,6.559052882724925,6.939941825545989,62.710861526592346,62.823944626920806,voiding,1
16.9127140045166,59.418384351,60.63828975119832,6.580039904781592,6.9282329828055005,62.95044908676687,63.063964222367126,voiding,1
16.948935985565186,61.76113520099999,60.815060317092495,6.648809166348256,6.916288801418075,63.20394892805275,63.317921186187895,voiding,1
16.98676085472107,61.915215110999995,60.995739994444065,6.755062251747662,6.904109028276869,63.21019082416462,63.32417433797297,voiding,1
16.98767590522766,60.57056552099999,61.181029363915215,6.887673459342113,6.891693445465297,63.46389673375885,63.5783377416939,voiding,1
17.024120092391968,61.45350125099999,61.37129183617832,7.035310112793049,6.879041898660486,63.738748257830125,63.85368489063327,voiding,1
17.06277084350586,60.98284760099999,61.566523654772155,7.1870020622729465,6.866154324766965,64.00914742462884,64.12457165360533,voiding,1
17.100016832351685,61.23684281099999,61.76633538933215,7.332637511158309,6.853030776445534,64.01966862027284,64.13511182155163,voiding,1
17.101438999176025,63.143121561,61.969964034612566,7.463370191913915,6.839671441416782,64.29510762125265,64.41104750676483,voiding,1
17.138077974319458,62.515758651,62.176321317353064,7.571930326265957,6.826076654825088,64.57713926322727,64.6935877211253,voiding,1
17.175127029418945,61.277334800999995,62.38406787817112,7.652838090487544,6.812246903508939,64.58668899054857,64.70315466895268,voiding,1
17.176370859146118,62.816556291,62.59170107874108,7.702523037600483,6.798182821685569,64.86007290749897,64.97703156431474,voiding,1
17.211824893951416,62.547836720999996,62.79765437875057,7.719355936216899,6.783885178261479,65.15413398834029,65.27162290957753,voiding,1
17.2499577999115,63.787312310999994,63.00041143525614,7.703600874319898,6.769354856662208,65.44575379067668,65.56376857411007,voiding,1
17.28792691230774,62.82128912099999,63.19863058498448,7.6572955982172255,6.754592828673675,65.73097264604559,65.84950174919413,voiding,1
17.325353860855103,62.607260030999996,63.39126600997474,7.584067453754379,6.739600124251207,66.0124237625963,66.13146039130064,voiding,1
17.362699031829834,64.760697681,63.5776704679362,7.488891603851768,6.724377799540434,66.02184857484542,66.14090219880327,voiding,1
17.363966941833496,63.964004630999995,63.75766663169448,7.37779802222221,6.708926905442708,66.02382528323619,66.14288247168523,voiding,1
17.364237070083618,63.560662341,63.931574814699964,7.257534564257932,6.693248458939487,66.27224144470719,66.39174658856662,voiding,1
17.398756742477417,64.132283031,64.10019014218452,7.135195391987332,6.677343419076789,66.54665655584041,66.6666565376081,voiding,1
17.437535047531128,63.482833580999994,64.26471610023839,7.017827064932174,6.661212669030761,66.55348149097372,66.67349377977733,voiding,1
17.438514947891235,64.44254633099999,64.42667343262626,6.912028277827779,6.6448570050714295,66.79500111253519,66.91544892059225,voiding,1
17.473681926727295,65.890266441,64.58780074167703,6.82356286791045,6.628277132568652,67.05191887079852,67.17282996473504,voiding,1
17.511518001556396,64.436235891,64.74994837786721,6.7570085536110165,6.6114736685030016,67.30820495132095,67.42957819206667,voiding,1
17.549563884735107,64.412571741,64.91495685094013,6.715465160224859,6.594447149318996,67.31997092218106,67.44136537986482,voiding,1
17.551317930221558,65.226092631,65.08451722849202,6.7003452631699165,6.577198042448965,67.55619515930294,67.67801558736019,voiding,1
17.58654475212097,64.950010881,65.2600265281651,6.711266933718135,6.559726759496063,67.80865580714563,67.9309314838165,voiding,1
17.624064922332764,66.390368811,65.44245883088686,6.746062626228225,6.542033668934023,67.81600533103467,67.93829426070394,voiding,1
17.625149965286255,64.76385290099999,65.63226850315061,6.8009105427122645,6.524119106282731,68.32373715546711,68.4469416504379,voiding,1
17.69942593574524,65.554235511,65.82933612933594,6.870585670529591,6.505983380055514,68.33167598226356,68.45489479289077,voiding,1
17.70057487487793,66.255220221,66.0329668608423,6.94881793506148,6.487626772328134,68.58755764277157,68.71123787093926,voiding,1
17.73718810081482,65.87501621099999,66.24194839443349,7.028735474139882,6.469049533510943,68.85542977328086,68.97959304075422,voiding,1
17.775097846984863,67.57462805099999,66.45466519733304,7.103362868473862,6.450251871754746,69.12496736981696,69.24961667984067,voiding,1
17.812875986099243,65.618917521,66.66925228930174,7.166138110387194,6.431233938311915,69.13651930626379,69.26118944726888,voiding,1
17.814482927322388,66.959360151,66.88376618685162,7.21140884709719,6.411995811020843,69.41029843906065,69.53546227114872,voiding,1
17.852385997772217,67.62668918099999,67.09635358570897,7.234868435860817,6.392537478794036,69.66549114035756,69.79111514762329,voiding,1
17.88766098022461,67.040344131,67.30540163599527,7.23389574517446,6.372858830483243,69.93898660327719,70.06510379009937,voiding,1
17.92553687095642,67.92748682099999,67.50965279470884,7.207769263111013,6.352959651697472,69.9527859412665,70.07892801168754,voiding,1
17.92745804786682,68.710507251,67.70826792940785,7.157735459135523,6.332839633012459,70.20426031263587,70.33085585317158,voiding,1
17.96276593208313,66.326738541,67.90083078778385,7.086922749707749,6.3124983925123,70.46610923440231,70.59317695291756,voiding,1
17.9999418258667,68.018462331,68.08730468030652,7.000104897340786,6.291935514759274,70.47616976540229,70.60325562552825,voiding,1
18.001389026641846,68.17674920099999,68.26796814956423,6.903330165375536,6.271150607144827,70.72520713369585,70.8527420694208,voiding,1
18.037726879119873,69.298429911,68.4433565982029,6.803443972922855,6.250143373215859,70.97777564870381,71.10576602755341,voiding,1
18.075114011764526,68.786758401,68.61421968136162,6.707542141391093,6.228913701105855,71.22823101588942,71.35667302733863,voiding,1
18.11269187927246,67.350607431,68.78148722365113,6.622398262104256,6.207461763758861,71.23850992892238,71.36697047577879,voiding,1
18.1142520904541,69.10438388099999,68.9462346573006,6.553911655315244,6.185788126350461,71.47399040476814,71.60287558081362,voiding,1
18.150311946868896,70.685674971,69.10964439050753,6.506621539107056,6.163893855310696,71.71787034236185,71.84719529389085,voiding,1
18.18786096572876,68.96239898099999,69.27295629925163,6.483328398273874,6.141780622743547,71.72509446383134,71.85443244222735,voiding,1
18.1889750957489,69.028132731,69.43739369902798,6.484855456194127,6.119450799885038,71.95974811652202,72.08950923314168,voiding,1
18.22509002685547,69.766980081,69.6040586661777,6.509972195464426,6.096907533570582,72.20469218026983,72.33489499125409,voiding,1
18.262584924697876,68.68105853099999,69.77381145163316,6.55548885885424,6.074154800464989,72.45226648391221,72.58291573223023,voiding,1
18.30017590522766,70.73352914099999,69.9471619405677,6.616516774051182,6.05119743496988,72.46116648689058,72.59183178410196,voiding,1
18.30151391029358,71.05588745099999,70.12419464581185,6.686875275909419,6.028041128147148,72.70471013667081,72.83581460295613,voiding,1
18.337738037109375,69.37468106099999,70.30453284489289,6.759613083557898,6.004692396544602,72.95946166047165,73.09102550638313,voiding,1
18.375236749649048,69.815885991,70.48734045210806,6.827601332473903,5.981158521341136,72.9679499715961,73.09952912401934,voiding,1
18.376474857330322,70.97858456099999,70.67136651479095,6.884148061921708,5.957447459628248,73.21733852105893,73.34936738234717,voiding,1
18.41259789466858,70.89391949099999,70.85504164878924,6.923580625318057,5.933567730839201,73.47757054075689,73.61006866435272,voiding,1
18.450134992599487,72.020858901,71.0366249648747,6.941743762674775,5.909528282299873,73.99844506392026,74.13188245233447,voiding,1
18.52519917488098,69.81798947099999,71.21438300261929,6.936367137409753,5.885338338616608,74.00760747267984,74.14106138316954,voiding,1
18.526522874832153,71.51917892099999,71.3867761709183,6.907266763870449,5.861007240165524,74.00908743105423,74.14254401027272,voiding,1
18.526737928390503,72.539892591,71.55263321661963,6.856359244032268,5.836544276336418,74.25468972908412,74.38858918962545,voiding,1
18.562739849090576,71.459229741,71.71129682838946,6.787484931725763,5.811958519433234,74.26287405817688,74.39678827707561,voiding,1
18.563952922821045,71.981418651,71.86272087105787,6.706054475133759,5.787258665244601,74.5060479517263,74.64040067293759,voiding,1
18.60045289993286,72.035583261,72.00750309321461,6.618550787191282,5.762452886254057,74.75329613222522,74.88809470269005,voiding,1
18.6380558013916,71.534429151,72.14685067692947,6.531933399259609,5.737548703224847,74.76175709022601,74.8965709178782,voiding,1
18.63935899734497,72.439451421,72.28248940445229,6.4530025636297434,5.712552880423075,74.98580402061128,75.12102185995921,voiding,1
18.67425513267517,73.290834951,72.41653040611455,6.387785005839491,5.6874713489930615,75.23057716466847,75.36623639017078,voiding,1
18.712714910507202,71.798941761,72.55130288056189,6.341001162723977,5.662309161946136,75.46798561721444,75.60407294852178,voiding,1
18.750230073928833,73.166729631,72.6891567140217,6.315665149920908,5.637070482881448,75.47617971000814,75.61228181727924,voiding,1
18.751527786254883,73.420724841,72.83224307524046,6.312854483007112,5.611758608982931,75.94304804073347,76.07999202638096,voiding,1
18.82537293434143,71.80577807099999,72.98229213417437,6.331668354922683,5.586376027134218,75.95176612568801,76.08872583218594,voiding,1
18.826745748519897,72.44891708099999,73.14041851184918,6.369373186286458,5.560924500295907,75.95354406170897,76.09050697426264,voiding,1
18.82702374458313,74.275263591,73.30698976958821,6.4217145743547865,5.535405179737394,76.18328631673758,76.32066351105749,voiding,1
18.862628698349,73.356568701,73.48158389908909,6.483357935461983,5.509818737434614,76.42911801223889,76.56693850154167,voiding,1
18.900356769561768,73.891378491,73.66304056572139,6.548407940664387,5.484165512030899,76.67492196927716,76.81318570354354,voiding,1
18.93771481513977,72.54778064099999,73.84959363265699,6.6109505447814065,5.45844566126651,76.68254892140376,76.82082640893985,voiding,1
18.93886375427246,74.060708631,74.03906865135667,6.665561516804761,5.432659313727274,76.92365090034697,77.06236315402421,voiding,1
18.974920988082886,76.131058821,74.22912730025025,6.707731632128083,5.406806713118477,77.1789323787558,77.31810496769766,voiding,1
19.012903928756714,74.08700213099999,74.41752965552531,6.734170120609502,5.380888348980033,77.18895916606463,77.32814983576903,voiding,1
19.014391899108887,73.11572024099999,74.60237549536178,6.74296306847994,5.354905068743781,77.42946300925077,77.56908736651049,voiding,1
19.050084114074707,75.15872519099999,74.78229404078462,6.733580397171644,5.328858167204327,77.68117840994455,77.82125667195407,voiding,1
19.087540864944458,75.605188821,74.95656861287212,6.706741833075893,5.302749450741192,77.93319412476494,78.07372683306446,voiding,1
19.125236988067627,76.106342931,75.1251855564916,6.664167106124205,5.276581274911046,77.9415354570749,78.08208320684723,voiding,1
19.12649393081665,76.247801961,75.28878791013993,6.608246957996819,5.250356555257893,78.18019369201724,78.32117180125951,voiding,1
19.162791967391968,73.788307971,75.44852178074156,6.5416783525434825,5.224078752316594,78.41801951925478,78.55942648693126,voiding,1
19.199355840682983,73.74991946099999,75.60579932938228,6.467109055982319,5.197751832777729,78.42729458784392,78.56871828074927,voiding,1
19.200798988342285,76.439744511,75.76204043671824,6.386833545586412,5.171380209620043,78.66081692899166,78.80266172008783,voiding,1
19.23760485649109,78.260832321,75.9184569342048,6.302574578337448,5.144968664690691,78.89545324932102,79.03772114738632,voiding,1
19.275092840194702,75.972771951,76.07590535399191,6.2153736892693265,5.118522257720324,79.12817291528562,79.27086046412104,voiding,1
19.31280779838562,73.657366341,76.23479954039007,6.125600668254043,5.0920462261012505,79.14112210020082,79.2838329996001,voiding,1
19.314937829971313,75.201846531,76.39507927721951,6.03307810643746,5.065545879935655,79.35169308414716,79.49478369479779,voiding,1
19.350119829177856,78.43331768099999,76.55625168470785,5.937303832925192,5.039026496881284,79.57007994287186,79.71356435871755,voiding,1
19.387212991714478,79.279442511,76.71750877596635,5.837742768134891,5.012493221188064,79.57772914443457,79.72122735367118,voiding,1
19.388535022735596,76.16786972099999,76.877880400156,5.734151446946313,4.985950971034248,79.78572088554058,79.92959415501961,voiding,1
19.42514991760254,74.79692663099999,77.03636500757163,5.626893934276119,4.95940435783948,79.99645507539424,80.140708350425,voiding,1
19.46296977996826,76.525461321,77.1920198480782,5.517207427904156,4.932858196073757,80.20001950287684,80.34463985461515,voiding,1
19.500236988067627,77.73969515099999,77.34404088972221,5.407379514044581,4.9063168815550044,80.20746669280787,80.35210047366046,voiding,1
19.501627922058105,79.680681321,77.49186095596957,5.300806470347003,4.879784361285907,80.39765504541664,80.54263178262536,voiding,1
19.53784489631653,78.689416371,77.6352475948523,5.201912572480873,4.853264122930349,80.5924202149469,80.73774816163785,voiding,1
19.575598001480103,75.66724148099999,77.77435058994577,5.1159232021601415,4.826759203709446,80.61394716183166,80.75931392690008,voiding,1
19.57983374595642,76.624850751,77.90967218740786,5.048498662813027,4.800272217582242,80.7800652848619,80.92573160174504,voiding,1
19.612879753112793,79.384090641,78.04198427029587,5.005249872928932,4.773805398706538,80.96864287911853,81.11464924776452,voiding,1
19.650608777999878,78.872419131,78.1722394167255,4.991170380231613,4.747360658402326,81.16723721101786,81.31360169406719,voiding,1
19.690322875976562,77.909551161,78.3015014575248,5.010030302504109,4.720939652214267,81.16795774649576,81.31432352884768,voiding,1
19.690465927124023,77.41891445099999,78.43089346940644,5.063785821143277,4.694543853235375,81.34533015031295,81.49201577871463,voiding,1
19.72519087791443,78.058898241,78.56155846963146,5.1520618491837755,4.668174627645521,81.54260677769753,81.68964814435738,voiding,1
19.763041973114014,79.933624791,78.69463573128448,5.271764798069536,4.641833308455436,81.54908346181065,81.6961365075242,voiding,1
19.764253854751587,79.657543041,78.83124651423383,5.416876587890883,4.615521263731155,81.74656067593251,81.89396982161142,voiding,1
19.80017399787903,78.832453011,78.97246292245107,5.57847014117035,4.589239956088084,81.95936195540287,82.10715483410426,voiding,1
19.837759971618652,78.65839004099999,79.1192316384049,5.744970935255019,4.562990990951697,82.17953194860013,82.3277218479264,voiding,1
19.87556505203247,78.481171851,79.27225029638136,5.902669582223527,4.53677615193023,82.18514954053302,82.33334956975858,voiding,1
19.876506090164185,79.513454661,79.43182501455117,6.036468149961542,4.5105974225680745,82.40511520292961,82.55371188432139,voiding,1
19.912662982940674,80.77396505099999,79.59774552659566,6.130819772501857,4.484456994674398,82.64595018630206,82.79498115237634,voiding,1
19.951817989349365,79.17952721099999,79.76919821707877,6.170799124385584,4.458357264276833,83.0985208165656,83.24836787874735,voiding,1
20.025322914123535,79.724854401,79.94471966914746,6.143222872207744,4.4323008169686675,83.10473282478236,83.2545910887421,voiding,1
20.02634286880493,80.090334051,80.12219166321601,6.037726595585288,4.406290404945907,83.10655773177766,83.25641928649334,voiding,1
20.026649951934814,79.80794186099999,80.29888688379087,5.8476999727617,4.380328918332408,83.31339549026734,83.4636300243111,voiding,1
20.062877893447876,80.889656451,80.471575927528,5.570986811587778,4.354419353452523,83.51482127312406,83.66541902737333,voiding,1
20.10024380683899,79.98989288099999,80.63669493980828,5.210271537344702,4.328564780539484,83.69879093145111,83.84972042822191,voiding,1
20.137099027633667,81.846739851,80.79055678608066,4.773098761911845,4.302768312993859,83.70431132016672,83.85525077155553,voiding,1
20.138319730758667,81.251980881,80.92957608172156,4.2715061097489135,4.277033079777595,83.85251034231408,84.00371703297343,voiding,1
20.175402879714966,80.677204971,81.05047606388631,3.7212898807968653,4.251362201906659,83.98068073205914,84.13211854544093,voiding,1
20.21275806427002,80.52522854099999,81.15045656599355,3.1409645169114095,4.225758773356878,83.98378544403289,84.13522885597365,voiding,1
20.21384906768799,81.816239391,81.22732162067007,2.5505153127928426,4.20022584609147,84.06534361284551,84.2169340942151,voiding,1
20.249932050704956,80.69455868099999,81.27957795826383,1.9700737290982737,4.174766418416084,84.19349495642486,84.34531652617197,draining,1
20.325565814971924,82.46043014099999,81.3065135665058,1.4186599884781963,4.149383425516776,84.19503074801236,84.34685508716926,draining,1
20.32688307762146,80.61515231099999,81.30825648678234,0.9131325178044408,4.124079730869861,84.21973681669685,84.3716057069694,draining,1
20.36267375946045,80.769232221,81.285811203909,0.4674541273812635,4.098858117241762,84.23034087798933,84.38222888999132,draining,1
20.400559902191162,80.997985671,81.24107501341025,0.09233161633241456,4.07372127621313,84.23027149332762,84.382159380212,draining,1
20.401793956756592,81.749453901,81.17683852343475,-0.20478152520837486,4.0486717955359515,84.21902108747977,84.37088868711659,draining,1
20.437842845916748,81.69844451099999,81.09676385741045,-0.41939337226831946,4.023712144120636,84.20087832590669,84.35271320968413,draining,1
20.475292921066284,81.321395721,81.00531859771779,-0.5495105084658951,3.998844654994653,84.17937790703702,84.33117402027352,draining,1
20.51285982131958,80.027229651,80.90764107778416,-0.5951364400281373,3.9740715071121646,84.17846237335226,84.33025683565644,draining,1
20.514447927474976,80.41374410099999,80.80932954745074,-0.5578515786230758,3.9493947073612987,84.16040560535733,84.3121675068697,draining,1
20.550618886947632,81.56171831099999,80.71616883618974,-0.44056086374426057,3.9248160744548555,84.14756083549142,84.29929957472592,draining,1
20.587957859039307,81.52017458099999,80.63381473728414,-0.2474478920606151,3.9003372265558474,84.14743114562783,84.29916965099963,draining,1
20.589077949523926,80.122937991,80.56745056446594,0.015877558473302356,3.875959574453093,84.15389587169602,84.30564603455822,draining,1
20.62519598007202,79.491368121,80.52143224318313,0.34210021440565236,3.851684321855972,84.17389073222208,84.3256769507334,draining,1
20.66278076171875,80.697188031,80.49895598500831,0.7218868383326198,3.827512473935705,84.20895944313777,84.36080889915625,draining,1
20.700376987457275,80.722955661,80.50179830116741,1.143657387281787,3.8034448546380117,84.21078378949613,84.3626365352596,draining,1
20.701709985733032,80.940139971,80.53017343700431,1.5935499918149634,3.7794821325824555,84.34508732678665,84.49718225484538,draining,1
20.775316953659058,79.317305151,80.58273489395741,2.0556571708953637,3.7556248546133997,84.34723675922446,84.49933556323829,draining,1
20.77625799179077,78.957084201,80.6567333399736,2.5125582188128437,3.731873485349755,84.44679435993454,84.59907269077794,draining,1
20.812734842300415,81.57749441099999,80.74833126125006,2.946114847479387,3.7082284504673995,84.56210116921514,84.714587426583,draining,1
20.849430084228516,83.368081761,80.85304645012165,3.3384497566471665,3.6846901810031705,84.56553977384219,84.71803223185954,voiding,1
20.85041093826294,80.040902271,80.96625221293682,3.6730004823760196,3.661259155740905,84.70354740529551,84.85628872500051,voiding,1
20.886687994003296,80.80288790099999,81.08363556140276,3.935534920335343,3.63793593875615,84.85402767081668,85.00704034343487,voiding,1
20.924071788787842,81.533321331,81.20153205445185,4.115026366362839,3.6147212094614023,85.01155499054889,85.16485172365147,voiding,1
20.961941957473755,82.587690681,81.31709929100163,4.204309152774023,3.591615782988681,85.01508478011773,85.16838787829867,voiding,1
20.96278190612793,81.99924215099999,81.42832618959972,4.20046547553676,3.568620619429713,85.16556600292,85.31914045574034,voiding,1
20.999018907546997,80.233896561,81.53389946871187,4.104924976725233,3.5457368212671514,85.31853504394202,85.47238533754961,voiding,1
21.037126779556274,79.868416911,81.63297943857319,3.9232871986897613,3.5229656192024756,85.32179877743205,85.4756549563535,voiding,1
21.037986993789673,81.13944470099999,81.72496717012929,3.6649004023053013,3.5003083474425205,85.44764346652954,85.6017265743634,voiding,1
21.07390594482422,83.915512431,81.8093421167922,3.3422468262684912,3.4777664102743846,85.56721746812225,85.72151619727735,voiding,1
21.111791133880615,82.610828961,81.88560225332944,2.9701937116268797,3.4553412423747147,85.67184861543988,85.82633602027639,voiding,1
21.149595737457275,80.20287023099999,81.95328351300263,2.565171689333274,3.4330342657160067,85.67413526835524,85.8286267965891,voiding,1
21.150566816329956,81.321395721,82.01201676857492,2.144338484748061,3.4108468461206445,85.75039948821542,85.90502853958668,voiding,1
21.18998885154724,83.043619971,82.06159741873529,1.7247778325512888,3.388780252464533,85.8041477278708,85.95887370053175,voiding,1
21.225261926651,84.222094641,82.1020543299413,1.3227727139927448,3.3668356212591264,85.80545193777071,85.96018026224276,voiding,1
21.226408004760742,81.55225265099999,82.13369530374932,0.9531801880375648,3.3450139288742378,85.83316862155272,85.98794692601955,draining,1
21.26144576072693,80.097170361,82.15710538689983,0.6289236321240851,3.323315973050305,85.85221077493537,86.00702341708613,draining,1
21.299932956695557,81.82254983099999,82.17310387347673,0.360608231832773,3.3017423646433066,85.86179995245935,86.0166298862546,draining,1
21.337038040161133,83.340736521,82.18269709133497,0.15625774060891928,3.2802935298086395,85.86188908047218,86.01671917498716,draining,1
21.338042736053467,83.19927749099999,82.18705747039971,0.021165126377309045,3.2589697221207756,85.86151058622154,86.01633999821834,draining,1
21.374109983444214,82.218529941,82.18752402458256,-0.042153379045063756,3.2377710434967466,85.86007914176706,86.0149059725176,draining,1
21.411746978759766,79.663327611,82.18560064208772,-0.0339124409003043,3.2166974722861905,85.86008334852653,86.01491018686289,draining,1
21.412665843963623,81.78836828099999,82.18294370695702,0.04306886438039481,3.1957488965391105,85.86436300268427,86.01919755828919,draining,1
21.450433015823364,85.676125191,82.18134652577781,0.18356468782949242,3.1749251502803446,85.87717772566855,86.03203538936941,draining,1
21.495893955230713,82.519327581,82.18271314961481,0.3802038198757924,3.154226050608141,85.89209051124763,86.0469750663671,draining,1
21.525600910186768,80.646704511,82.18899016012872,0.6237890566167374,3.1336903934494518,85.89285655199615,86.04774248847541,draining,1
21.526603937149048,80.50209026099999,82.20203779997495,0.9036688828381133,3.1133187006144785,85.93081651915566,86.08577090678787,draining,1
21.562553882598877,83.26974407099999,82.22346787815076,1.2081544695773303,3.0931115088934864,85.9813998126785,86.13644541442447,draining,1
21.599568843841553,83.218734681,82.25450100476765,1.524972451249165,3.0730693805006886,85.98356827157298,86.13861778358343,draining,1
21.60085701942444,81.68372015099999,82.29587363870284,1.8417407876629248,3.0531929118595325,86.0545099748206,86.2096874121625,draining,1
21.636432886123657,82.535103681,82.34779078302354,2.146451761370977,3.033482741381128,86.1408560578656,86.29618919842277,voiding,1
21.674184799194336,81.59747747099999,82.40991168415582,2.427943336612383,3.0139395570330882,86.23797762987934,86.39348590450746,voiding,1
21.712239742279053,82.01028542099999,82.48136796147476,2.6763382174300316,2.994564104514183,86.24112449008625,86.39663843927696,voiding,1
21.713371753692627,84.438227211,82.5608180095704,2.8834294124265263,2.9753571967323835,86.34727308162977,86.50297844282686,voiding,1
21.749193906784058,84.12533456099999,82.6465297586896,3.0429922223977566,2.9563197250349753,86.46374842086547,86.61966381573379,voiding,1
21.786803007125854,79.086974091,82.7364758030347,3.151005409939311,2.9374526722774896,86.46678411372416,86.62270498269301,voiding,1
21.787758111953735,81.302464401,82.82844021578991,3.205768778755284,2.9187571273740978,86.58290014123423,86.73903039594694,voiding,1
21.82396697998047,85.41213845099999,82.92015778860382,3.207910181014733,2.90023430048765,86.70248183349142,86.85882772339353,voiding,1
21.861522912979126,85.727134581,83.00949245542505,3.1602816176797437,2.8818855375422507,86.82144363243614,86.97800403970761,voiding,1
21.89972496032715,82.584009591,83.09461449077368,3.0677510247059114,2.8637123323291336,86.82427466309018,86.98084017540592,voiding,1
21.900667905807495,79.793217501,83.1741174379373,2.93690293045173,2.845716334180721,86.92708665621163,87.08383756382652,voiding,1
21.936662912368774,83.24450231099999,83.24705981651904,2.775666836491777,2.827899349055589,87.02793575606569,87.18486851940061,voiding,1
21.974233150482178,84.686963721,83.31297108395675,2.5928964156043866,2.8102633319446655,87.03067967600205,87.1876173872992,voiding,1
21.975332736968994,84.46452071099999,83.37185857196124,2.397925078228822,2.7928103687965757,87.1140678131546,87.27115589376338,voiding,1
22.011603832244873,83.479566201,83.42420316166206,2.200123947768226,2.775542646667353,87.19378129127392,87.35101311488071,voiding,1
22.049484968185425,82.951066851,83.47090290455523,2.008486810072465,2.758462411504362,87.19553990487468,87.35277489969413,draining,1
22.050400972366333,83.130388521,83.51314684446893,1.831263351354405,2.741571913830747,87.32552903847036,87.48299843565455,draining,1
22.124533891677856,82.745977551,83.55224504519529,1.6756573204037242,2.7248733435392585,87.32757436017258,87.48504744557461,draining,1
22.125802993774414,84.552341001,83.58946253724896,1.5476006156667534,2.7083687559512155,87.38332635549013,87.54089997544592,draining,1
22.162980794906616,84.28256969099999,83.62589406469986,1.4516082465949212,2.6920599921576027,87.38499916473445,87.54257580117657,draining,1
22.16415786743164,82.618191141,83.66239345779316,1.390713205592091,2.6759485973457195,87.43471961626092,87.59238591090055,draining,1
22.200223922729492,81.252506751,83.69955982024256,1.3664750211689187,2.6600357412483295,87.48690244168799,87.64466283479061,draining,1
22.238236904144287,86.123640561,83.73778183919421,1.3790515586932348,2.644322144976766,87.4886792136461,87.64644281070537,draining,1
22.239503145217896,86.17990865099999,83.77732894389636,1.4273207745653471,2.6288080182892704,87.54121479902892,87.69907313066412,draining,1
22.275285959243774,82.71074426099999,83.81845098779544,1.5090377435117688,2.6134930108127974,87.59992025297083,87.75788444497178,draining,1
22.31279683113098,81.335594211,83.86144219166302,1.621012345349417,2.5983761799313223,87.66333872108902,87.82141727217895,draining,1
22.350319147109985,83.81927822099999,83.90666080031613,1.7592943581956484,2.5834559770634016,87.73238075633975,87.8905838071927,draining,1
22.387855768203735,85.840196631,83.95453313210312,1.919355090740774,2.568730252989115,87.73520794881885,87.89341609779488,draining,1
22.38926386833191,85.487337861,84.00556114129125,2.0962577517398264,2.5541962818741193,87.8122074527659,87.9705544507773,draining,1
22.42441487312317,82.459904271,84.06031429216576,2.2848121154971075,2.5398508027853057,87.8153546054089,87.97370727851022,draining,1
22.42573595046997,83.570015841,84.11937734078387,2.4797123093787876,2.525690076870796,87.91180370875229,88.07033030329822,voiding,1
22.46315288543701,84.095359971,84.1832587284522,2.6756593654174594,2.5117099580056714,88.0139497176899,88.17266050660179,voiding,1
22.50000786781311,84.98670962099999,84.25229620359798,2.8674722467607694,2.497905974548786,88.1287855665371,88.287703432716,voiding,1
22.538819074630737,84.023841651,84.3265934658303,3.05019217356067,2.484273419840883,88.13074740757557,88.28966881143616,voiding,1
22.53944492340088,84.784775541,84.40599866066319,3.219185133126053,2.4708074491101666,88.24901787544373,88.40815255003379,voiding,1
22.575341939926147,83.196122271,84.49012224665316,3.3702464863463497,2.457503180456172,88.37898314494176,88.53835217886372,voiding,1
22.61317777633667,83.884486101,84.57839270265114,3.4997097153820014,2.4443557975001995,88.38326081061334,88.54263755821813,voiding,1
22.614382028579712,86.33451443099999,84.67014560082399,3.6045588401376123,2.4313606511016497,88.51218309605977,88.67179232223981,voiding,1
22.649765729904175,86.701045821,84.76472265364721,3.682541187315008,2.418513357266662,88.64913863819564,88.80899482888763,voiding,1
22.68670678138733,84.283621431,84.86153777969271,3.7322743979059085,2.4058098880791743,88.79488068119142,88.95499968061652,voiding,1
22.725646018981934,82.25849606099999,84.96007831224337,3.7533391887335936,2.3932466522540454,88.79938034604383,88.95950745947088,voiding,1
22.72684597969055,84.14374001099999,85.05985456628541,3.7463477928509357,2.3808205618478557,88.93373806196506,89.09410745538476,voiding,1
22.76287007331848,87.672853581,85.16034524199198,3.712977474783646,2.368529081855443,89.07509930237158,89.23572360486034,voiding,1
22.801236867904663,87.91527965099999,85.26096774903343,3.65595922848898,2.3563702599236214,89.07649996338058,89.23712679160548,voiding,1
22.801624059677124,83.643637641,85.36105657137841,3.5790137674247866,2.3443427342294045,89.20470764001003,89.36556565819478,voiding,1
22.837913990020752,82.542991731,85.45982642516493,3.4867301133402275,2.3324457186420244,89.33332122512691,89.49441116522432,voiding,1
22.87534999847412,84.712205481,85.55634551901507,3.3843862492436267,2.3206789655149236,89.45986737501217,89.62118550892824,voiding,1
22.913339853286743,87.467238411,85.64958219437443,3.2777160677791315,2.309042707710884,89.46463788735872,89.62596462368136,voiding,1
22.91481900215149,87.566627841,85.73855580357274,3.1726317778647184,2.297537582626145,89.57531900430675,89.73684532589336,voiding,1
22.95025086402893,84.912561951,85.82254763566617,3.0749155472447907,2.2861645419420125,89.69115447532995,89.8528896767481,voiding,1
22.988450050354004,85.02141704099999,85.90128732419232,2.9898979824177854,2.2749247515207176,89.69193747511605,89.8536740884753,voiding,1
22.988714933395386,87.02340413099999,85.97505318259374,2.922143664437458,2.263819486238411,89.79728631807484,89.95921290129718,voiding,1
23.02505898475647,86.690528421,86.04467025671813,2.875165056713473,2.2528500246107788,89.90340999329776,90.06552794359624,voiding,1
23.062124013900757,85.63721081099999,86.11141549389204,2.8511855046090906,2.2420175478454065,90.01242895811657,90.17474349641012,voiding,1
23.100361824035645,85.793394201,86.17684930742514,2.850969740905462,2.2313230475012737,90.01613050268078,90.17845171576917,voiding,1
23.10165500640869,85.90435277099999,86.24260650088064,2.873736443404704,2.2207672453127665,90.12061592666859,90.28312555266339,voiding,1
23.137741088867188,85.674547581,86.31019266207865,2.91716225600311,2.2103505280073557,90.23149998132332,90.39420955852867,voiding,1
23.175363063812256,86.72786519099999,86.3808276603232,2.977480692254166,2.200072899168658,90.23623053729992,90.39894864486067,voiding,1
23.17693281173706,87.30579632099999,86.45535375579612,3.0496729696068416,2.189933949412799,90.3481597090341,90.51107965240844,voiding,1
23.213171005249023,86.65213991099999,86.53419764588563,3.127741569406329,2.1799328453840694,90.46658598483465,90.62971947989847,voiding,1
23.250571966171265,86.533819161,86.61736261977036,3.205051646616017,2.1700683373531215,90.47080123935413,90.63394233555813,voiding,1
23.251873016357422,85.976922831,86.70443697777674,3.2747207162398073,2.1603387845288466,90.58919161946567,90.7525462026304,voiding,1
23.287723064422607,85.758686781,86.79462684514077,3.330033614703425,2.1507421965838693,90.71034217395294,90.87391522135137,voiding,1
23.323915004730225,87.924745311,86.88683254880367,3.36485775931763,2.1412762893543698,90.84319908419013,91.0070117052596,voiding,1
23.36334490776062,87.71702666099999,86.97977426298996,3.374033286637023,2.131938552219041,90.8475523941536,91.01137286531116,voiding,1
23.364639043807983,86.55117287099999,87.07214541370874,3.353713726263221,2.1227263243001677,90.96654978918986,91.13058484190529,voiding,1
23.40039896965027,86.806219821,87.1627566663938,3.3016353682000306,2.1136368763712645,91.08955813661703,91.25381500362356,voiding,1
23.438137769699097,87.960504471,87.25064055864114,3.2172972564741595,2.104667495207653,91.09403965833714,91.25830460662907,voiding,1
23.439556121826172,87.278451081,87.33510318927276,3.102038590480604,2.095815567083747,91.2023075887597,91.36676777074705,voiding,1
23.475281953811646,88.495840131,87.41571943410777,2.9590060041742325,2.089941458940477,91.31043942452638,91.47509459479701,voiding,1
23.512879848480225,85.800756381,87.4922756409118,2.793009459449664,2.084120383650712,91.41254232026972,91.57738160716262,voiding,1
23.55067276954651,87.328408731,87.56467776487271,2.610272047383933,2.0783510648782424,91.41573546754972,91.58058051247218,voiding,1
23.551942825317383,88.503728181,87.63285655943753,2.4180855306420135,2.0726323941878806,91.4999149082986,91.66491174944761,voiding,1
23.588207721710205,87.716500791,87.69669929298706,2.22438965180682,2.0669634487945903,91.58409239428038,91.74924102813101,voiding,1
23.62771201133728,87.87373592099999,87.75602053104657,2.0372987256535016,2.0613435010190817,91.58467940473135,91.74982909710614,voiding,1
23.628012895584106,86.44494713099999,87.8105719052317,1.864603465430839,2.055772019308077,91.64698114418421,91.81224318191165,draining,1
23.66283893585205,88.542642561,87.86009202336218,1.7132790026031703,2.0502486610453845,91.70876742696713,91.87414088055212,draining,1
23.70025897026062,87.411496191,87.90439942132541,1.5890313110812715,2.044773257738666,91.76731645002302,91.93279548189042,draining,1
23.738216876983643,88.68252398099999,87.94351941235982,1.4959134664647102,2.039345793497553,91.76928387621705,91.93476645583756,draining,1
23.739558935165405,88.139300271,87.97781540549822,1.4360401861518428,2.0339663780029844,91.82009825434592,91.98567246478254,draining,1
23.775274991989136,88.451141181,88.0080835643037,1.4094238794732559,2.028635215388412,91.87322583521346,92.0388958477394,draining,1
23.81290912628174,87.471445371,88.03557574770012,1.4139481399001113,2.0233525705973743,91.87610517308252,92.04178037776249,draining,1
23.81492304801941,88.539487341,88.06193541360022,1.4454855860555162,2.0181187348400322,91.92826611757202,92.0940353812583,draining,1
23.85036277770996,87.658655091,88.08905309964648,1.4981567580005435,2.0129339917404625,91.98903206149801,92.15491090112003,draining,1
23.890041828155518,88.642557861,88.11886248986637,1.5647161305209052,2.007798585649892,92.0460301250801,92.2120117462233,draining,1
23.92564606666565,88.470598371,88.15310380291494,1.6370410740809627,2.002712693408043,92.04821846042559,92.21420402767541,draining,1
23.926954984664917,86.882996841,88.19308443130646,1.7066906901933099,1.9976764005801615,92.11030431869489,92.27640184201051,draining,1
23.962716817855835,88.611531531,88.2394717639564,1.7654947505162912,1.9926896829006395,92.17659384513702,92.3428109047656,draining,1
23.999836921691895,87.75488930099999,88.29215526052613,1.8061292263403947,1.9877523933376424,92.17873123458509,92.34495214845231,draining,1
24.001014947891235,88.851328251,88.35020534689129,1.8226346318178321,1.9828642548801019,92.24605430394242,92.41239661785455,draining,1
24.038072109222412,88.925475921,88.41193614280857,1.8108368451615482,1.978024858861093,92.3145219293706,92.48098770724364,draining,1
24.076327800750732,87.368374851,88.47506013333187,1.7686370941603227,1.9732336683891771,92.38220672864847,92.54879455885441,draining,1
24.115397930145264,88.368053721,88.53691617437472,1.6961479130452277,1.9684900262764726,92.38247514023018,92.54906345444819,draining,1
24.11556100845337,88.41275267099999,88.59475281061215,1.595664282355038,1.9637931667375934,92.43570519710025,92.602389498197,draining,1
24.15027093887329,90.18756392099999,88.64604255441904,1.4714727718589966,1.9591422300893575,92.48849404768073,92.65527354005283,draining,1
24.18796396255493,88.665170271,88.68878659850533,1.3295150728064358,1.9545362797026369,92.48997306846577,92.65675522787595,draining,1
24.189144134521484,87.998892981,88.72175997629162,1.1769345412548655,1.9499743205342734,92.52977737627367,92.69663131263641,draining,1
24.22535490989685,87.894244851,88.74465924499373,1.0215440825953441,1.9454553186828805,92.56539236545031,92.73231052439422,draining,1
24.26298689842224,90.660846921,88.75813780711431,0.8712599159285431,1.940978221548669,92.56637454067722,92.73329447072452,draining,1
24.26421093940735,90.574078371,88.76372581007477,0.7335478296558433,1.9365419783137823,92.59107451919267,92.75803898937355,draining,1
24.30084490776062,86.97239474099999,88.76363471542558,0.6149262574136763,1.932145560576446,92.61203855387663,92.77904082736589,draining,1
24.337769985198975,87.083353311,88.76046750401505,0.5205640997268657,1.9277879830527616,92.63034959977708,92.79738489258374,draining,1
24.37534785270691,87.134362701,88.75689621823155,0.45400136206182806,1.923468324292107,92.6309070762373,92.79794337431107,draining,1
24.376627922058105,90.604578831,88.7553864650122,0.4170084151880098,1.91918574732987,92.64691571938107,92.81398088497403,draining,1
24.415361881256104,91.257183501,88.7580087785158,0.4095863081622416,1.9149395201256179,92.66260900083543,92.82970246527293,draining,1
24.452740907669067,89.92410305099999,88.76630919106927,0.43009749103438444,1.9107290355140165,92.66275355421098,92.82984727931375,draining,1
24.453060150146484,86.078415741,88.78118713594189,0.475504900691374,1.9065538302447265,92.68042061765411,92.84754620081557,draining,1
24.487797021865845,85.23754961099999,88.80277881589427,0.5416887940002767,1.9024136025265395,92.70175715410245,92.86892121228456,draining,1
24.524410724639893,89.510243361,88.83041512545995,0.6238058067520341,1.8983082273441263,92.72759732377591,92.89480797813655,draining,1
24.562964916229248,91.833011151,88.86272929226021,0.7166538739324818,1.894237768708099,92.7284949290259,92.89570720198948,draining,1
24.56413698196411,91.886124021,88.89791215135433,0.8150097918202264,1.890202487954146,92.75975920143732,92.92702785157014,draining,1
24.600303173065186,84.278362731,88.93403132153985,0.913912799118245,1.8862028472438397,92.79606606950128,92.963400189843,draining,1
24.638067960739136,86.65897622099999,88.96932836224939,1.0088766722495885,1.8822395075503169,92.79721429601075,92.96455048688715,draining,1
24.639158964157104,91.287158091,89.00246599735377,1.096023258516994,1.8783133206391331,92.83831435370314,93.0057246580877,draining,1
24.675399780273438,93.331214781,89.032721446465,1.1721407673955397,1.8744253148706431,92.88628228775148,93.0537790901137,draining,1
24.715259790420532,90.30798815099999,89.06008100176685,1.2346791943317397,1.870576675037005,92.93351620811067,93.1010981848434,draining,1
24.752800941467285,85.83020510099999,89.08516750485528,1.2817018457898004,1.8667687168767213,92.93388845039729,93.10147109837436,draining,1
24.753087997436523,85.06611599099999,89.10900074445547,1.3118152833536594,1.8630028573473667,92.97974809959489,93.14741344379372,draining,1
24.7878839969635,88.32388064099999,89.13269988809057,1.3240997540652848,1.859280582143667,93.02921694177321,93.19697149045604,draining,1
24.825329780578613,93.12980657099999,89.1572651475311,1.318058449207429,1.8556034122836889,93.03090032271152,93.19865790694402,draining,1
24.826618909835815,92.59815200099999,89.18348262154615,1.2935973314559945,1.8519728718146986,93.07680177017775,93.24464212600456,draining,1
24.862695932388306,88.790327331,89.21187712837533,1.2510387952891384,1.8483904587838171,93.16884614705455,93.33685248152129,draining,1
24.938074111938477,85.58514968099999,89.24261850229561,1.1911633758453355,1.8448576215591892,93.17010650754946,93.33811511475602,draining,1
24.939167022705078,86.18727083099999,89.27538260697018,1.115265535686815,1.8413757423700245,93.17029685975136,93.33830581020975,draining,1
24.939344882965088,90.34427318099999,89.30926872852991,1.0252036380501672,1.8379461295673558,93.20512101938257,93.37319276636202,draining,1
24.97508716583252,92.74592147099999,89.3428682113169,0.9234217343343168,1.8345700196135248,93.23749234375818,93.40562246419373,draining,1
25.01237392425537,91.07418074099999,89.37447303938363,0.8129225200250876,1.8312485892206718,93.23825039906879,93.40638188646443,draining,1
25.013377904891968,86.529086331,89.40231900412877,0.6971769440191457,1.8279829774186602,93.26254556670001,93.43072086425568,draining,1
25.051424026489258,88.506883401,89.42476261617011,0.5799659873097075,1.8247743166878279,93.28274157719873,93.45095329312636,draining,1
25.0900719165802,90.701338911,89.44036563633856,0.465162761049041,1.8216237716892836,93.29738768906618,93.46562581553415,draining,1
25.125722885131836,90.772331361,89.4479145529031,0.3564761712140731,1.818532583609821,93.29774029361994,93.4659790559206,draining,1
25.126872062683105,89.43399221099999,89.44639798547463,0.25718801560607873,1.8155021177475836,93.30550166399124,93.47375442195074,draining,1
25.16321587562561,87.78538976099999,89.43494782846527,0.16992019032603614,1.8125339117265464,93.31049787087635,93.47875963822516,draining,1
25.200726985931396,89.121625431,89.41276331192243,0.0964652535804278,1.8096297216591173,93.31058420655158,93.47884612958484,draining,1
25.202013969421387,89.898335421,89.37906394517262,0.03770224103619804,1.8067915636807041,93.31115348172635,93.4794164313027,draining,1
25.23838210105896,89.308835151,89.33311809782738,-0.006395976505250884,1.804021748549728,93.31035088753738,93.4786123898391,draining,1
25.27565288543701,88.403812881,89.27436516767563,-0.03667229814298375,1.801322907421903,93.3086235227422,93.47688191018052,draining,1
25.313490867614746,88.636773291,89.20261745535646,-0.05463092130859741,1.7986980074403653,93.30855455710453,93.47681282018085,draining,1
25.3146710395813,89.790006201,89.11830628047818,-0.06224295745229913,1.7961503563984276,93.30625875846556,93.47451288165254,draining,1
25.35170602798462,90.42367955099999,89.02271636028652,-0.06173702677081835,1.7936835963906572,93.30410501543747,93.47235525489629,draining,1
25.388479948043823,90.143390841,88.91813180677794,-0.055397237110811424,1.791301687030838,93.3040576909046,93.47230784502565,draining,1
25.389419078826904,87.885830931,88.80781731411136,-0.04538645292723158,1.7890088794438292,93.30261380573751,93.47086135617863,draining,1
25.425976037979126,88.714076181,88.69579639580567,-0.03360727087131114,1.7868096827976576,93.30261380573751,93.47086135617863,draining,1
